task_id,job_id,stage,arm,config_id,config,pop_size,ls_time_limit_s,deadline_mode,solver_seed,budget_s,pilot_idx,pop_idx,instance,instance_sha256,batch,cell_id,gen_seed,m,oracle_cost,rc2_solve_s,rc2_tier,analysis_group,cls,note,status,stop_reason,wall_time_s,cpu_time_s,cpu_wall_ratio,time_to_target_s,success_ttt_s,overshoot_s,best_cost,abs_gap,ea_generations,children,total_flips,mean_flips_per_call,mean_wall_per_child_s,host,python
1,m2f_p40ls0p5clip_001_s1,full,p40_ls0p5_clip,memetic_deeppolish_p40_ls0p5_clip,configs/tier2/memetic_deeppolish_p40_ls0p5_clip.yaml,40,0.5,clip,1,900,,1,data/generated/calib_a/wksat_v100_k2_sr4.00_hr0.00_w1_uniform_s3.wcnf,1bf6431e65d0ee4118808652c665277d8a2a9ba66fb1c9706fb8f000be3356f8,calib_a,max2sat_n100_a4,3,400,31,173.651,T2a,tier2,success,,ok,target,0.508,0.506,0.996,0.503,0.503,,31,0,1,1,6069,6069.0,0.508,ise-cpu-intl-18.auth.ad.bgu.ac.il,3.11.15
2,m2f_p40ls3p5_001_s1,full,p40_ls3p5,memetic_deeppolish_p40_ls3p5,configs/tier2/memetic_deeppolish_p40_ls3p5.yaml,40,3.5,clip,1,900,,1,data/generated/calib_a/wksat_v100_k2_sr4.00_hr0.00_w1_uniform_s3.wcnf,1bf6431e65d0ee4118808652c665277d8a2a9ba66fb1c9706fb8f000be3356f8,calib_a,max2sat_n100_a4,3,400,31,173.651,T2a,tier2,success,,ok,target,1.51,1.498,0.992,1.503,1.503,,31,0,1,1,12500,12500.0,1.51,ise-cpu-intl-24.auth.ad.bgu.ac.il,3.11.15
3,m2f_p40ls0p5clip_001_s2,full,p40_ls0p5_clip,memetic_deeppolish_p40_ls0p5_clip,configs/tier2/memetic_deeppolish_p40_ls0p5_clip.yaml,40,0.5,clip,2,900,,1,data/generated/calib_a/wksat_v100_k2_sr4.00_hr0.00_w1_uniform_s3.wcnf,1bf6431e65d0ee4118808652c665277d8a2a9ba66fb1c9706fb8f000be3356f8,calib_a,max2sat_n100_a4,3,400,31,173.651,T2a,tier2,success,,ok,target,2.018,2.004,0.993,2.011,2.011,,31,0,1,4,16541,4135.2,0.5045,ise-cpu-intl-24.auth.ad.bgu.ac.il,3.11.15
4,m2f_p40ls3p5_001_s2,full,p40_ls3p5,memetic_deeppolish_p40_ls3p5,configs/tier2/memetic_deeppolish_p40_ls3p5.yaml,40,3.5,clip,2,900,,1,data/generated/calib_a/wksat_v100_k2_sr4.00_hr0.00_w1_uniform_s3.wcnf,1bf6431e65d0ee4118808652c665277d8a2a9ba66fb1c9706fb8f000be3356f8,calib_a,max2sat_n100_a4,3,400,31,173.651,T2a,tier2,success,,ok,target,3.316,3.299,0.995,3.31,3.31,,31,0,1,3,37500,12500.0,1.1053,ise-cpu-intl-26.auth.ad.bgu.ac.il,3.11.15
5,m2f_p40ls0p5clip_001_s3,full,p40_ls0p5_clip,memetic_deeppolish_p40_ls0p5_clip,configs/tier2/memetic_deeppolish_p40_ls0p5_clip.yaml,40,0.5,clip,3,900,,1,data/generated/calib_a/wksat_v100_k2_sr4.00_hr0.00_w1_uniform_s3.wcnf,1bf6431e65d0ee4118808652c665277d8a2a9ba66fb1c9706fb8f000be3356f8,calib_a,max2sat_n100_a4,3,400,31,173.651,T2a,tier2,success,,ok,target,2.016,2.001,0.993,2.011,2.011,,31,0,1,4,21004,5251.0,0.504,ise-cpu-intl-27.auth.ad.bgu.ac.il,3.11.15
6,m2f_p40ls3p5_001_s3,full,p40_ls3p5,memetic_deeppolish_p40_ls3p5,configs/tier2/memetic_deeppolish_p40_ls3p5.yaml,40,3.5,clip,3,900,,1,data/generated/calib_a/wksat_v100_k2_sr4.00_hr0.00_w1_uniform_s3.wcnf,1bf6431e65d0ee4118808652c665277d8a2a9ba66fb1c9706fb8f000be3356f8,calib_a,max2sat_n100_a4,3,400,31,173.651,T2a,tier2,success,,ok,target,1.109,1.103,0.995,1.104,1.104,,31,0,1,1,12500,12500.0,1.109,ise-cpu-intl-27.auth.ad.bgu.ac.il,3.11.15
7,m2f_p40ls0p5clip_002_s1,full,p40_ls0p5_clip,memetic_deeppolish_p40_ls0p5_clip,configs/tier2/memetic_deeppolish_p40_ls0p5_clip.yaml,40,0.5,clip,1,900,,2,data/generated/calib_a/wksat_v100_k2_sr6.00_hr0.00_w1_uniform_s1.wcnf,0a3b3189ef31359aa5511242ce45b618affcd83ae9a830936abff29afd6f2da3,calib_a,max2sat_n100_a6,1,600,50,752.749,T3,upper_ext,success,,ok,target,0.512,0.509,0.994,0.504,0.504,,50,0,1,1,3796,3796.0,0.512,ise-cpu-intl-27.auth.ad.bgu.ac.il,3.11.15
8,m2f_p40ls3p5_002_s1,full,p40_ls3p5,memetic_deeppolish_p40_ls3p5,configs/tier2/memetic_deeppolish_p40_ls3p5.yaml,40,3.5,clip,1,900,,2,data/generated/calib_a/wksat_v100_k2_sr6.00_hr0.00_w1_uniform_s1.wcnf,0a3b3189ef31359aa5511242ce45b618affcd83ae9a830936abff29afd6f2da3,calib_a,max2sat_n100_a6,1,600,50,752.749,T3,upper_ext,success,,ok,target,1.71,1.7,0.994,1.702,1.702,,50,0,1,1,12500,12500.0,1.71,ise-cpu-intl-28.auth.ad.bgu.ac.il,3.11.15
9,m2f_p40ls0p5clip_002_s2,full,p40_ls0p5_clip,memetic_deeppolish_p40_ls0p5_clip,configs/tier2/memetic_deeppolish_p40_ls0p5_clip.yaml,40,0.5,clip,2,900,,2,data/generated/calib_a/wksat_v100_k2_sr6.00_hr0.00_w1_uniform_s1.wcnf,0a3b3189ef31359aa5511242ce45b618affcd83ae9a830936abff29afd6f2da3,calib_a,max2sat_n100_a6,1,600,50,752.749,T3,upper_ext,success,,ok,target,2.016,2.006,0.995,2.008,2.008,,50,0,1,4,15412,3853.0,0.504,ise-cpu-intl-28.auth.ad.bgu.ac.il,3.11.15
10,m2f_p40ls3p5_002_s2,full,p40_ls3p5,memetic_deeppolish_p40_ls3p5,configs/tier2/memetic_deeppolish_p40_ls3p5.yaml,40,3.5,clip,2,900,,2,data/generated/calib_a/wksat_v100_k2_sr6.00_hr0.00_w1_uniform_s1.wcnf,0a3b3189ef31359aa5511242ce45b618affcd83ae9a830936abff29afd6f2da3,calib_a,max2sat_n100_a6,1,600,50,752.749,T3,upper_ext,success,,ok,target,6.325,6.295,0.995,6.318,6.318,,50,0,1,4,50000,12500.0,1.5813,ise-cpu-intl-28.auth.ad.bgu.ac.il,3.11.15
11,m2f_p40ls0p5clip_002_s3,full,p40_ls0p5_clip,memetic_deeppolish_p40_ls0p5_clip,configs/tier2/memetic_deeppolish_p40_ls0p5_clip.yaml,40,0.5,clip,3,900,,2,data/generated/calib_a/wksat_v100_k2_sr6.00_hr0.00_w1_uniform_s1.wcnf,0a3b3189ef31359aa5511242ce45b618affcd83ae9a830936abff29afd6f2da3,calib_a,max2sat_n100_a6,1,600,50,752.749,T3,upper_ext,success,,ok,target,15.568,15.505,0.996,15.561,15.561,,50,0,1,31,117753,3798.5,0.5022,ise-cpu-intl-20.auth.ad.bgu.ac.il,3.11.15
12,m2f_p40ls3p5_002_s3,full,p40_ls3p5,memetic_deeppolish_p40_ls3p5,configs/tier2/memetic_deeppolish_p40_ls3p5.yaml,40,3.5,clip,3,900,,2,data/generated/calib_a/wksat_v100_k2_sr6.00_hr0.00_w1_uniform_s1.wcnf,0a3b3189ef31359aa5511242ce45b618affcd83ae9a830936abff29afd6f2da3,calib_a,max2sat_n100_a6,1,600,50,752.749,T3,upper_ext,success,,ok,target,11.759,11.716,0.996,11.75,11.75,,50,0,1,7,87500,12500.0,1.6799,ise-cpu-intl-20.auth.ad.bgu.ac.il,3.11.15
13,m2f_p40ls0p5clip_003_s1,full,p40_ls0p5_clip,memetic_deeppolish_p40_ls0p5_clip,configs/tier2/memetic_deeppolish_p40_ls0p5_clip.yaml,40,0.5,clip,1,900,,3,data/generated/calib_a/wksat_v100_k3_sr5.00_hr0.00_w1_uniform_s2.wcnf,80fed4b8e5bf2b9cb4bae3bda9b6781d8cbf39cfd10c34c5e9b82725abfc4b06,calib_a,max3sat_n100_a5,2,500,4,93.01,T2a,tier2,success,,ok,target,2.015,2.005,0.995,2.009,2.009,,4,0,1,4,19215,4803.8,0.5038,ise-cpu-intl-14.auth.ad.bgu.ac.il,3.11.15
14,m2f_p40ls3p5_003_s1,full,p40_ls3p5,memetic_deeppolish_p40_ls3p5,configs/tier2/memetic_deeppolish_p40_ls3p5.yaml,40,3.5,clip,1,900,,3,data/generated/calib_a/wksat_v100_k3_sr5.00_hr0.00_w1_uniform_s2.wcnf,80fed4b8e5bf2b9cb4bae3bda9b6781d8cbf39cfd10c34c5e9b82725abfc4b06,calib_a,max3sat_n100_a5,2,500,4,93.01,T2a,tier2,success,,ok,target,3.034,2.987,0.985,3.027,3.027,,4,0,1,2,25000,12500.0,1.517,ise-cpu-intl-11.auth.ad.bgu.ac.il,3.11.15
15,m2f_p40ls0p5clip_003_s2,full,p40_ls0p5_clip,memetic_deeppolish_p40_ls0p5_clip,configs/tier2/memetic_deeppolish_p40_ls0p5_clip.yaml,40,0.5,clip,2,900,,3,data/generated/calib_a/wksat_v100_k3_sr5.00_hr0.00_w1_uniform_s2.wcnf,80fed4b8e5bf2b9cb4bae3bda9b6781d8cbf39cfd10c34c5e9b82725abfc4b06,calib_a,max3sat_n100_a5,2,500,4,93.01,T2a,tier2,success,,ok,target,2.016,1.993,0.989,2.009,2.009,,4,0,1,4,16911,4227.8,0.504,ise-cpu-intl-11.auth.ad.bgu.ac.il,3.11.15
16,m2f_p40ls3p5_003_s2,full,p40_ls3p5,memetic_deeppolish_p40_ls3p5,configs/tier2/memetic_deeppolish_p40_ls3p5.yaml,40,3.5,clip,2,900,,3,data/generated/calib_a/wksat_v100_k3_sr5.00_hr0.00_w1_uniform_s2.wcnf,80fed4b8e5bf2b9cb4bae3bda9b6781d8cbf39cfd10c34c5e9b82725abfc4b06,calib_a,max3sat_n100_a5,2,500,4,93.01,T2a,tier2,success,,ok,target,5.428,5.401,0.995,5.422,5.422,,4,0,1,4,50000,12500.0,1.357,ise-cpu-intl-11.auth.ad.bgu.ac.il,3.11.15
17,m2f_p40ls0p5clip_003_s3,full,p40_ls0p5_clip,memetic_deeppolish_p40_ls0p5_clip,configs/tier2/memetic_deeppolish_p40_ls0p5_clip.yaml,40,0.5,clip,3,900,,3,data/generated/calib_a/wksat_v100_k3_sr5.00_hr0.00_w1_uniform_s2.wcnf,80fed4b8e5bf2b9cb4bae3bda9b6781d8cbf39cfd10c34c5e9b82725abfc4b06,calib_a,max3sat_n100_a5,2,500,4,93.01,T2a,tier2,success,,ok,target,0.51,0.506,0.992,0.503,0.503,,4,0,1,1,4083,4083.0,0.51,ise-cpu-intl-11.auth.ad.bgu.ac.il,3.11.15
18,m2f_p40ls3p5_003_s3,full,p40_ls3p5,memetic_deeppolish_p40_ls3p5,configs/tier2/memetic_deeppolish_p40_ls3p5.yaml,40,3.5,clip,3,900,,3,data/generated/calib_a/wksat_v100_k3_sr5.00_hr0.00_w1_uniform_s2.wcnf,80fed4b8e5bf2b9cb4bae3bda9b6781d8cbf39cfd10c34c5e9b82725abfc4b06,calib_a,max3sat_n100_a5,2,500,4,93.01,T2a,tier2,success,,ok,target,1.492,1.485,0.995,1.484,1.484,,4,0,1,1,12500,12500.0,1.492,ise-cpu-intl-11.auth.ad.bgu.ac.il,3.11.15
19,m2f_p40ls0p5clip_004_s1,full,p40_ls0p5_clip,memetic_deeppolish_p40_ls0p5_clip,configs/tier2/memetic_deeppolish_p40_ls0p5_clip.yaml,40,0.5,clip,1,900,,4,data/generated/calib_a/wksat_v150_k2_sr3.00_hr0.00_w1_uniform_s3.wcnf,896f8138027145c639c73e12b215c4e874a6b25d93e256c98f86f912ea9c021c,calib_a,max2sat_n150_a3,3,450,23,65.08,T2a,tier2,success,,ok,target,1.01,1.005,0.995,1.005,1.005,,23,0,1,2,9505,4752.5,0.505,ise-cpu-intl-11.auth.ad.bgu.ac.il,3.11.15
20,m2f_p40ls3p5_004_s1,full,p40_ls3p5,memetic_deeppolish_p40_ls3p5,configs/tier2/memetic_deeppolish_p40_ls3p5.yaml,40,3.5,clip,1,900,,4,data/generated/calib_a/wksat_v150_k2_sr3.00_hr0.00_w1_uniform_s3.wcnf,896f8138027145c639c73e12b215c4e874a6b25d93e256c98f86f912ea9c021c,calib_a,max2sat_n150_a3,3,450,23,65.08,T2a,tier2,success,,ok,target,1.216,1.209,0.994,1.21,1.21,,23,0,1,1,12500,12500.0,1.216,ise-cpu-intl-11.auth.ad.bgu.ac.il,3.11.15
21,m2f_p40ls0p5clip_004_s2,full,p40_ls0p5_clip,memetic_deeppolish_p40_ls0p5_clip,configs/tier2/memetic_deeppolish_p40_ls0p5_clip.yaml,40,0.5,clip,2,900,,4,data/generated/calib_a/wksat_v150_k2_sr3.00_hr0.00_w1_uniform_s3.wcnf,896f8138027145c639c73e12b215c4e874a6b25d93e256c98f86f912ea9c021c,calib_a,max2sat_n150_a3,3,450,23,65.08,T2a,tier2,success,,ok,target,3.018,3.002,0.995,3.012,3.012,,23,0,1,6,30423,5070.5,0.503,ise-cpu-intl-11.auth.ad.bgu.ac.il,3.11.15
22,m2f_p40ls3p5_004_s2,full,p40_ls3p5,memetic_deeppolish_p40_ls3p5,configs/tier2/memetic_deeppolish_p40_ls3p5.yaml,40,3.5,clip,2,900,,4,data/generated/calib_a/wksat_v150_k2_sr3.00_hr0.00_w1_uniform_s3.wcnf,896f8138027145c639c73e12b215c4e874a6b25d93e256c98f86f912ea9c021c,calib_a,max2sat_n150_a3,3,450,23,65.08,T2a,tier2,success,,ok,target,1.27,1.264,0.995,1.263,1.263,,23,0,1,1,12500,12500.0,1.27,ise-cpu-intl-12.auth.ad.bgu.ac.il,3.11.15
23,m2f_p40ls0p5clip_004_s3,full,p40_ls0p5_clip,memetic_deeppolish_p40_ls0p5_clip,configs/tier2/memetic_deeppolish_p40_ls0p5_clip.yaml,40,0.5,clip,3,900,,4,data/generated/calib_a/wksat_v150_k2_sr3.00_hr0.00_w1_uniform_s3.wcnf,896f8138027145c639c73e12b215c4e874a6b25d93e256c98f86f912ea9c021c,calib_a,max2sat_n150_a3,3,450,23,65.08,T2a,tier2,success,,ok,target,1.011,1.007,0.996,1.005,1.005,,23,0,1,2,10159,5079.5,0.5055,ise-cpu-intl-12.auth.ad.bgu.ac.il,3.11.15
24,m2f_p40ls3p5_004_s3,full,p40_ls3p5,memetic_deeppolish_p40_ls3p5,configs/tier2/memetic_deeppolish_p40_ls3p5.yaml,40,3.5,clip,3,900,,4,data/generated/calib_a/wksat_v150_k2_sr3.00_hr0.00_w1_uniform_s3.wcnf,896f8138027145c639c73e12b215c4e874a6b25d93e256c98f86f912ea9c021c,calib_a,max2sat_n150_a3,3,450,23,65.08,T2a,tier2,success,,ok,target,2.45,2.438,0.995,2.443,2.443,,23,0,1,2,25000,12500.0,1.225,ise-cpu-intl-12.auth.ad.bgu.ac.il,3.11.15
25,m2f_p40ls0p5clip_005_s1,full,p40_ls0p5_clip,memetic_deeppolish_p40_ls0p5_clip,configs/tier2/memetic_deeppolish_p40_ls0p5_clip.yaml,40,0.5,clip,1,900,,5,data/generated/calib_a/wksat_v150_k2_sr3.00_hr0.00_w1_uniform_s4.wcnf,cac83f71adf8e1f3641733007c1c8bf7bb35bccb74fa388859adbb1769b5e4a1,calib_a,max2sat_n150_a3,4,450,24,36.352,T1,lower_ext,success,,ok,target,0.51,0.507,0.994,0.504,0.504,,24,0,1,1,5081,5081.0,0.51,ise-cpu-intl-12.auth.ad.bgu.ac.il,3.11.15
26,m2f_p40ls3p5_005_s1,full,p40_ls3p5,memetic_deeppolish_p40_ls3p5,configs/tier2/memetic_deeppolish_p40_ls3p5.yaml,40,3.5,clip,1,900,,5,data/generated/calib_a/wksat_v150_k2_sr3.00_hr0.00_w1_uniform_s4.wcnf,cac83f71adf8e1f3641733007c1c8bf7bb35bccb74fa388859adbb1769b5e4a1,calib_a,max2sat_n150_a3,4,450,24,36.352,T1,lower_ext,success,,ok,target,1.258,1.251,0.994,1.251,1.251,,24,0,1,1,12500,12500.0,1.258,ise-cpu-intl-12.auth.ad.bgu.ac.il,3.11.15
27,m2f_p40ls0p5clip_005_s2,full,p40_ls0p5_clip,memetic_deeppolish_p40_ls0p5_clip,configs/tier2/memetic_deeppolish_p40_ls0p5_clip.yaml,40,0.5,clip,2,900,,5,data/generated/calib_a/wksat_v150_k2_sr3.00_hr0.00_w1_uniform_s4.wcnf,cac83f71adf8e1f3641733007c1c8bf7bb35bccb74fa388859adbb1769b5e4a1,calib_a,max2sat_n150_a3,4,450,24,36.352,T1,lower_ext,success,,ok,target,0.51,0.508,0.996,0.504,0.504,,24,0,1,1,5017,5017.0,0.51,ise-cpu-intl-12.auth.ad.bgu.ac.il,3.11.15
28,m2f_p40ls3p5_005_s2,full,p40_ls3p5,memetic_deeppolish_p40_ls3p5,configs/tier2/memetic_deeppolish_p40_ls3p5.yaml,40,3.5,clip,2,900,,5,data/generated/calib_a/wksat_v150_k2_sr3.00_hr0.00_w1_uniform_s4.wcnf,cac83f71adf8e1f3641733007c1c8bf7bb35bccb74fa388859adbb1769b5e4a1,calib_a,max2sat_n150_a3,4,450,24,36.352,T1,lower_ext,success,,ok,target,1.179,1.172,0.994,1.174,1.174,,24,0,1,1,12500,12500.0,1.179,ise-cpu-intl-12.auth.ad.bgu.ac.il,3.11.15
29,m2f_p40ls0p5clip_005_s3,full,p40_ls0p5_clip,memetic_deeppolish_p40_ls0p5_clip,configs/tier2/memetic_deeppolish_p40_ls0p5_clip.yaml,40,0.5,clip,3,900,,5,data/generated/calib_a/wksat_v150_k2_sr3.00_hr0.00_w1_uniform_s4.wcnf,cac83f71adf8e1f3641733007c1c8bf7bb35bccb74fa388859adbb1769b5e4a1,calib_a,max2sat_n150_a3,4,450,24,36.352,T1,lower_ext,success,,ok,target,0.509,0.506,0.994,0.504,0.504,,24,0,1,1,5508,5508.0,0.509,ise-cpu-intl-12.auth.ad.bgu.ac.il,3.11.15
30,m2f_p40ls3p5_005_s3,full,p40_ls3p5,memetic_deeppolish_p40_ls3p5,configs/tier2/memetic_deeppolish_p40_ls3p5.yaml,40,3.5,clip,3,900,,5,data/generated/calib_a/wksat_v150_k2_sr3.00_hr0.00_w1_uniform_s4.wcnf,cac83f71adf8e1f3641733007c1c8bf7bb35bccb74fa388859adbb1769b5e4a1,calib_a,max2sat_n150_a3,4,450,24,36.352,T1,lower_ext,success,,ok,target,1.124,1.117,0.994,1.117,1.117,,24,0,1,1,12500,12500.0,1.124,ise-cpu-intl-12.auth.ad.bgu.ac.il,3.11.15
31,m2f_p40ls0p5clip_006_s1,full,p40_ls0p5_clip,memetic_deeppolish_p40_ls0p5_clip,configs/tier2/memetic_deeppolish_p40_ls0p5_clip.yaml,40,0.5,clip,1,900,,6,data/generated/calib_a/wksat_v150_k3_sr5.00_hr0.00_w1_uniform_s3.wcnf,1bd61c544756086435e145f38cad51c8ca28898ff76478a941a19128c331dabb,calib_a,max3sat_n150_a5,3,750,3,772.234,T3,upper_ext,success,,ok,target,1.519,1.502,0.989,1.509,1.509,,3,0,1,3,9425,3141.7,0.5063,ise-cpu-intl-18.auth.ad.bgu.ac.il,3.11.15
32,m2f_p40ls3p5_006_s1,full,p40_ls3p5,memetic_deeppolish_p40_ls3p5,configs/tier2/memetic_deeppolish_p40_ls3p5.yaml,40,3.5,clip,1,900,,6,data/generated/calib_a/wksat_v150_k3_sr5.00_hr0.00_w1_uniform_s3.wcnf,1bd61c544756086435e145f38cad51c8ca28898ff76478a941a19128c331dabb,calib_a,max3sat_n150_a5,3,750,3,772.234,T3,upper_ext,success,,ok,target,8.346,8.292,0.994,8.333,8.333,,3,0,1,3,37500,12500.0,2.782,ise-cpu-intl-24.auth.ad.bgu.ac.il,3.11.15
33,m2f_p40ls0p5clip_006_s2,full,p40_ls0p5_clip,memetic_deeppolish_p40_ls0p5_clip,configs/tier2/memetic_deeppolish_p40_ls0p5_clip.yaml,40,0.5,clip,2,900,,6,data/generated/calib_a/wksat_v150_k3_sr5.00_hr0.00_w1_uniform_s3.wcnf,1bd61c544756086435e145f38cad51c8ca28898ff76478a941a19128c331dabb,calib_a,max3sat_n150_a5,3,750,3,772.234,T3,upper_ext,success,,ok,target,4.043,4.014,0.993,4.029,4.029,,3,0,1,8,17958,2244.8,0.5054,ise-cpu-intl-24.auth.ad.bgu.ac.il,3.11.15
34,m2f_p40ls3p5_006_s2,full,p40_ls3p5,memetic_deeppolish_p40_ls3p5,configs/tier2/memetic_deeppolish_p40_ls3p5.yaml,40,3.5,clip,2,900,,6,data/generated/calib_a/wksat_v150_k3_sr5.00_hr0.00_w1_uniform_s3.wcnf,1bd61c544756086435e145f38cad51c8ca28898ff76478a941a19128c331dabb,calib_a,max3sat_n150_a5,3,750,3,772.234,T3,upper_ext,success,,ok,target,14.905,14.826,0.995,14.895,14.895,,3,0,1,7,87500,12500.0,2.1293,ise-cpu-intl-26.auth.ad.bgu.ac.il,3.11.15
35,m2f_p40ls0p5clip_006_s3,full,p40_ls0p5_clip,memetic_deeppolish_p40_ls0p5_clip,configs/tier2/memetic_deeppolish_p40_ls0p5_clip.yaml,40,0.5,clip,3,900,,6,data/generated/calib_a/wksat_v150_k3_sr5.00_hr0.00_w1_uniform_s3.wcnf,1bd61c544756086435e145f38cad51c8ca28898ff76478a941a19128c331dabb,calib_a,max3sat_n150_a5,3,750,3,772.234,T3,upper_ext,success,,ok,target,4.535,4.51,0.994,4.525,4.525,,3,0,1,9,27173,3019.2,0.5039,ise-cpu-intl-27.auth.ad.bgu.ac.il,3.11.15
36,m2f_p40ls3p5_006_s3,full,p40_ls3p5,memetic_deeppolish_p40_ls3p5,configs/tier2/memetic_deeppolish_p40_ls3p5.yaml,40,3.5,clip,3,900,,6,data/generated/calib_a/wksat_v150_k3_sr5.00_hr0.00_w1_uniform_s3.wcnf,1bd61c544756086435e145f38cad51c8ca28898ff76478a941a19128c331dabb,calib_a,max3sat_n150_a5,3,750,3,772.234,T3,upper_ext,success,,ok,target,2.102,2.089,0.994,2.092,2.092,,3,0,1,1,12500,12500.0,2.102,ise-cpu-intl-27.auth.ad.bgu.ac.il,3.11.15
37,m2f_p40ls0p5clip_007_s1,full,p40_ls0p5_clip,memetic_deeppolish_p40_ls0p5_clip,configs/tier2/memetic_deeppolish_p40_ls0p5_clip.yaml,40,0.5,clip,1,900,,7,data/generated/calib_a/wksat_v250_k3_sr4.26_hr0.00_w1_uniform_s1.wcnf,3747e40649ca8e3b7150045ad1f5295d385b05011a7a3be6c355ff93bf662bd9,calib_a,max3sat_n250_a4.26,1,1065,1,50.766,T1,lower_ext,success,,ok,target,56.431,56.09,0.994,56.416,56.416,,1,0,3,112,237327,2119.0,0.5038,ise-cpu-intl-27.auth.ad.bgu.ac.il,3.11.15
38,m2f_p40ls3p5_007_s1,full,p40_ls3p5,memetic_deeppolish_p40_ls3p5,configs/tier2/memetic_deeppolish_p40_ls3p5.yaml,40,3.5,clip,1,900,,7,data/generated/calib_a/wksat_v250_k3_sr4.26_hr0.00_w1_uniform_s1.wcnf,3747e40649ca8e3b7150045ad1f5295d385b05011a7a3be6c355ff93bf662bd9,calib_a,max3sat_n250_a4.26,1,1065,1,50.766,T1,lower_ext,success,,ok,target,252.629,251.247,0.995,252.615,252.615,,1,0,3,87,1087500,12500.0,2.9038,ise-cpu-intl-28.auth.ad.bgu.ac.il,3.11.15
39,m2f_p40ls0p5clip_007_s2,full,p40_ls0p5_clip,memetic_deeppolish_p40_ls0p5_clip,configs/tier2/memetic_deeppolish_p40_ls0p5_clip.yaml,40,0.5,clip,2,900,,7,data/generated/calib_a/wksat_v250_k3_sr4.26_hr0.00_w1_uniform_s1.wcnf,3747e40649ca8e3b7150045ad1f5295d385b05011a7a3be6c355ff93bf662bd9,calib_a,max3sat_n250_a4.26,1,1065,1,50.766,T1,lower_ext,success,,ok,target,56.423,56.144,0.995,56.408,56.408,,1,0,3,112,238674,2131.0,0.5038,ise-cpu-intl-28.auth.ad.bgu.ac.il,3.11.15
40,m2f_p40ls3p5_007_s2,full,p40_ls3p5,memetic_deeppolish_p40_ls3p5,configs/tier2/memetic_deeppolish_p40_ls3p5.yaml,40,3.5,clip,2,900,,7,data/generated/calib_a/wksat_v250_k3_sr4.26_hr0.00_w1_uniform_s1.wcnf,3747e40649ca8e3b7150045ad1f5295d385b05011a7a3be6c355ff93bf662bd9,calib_a,max3sat_n250_a4.26,1,1065,1,50.766,T1,lower_ext,success,,ok,target,134.839,134.194,0.995,134.825,134.825,,1,0,2,47,587500,12500.0,2.8689,ise-cpu-intl-28.auth.ad.bgu.ac.il,3.11.15
41,m2f_p40ls0p5clip_007_s3,full,p40_ls0p5_clip,memetic_deeppolish_p40_ls0p5_clip,configs/tier2/memetic_deeppolish_p40_ls0p5_clip.yaml,40,0.5,clip,3,900,,7,data/generated/calib_a/wksat_v250_k3_sr4.26_hr0.00_w1_uniform_s1.wcnf,3747e40649ca8e3b7150045ad1f5295d385b05011a7a3be6c355ff93bf662bd9,calib_a,max3sat_n250_a4.26,1,1065,1,50.766,T1,lower_ext,success,,ok,target,31.748,31.592,0.995,31.734,31.734,,1,0,2,63,134743,2138.8,0.5039,ise-cpu-intl-28.auth.ad.bgu.ac.il,3.11.15
42,m2f_p40ls3p5_007_s3,full,p40_ls3p5,memetic_deeppolish_p40_ls3p5,configs/tier2/memetic_deeppolish_p40_ls3p5.yaml,40,3.5,clip,3,900,,7,data/generated/calib_a/wksat_v250_k3_sr4.26_hr0.00_w1_uniform_s1.wcnf,3747e40649ca8e3b7150045ad1f5295d385b05011a7a3be6c355ff93bf662bd9,calib_a,max3sat_n250_a4.26,1,1065,1,50.766,T1,lower_ext,success,,ok,target,232.568,231.607,0.996,232.552,232.552,,1,0,3,83,1037500,12500.0,2.802,ise-cpu-intl-20.auth.ad.bgu.ac.il,3.11.15
43,m2f_p40ls0p5clip_008_s1,full,p40_ls0p5_clip,memetic_deeppolish_p40_ls0p5_clip,configs/tier2/memetic_deeppolish_p40_ls0p5_clip.yaml,40,0.5,clip,1,900,,8,data/generated/calib_a/wksat_v250_k3_sr4.26_hr0.00_w1_uniform_s2.wcnf,a467213a83ad3e50c481e229ce1d133789b3d94a6110592f3080f72af3f16e11,calib_a,max3sat_n250_a4.26,2,1065,1,281.412,T2a,tier2,success,,ok,target,11.595,11.539,0.995,11.581,11.581,,1,0,1,23,53080,2307.8,0.5041,ise-cpu-intl-14.auth.ad.bgu.ac.il,3.11.15
44,m2f_p40ls3p5_008_s1,full,p40_ls3p5,memetic_deeppolish_p40_ls3p5,configs/tier2/memetic_deeppolish_p40_ls3p5.yaml,40,3.5,clip,1,900,,8,data/generated/calib_a/wksat_v250_k3_sr4.26_hr0.00_w1_uniform_s2.wcnf,a467213a83ad3e50c481e229ce1d133789b3d94a6110592f3080f72af3f16e11,calib_a,max3sat_n250_a4.26,2,1065,1,281.412,T2a,tier2,success,,ok,target,58.232,57.941,0.995,58.218,58.218,,1,0,1,20,250000,12500.0,2.9116,ise-cpu-intl-11.auth.ad.bgu.ac.il,3.11.15
45,m2f_p40ls0p5clip_008_s2,full,p40_ls0p5_clip,memetic_deeppolish_p40_ls0p5_clip,configs/tier2/memetic_deeppolish_p40_ls0p5_clip.yaml,40,0.5,clip,2,900,,8,data/generated/calib_a/wksat_v250_k3_sr4.26_hr0.00_w1_uniform_s2.wcnf,a467213a83ad3e50c481e229ce1d133789b3d94a6110592f3080f72af3f16e11,calib_a,max3sat_n250_a4.26,2,1065,1,281.412,T2a,tier2,success,,ok,target,14.119,14.053,0.995,14.103,14.103,,1,0,1,28,59267,2116.7,0.5042,ise-cpu-intl-11.auth.ad.bgu.ac.il,3.11.15
46,m2f_p40ls3p5_008_s2,full,p40_ls3p5,memetic_deeppolish_p40_ls3p5,configs/tier2/memetic_deeppolish_p40_ls3p5.yaml,40,3.5,clip,2,900,,8,data/generated/calib_a/wksat_v250_k3_sr4.26_hr0.00_w1_uniform_s2.wcnf,a467213a83ad3e50c481e229ce1d133789b3d94a6110592f3080f72af3f16e11,calib_a,max3sat_n250_a4.26,2,1065,1,281.412,T2a,tier2,success,,ok,target,49.644,49.411,0.995,49.629,49.629,,1,0,1,17,212500,12500.0,2.9202,ise-cpu-intl-11.auth.ad.bgu.ac.il,3.11.15
47,m2f_p40ls0p5clip_008_s3,full,p40_ls0p5_clip,memetic_deeppolish_p40_ls0p5_clip,configs/tier2/memetic_deeppolish_p40_ls0p5_clip.yaml,40,0.5,clip,3,900,,8,data/generated/calib_a/wksat_v250_k3_sr4.26_hr0.00_w1_uniform_s2.wcnf,a467213a83ad3e50c481e229ce1d133789b3d94a6110592f3080f72af3f16e11,calib_a,max3sat_n250_a4.26,2,1065,1,281.412,T2a,tier2,success,,ok,target,26.205,26.08,0.995,26.191,26.191,,1,0,2,52,111604,2146.2,0.5039,ise-cpu-intl-11.auth.ad.bgu.ac.il,3.11.15
48,m2f_p40ls3p5_008_s3,full,p40_ls3p5,memetic_deeppolish_p40_ls3p5,configs/tier2/memetic_deeppolish_p40_ls3p5.yaml,40,3.5,clip,3,900,,8,data/generated/calib_a/wksat_v250_k3_sr4.26_hr0.00_w1_uniform_s2.wcnf,a467213a83ad3e50c481e229ce1d133789b3d94a6110592f3080f72af3f16e11,calib_a,max3sat_n250_a4.26,2,1065,1,281.412,T2a,tier2,success,,ok,target,91.576,91.149,0.995,91.56,91.56,,1,0,1,32,400000,12500.0,2.8617,ise-cpu-intl-11.auth.ad.bgu.ac.il,3.11.15
49,m2f_p40ls0p5clip_009_s1,full,p40_ls0p5_clip,memetic_deeppolish_p40_ls0p5_clip,configs/tier2/memetic_deeppolish_p40_ls0p5_clip.yaml,40,0.5,clip,1,900,,9,data/generated/calib_a/wksat_v250_k3_sr4.26_hr0.00_w1_uniform_s4.wcnf,be4183b0bd4dbeab650cc5a709ddacfd03be88ce4f27182aa31521b4ca2b366a,calib_a,max3sat_n250_a4.26,4,1065,1,387.757,T2b,tier2,budget_exhausted,,ok,time_cap,900.017,895.72,0.995,,,0.017,2,1,48,1789,3997169,2234.3,0.5031,ise-cpu-intl-11.auth.ad.bgu.ac.il,3.11.15
50,m2f_p40ls3p5_009_s1,full,p40_ls3p5,memetic_deeppolish_p40_ls3p5,configs/tier2/memetic_deeppolish_p40_ls3p5.yaml,40,3.5,clip,1,900,,9,data/generated/calib_a/wksat_v250_k3_sr4.26_hr0.00_w1_uniform_s4.wcnf,be4183b0bd4dbeab650cc5a709ddacfd03be88ce4f27182aa31521b4ca2b366a,calib_a,max3sat_n250_a4.26,4,1065,1,387.757,T2b,tier2,success,,ok,target,170.657,169.754,0.995,170.643,170.643,,1,0,2,58,725000,12500.0,2.9424,ise-cpu-intl-11.auth.ad.bgu.ac.il,3.11.15
51,m2f_p40ls0p5clip_009_s2,full,p40_ls0p5_clip,memetic_deeppolish_p40_ls0p5_clip,configs/tier2/memetic_deeppolish_p40_ls0p5_clip.yaml,40,0.5,clip,2,900,,9,data/generated/calib_a/wksat_v250_k3_sr4.26_hr0.00_w1_uniform_s4.wcnf,be4183b0bd4dbeab650cc5a709ddacfd03be88ce4f27182aa31521b4ca2b366a,calib_a,max3sat_n250_a4.26,4,1065,1,387.757,T2b,tier2,budget_exhausted,,ok,time_cap,900.017,895.851,0.995,,,0.017,2,1,48,1789,3918172,2190.1,0.5031,ise-cpu-intl-11.auth.ad.bgu.ac.il,3.11.15
52,m2f_p40ls3p5_009_s2,full,p40_ls3p5,memetic_deeppolish_p40_ls3p5,configs/tier2/memetic_deeppolish_p40_ls3p5.yaml,40,3.5,clip,2,900,,9,data/generated/calib_a/wksat_v250_k3_sr4.26_hr0.00_w1_uniform_s4.wcnf,be4183b0bd4dbeab650cc5a709ddacfd03be88ce4f27182aa31521b4ca2b366a,calib_a,max3sat_n250_a4.26,4,1065,1,387.757,T2b,tier2,success,,ok,target,35.521,35.356,0.995,35.506,35.506,,1,0,1,12,150000,12500.0,2.9601,ise-cpu-intl-12.auth.ad.bgu.ac.il,3.11.15
53,m2f_p40ls0p5clip_009_s3,full,p40_ls0p5_clip,memetic_deeppolish_p40_ls0p5_clip,configs/tier2/memetic_deeppolish_p40_ls0p5_clip.yaml,40,0.5,clip,3,900,,9,data/generated/calib_a/wksat_v250_k3_sr4.26_hr0.00_w1_uniform_s4.wcnf,be4183b0bd4dbeab650cc5a709ddacfd03be88ce4f27182aa31521b4ca2b366a,calib_a,max3sat_n250_a4.26,4,1065,1,387.757,T2b,tier2,success,,ok,target,30.735,30.584,0.995,30.72,30.72,,1,0,2,61,130468,2138.8,0.5039,ise-cpu-intl-12.auth.ad.bgu.ac.il,3.11.15
54,m2f_p40ls3p5_009_s3,full,p40_ls3p5,memetic_deeppolish_p40_ls3p5,configs/tier2/memetic_deeppolish_p40_ls3p5.yaml,40,3.5,clip,3,900,,9,data/generated/calib_a/wksat_v250_k3_sr4.26_hr0.00_w1_uniform_s4.wcnf,be4183b0bd4dbeab650cc5a709ddacfd03be88ce4f27182aa31521b4ca2b366a,calib_a,max3sat_n250_a4.26,4,1065,1,387.757,T2b,tier2,success,,ok,target,184.379,183.477,0.995,184.365,184.365,,1,0,2,63,787500,12500.0,2.9267,ise-cpu-intl-12.auth.ad.bgu.ac.il,3.11.15
55,m2f_p40ls0p5clip_010_s1,full,p40_ls0p5_clip,memetic_deeppolish_p40_ls0p5_clip,configs/tier2/memetic_deeppolish_p40_ls0p5_clip.yaml,40,0.5,clip,1,900,,10,data/generated/calib_a/wksat_v400_k2_sr2.00_hr0.00_w1_uniform_s1.wcnf,abb88ca9401ae98316aa7135c98d60f671c4cf91531bebb51152705438c4a229,calib_a,max2sat_n400_a2,1,800,18,42.963,T1,lower_ext,success,,ok,target,2.527,2.515,0.995,2.515,2.515,,18,0,1,5,14260,2852.0,0.5054,ise-cpu-intl-12.auth.ad.bgu.ac.il,3.11.15
56,m2f_p40ls3p5_010_s1,full,p40_ls3p5,memetic_deeppolish_p40_ls3p5,configs/tier2/memetic_deeppolish_p40_ls3p5.yaml,40,3.5,clip,1,900,,10,data/generated/calib_a/wksat_v400_k2_sr2.00_hr0.00_w1_uniform_s1.wcnf,abb88ca9401ae98316aa7135c98d60f671c4cf91531bebb51152705438c4a229,calib_a,max2sat_n400_a2,1,800,18,42.963,T1,lower_ext,success,,ok,target,2.262,2.251,0.995,2.25,2.25,,18,0,1,1,12500,12500.0,2.262,ise-cpu-intl-12.auth.ad.bgu.ac.il,3.11.15
57,m2f_p40ls0p5clip_010_s2,full,p40_ls0p5_clip,memetic_deeppolish_p40_ls0p5_clip,configs/tier2/memetic_deeppolish_p40_ls0p5_clip.yaml,40,0.5,clip,2,900,,10,data/generated/calib_a/wksat_v400_k2_sr2.00_hr0.00_w1_uniform_s1.wcnf,abb88ca9401ae98316aa7135c98d60f671c4cf91531bebb51152705438c4a229,calib_a,max2sat_n400_a2,1,800,18,42.963,T1,lower_ext,success,,ok,target,0.515,0.512,0.994,0.504,0.504,,18,0,1,1,2795,2795.0,0.515,ise-cpu-intl-12.auth.ad.bgu.ac.il,3.11.15
58,m2f_p40ls3p5_010_s2,full,p40_ls3p5,memetic_deeppolish_p40_ls3p5,configs/tier2/memetic_deeppolish_p40_ls3p5.yaml,40,3.5,clip,2,900,,10,data/generated/calib_a/wksat_v400_k2_sr2.00_hr0.00_w1_uniform_s1.wcnf,abb88ca9401ae98316aa7135c98d60f671c4cf91531bebb51152705438c4a229,calib_a,max2sat_n400_a2,1,800,18,42.963,T1,lower_ext,success,,ok,target,2.109,2.098,0.995,2.096,2.096,,18,0,1,1,12500,12500.0,2.109,ise-cpu-intl-12.auth.ad.bgu.ac.il,3.11.15
59,m2f_p40ls0p5clip_010_s3,full,p40_ls0p5_clip,memetic_deeppolish_p40_ls0p5_clip,configs/tier2/memetic_deeppolish_p40_ls0p5_clip.yaml,40,0.5,clip,3,900,,10,data/generated/calib_a/wksat_v400_k2_sr2.00_hr0.00_w1_uniform_s1.wcnf,abb88ca9401ae98316aa7135c98d60f671c4cf91531bebb51152705438c4a229,calib_a,max2sat_n400_a2,1,800,18,42.963,T1,lower_ext,success,,ok,target,3.03,3.015,0.995,3.017,3.017,,18,0,1,6,18245,3040.8,0.505,ise-cpu-intl-12.auth.ad.bgu.ac.il,3.11.15
60,m2f_p40ls3p5_010_s3,full,p40_ls3p5,memetic_deeppolish_p40_ls3p5,configs/tier2/memetic_deeppolish_p40_ls3p5.yaml,40,3.5,clip,3,900,,10,data/generated/calib_a/wksat_v400_k2_sr2.00_hr0.00_w1_uniform_s1.wcnf,abb88ca9401ae98316aa7135c98d60f671c4cf91531bebb51152705438c4a229,calib_a,max2sat_n400_a2,1,800,18,42.963,T1,lower_ext,success,,ok,target,4.143,4.127,0.996,4.131,4.131,,18,0,1,2,25000,12500.0,2.0715,ise-cpu-intl-18.auth.ad.bgu.ac.il,3.11.15
61,m2f_p40ls0p5clip_011_s1,full,p40_ls0p5_clip,memetic_deeppolish_p40_ls0p5_clip,configs/tier2/memetic_deeppolish_p40_ls0p5_clip.yaml,40,0.5,clip,1,900,,11,data/generated/calib_a/wksat_v50_k3_sr8.00_hr0.00_w1_uniform_s1.wcnf,6c42f48dd5be35d928c1a529c6941dcf3cabeff4b5391eed718aff57a0d3f4a3,calib_a,max3sat_n50_a8,1,400,10,65.659,T2a,tier2,success,,ok,target,0.511,0.507,0.992,0.504,0.504,,10,0,1,1,3826,3826.0,0.511,ise-cpu-intl-24.auth.ad.bgu.ac.il,3.11.15
62,m2f_p40ls3p5_011_s1,full,p40_ls3p5,memetic_deeppolish_p40_ls3p5,configs/tier2/memetic_deeppolish_p40_ls3p5.yaml,40,3.5,clip,1,900,,11,data/generated/calib_a/wksat_v50_k3_sr8.00_hr0.00_w1_uniform_s1.wcnf,6c42f48dd5be35d928c1a529c6941dcf3cabeff4b5391eed718aff57a0d3f4a3,calib_a,max3sat_n50_a8,1,400,10,65.659,T2a,tier2,success,,ok,target,1.632,1.622,0.994,1.625,1.625,,10,0,1,1,12500,12500.0,1.632,ise-cpu-intl-24.auth.ad.bgu.ac.il,3.11.15
63,m2f_p40ls0p5clip_011_s2,full,p40_ls0p5_clip,memetic_deeppolish_p40_ls0p5_clip,configs/tier2/memetic_deeppolish_p40_ls0p5_clip.yaml,40,0.5,clip,2,900,,11,data/generated/calib_a/wksat_v50_k3_sr8.00_hr0.00_w1_uniform_s1.wcnf,6c42f48dd5be35d928c1a529c6941dcf3cabeff4b5391eed718aff57a0d3f4a3,calib_a,max3sat_n50_a8,1,400,10,65.659,T2a,tier2,success,,ok,target,0.509,0.506,0.994,0.504,0.504,,10,0,1,1,5162,5162.0,0.509,ise-cpu-intl-27.auth.ad.bgu.ac.il,3.11.15
64,m2f_p40ls3p5_011_s2,full,p40_ls3p5,memetic_deeppolish_p40_ls3p5,configs/tier2/memetic_deeppolish_p40_ls3p5.yaml,40,3.5,clip,2,900,,11,data/generated/calib_a/wksat_v50_k3_sr8.00_hr0.00_w1_uniform_s1.wcnf,6c42f48dd5be35d928c1a529c6941dcf3cabeff4b5391eed718aff57a0d3f4a3,calib_a,max3sat_n50_a8,1,400,10,65.659,T2a,tier2,success,,ok,target,1.227,1.219,0.993,1.221,1.221,,10,0,1,1,12500,12500.0,1.227,ise-cpu-intl-27.auth.ad.bgu.ac.il,3.11.15
65,m2f_p40ls0p5clip_011_s3,full,p40_ls0p5_clip,memetic_deeppolish_p40_ls0p5_clip,configs/tier2/memetic_deeppolish_p40_ls0p5_clip.yaml,40,0.5,clip,3,900,,11,data/generated/calib_a/wksat_v50_k3_sr8.00_hr0.00_w1_uniform_s1.wcnf,6c42f48dd5be35d928c1a529c6941dcf3cabeff4b5391eed718aff57a0d3f4a3,calib_a,max3sat_n50_a8,1,400,10,65.659,T2a,tier2,success,,ok,target,0.51,0.507,0.994,0.504,0.504,,10,0,1,1,4730,4730.0,0.51,cs-cpu-05.auth.ad.bgu.ac.il,3.11.15
66,m2f_p40ls3p5_011_s3,full,p40_ls3p5,memetic_deeppolish_p40_ls3p5,configs/tier2/memetic_deeppolish_p40_ls3p5.yaml,40,3.5,clip,3,900,,11,data/generated/calib_a/wksat_v50_k3_sr8.00_hr0.00_w1_uniform_s1.wcnf,6c42f48dd5be35d928c1a529c6941dcf3cabeff4b5391eed718aff57a0d3f4a3,calib_a,max3sat_n50_a8,1,400,10,65.659,T2a,tier2,success,,ok,target,1.328,1.322,0.995,1.322,1.322,,10,0,1,1,12500,12500.0,1.328,cs-cpu-05.auth.ad.bgu.ac.il,3.11.15
67,m2f_p40ls0p5clip_012_s1,full,p40_ls0p5_clip,memetic_deeppolish_p40_ls0p5_clip,configs/tier2/memetic_deeppolish_p40_ls0p5_clip.yaml,40,0.5,clip,1,900,,12,data/generated/calib_a/wksat_v50_k3_sr8.00_hr0.00_w1_uniform_s2.wcnf,308041817cf320b05bb62a0225928a6c600855e2f9fa5b153966fee2096921fa,calib_a,max3sat_n50_a8,2,400,10,88.686,T2a,tier2,success,,ok,target,0.509,0.507,0.996,0.504,0.504,,10,0,1,1,4900,4900.0,0.509,ise-cpu-intl-20.auth.ad.bgu.ac.il,3.11.15
68,m2f_p40ls3p5_012_s1,full,p40_ls3p5,memetic_deeppolish_p40_ls3p5,configs/tier2/memetic_deeppolish_p40_ls3p5.yaml,40,3.5,clip,1,900,,12,data/generated/calib_a/wksat_v50_k3_sr8.00_hr0.00_w1_uniform_s2.wcnf,308041817cf320b05bb62a0225928a6c600855e2f9fa5b153966fee2096921fa,calib_a,max3sat_n50_a8,2,400,10,88.686,T2a,tier2,success,,ok,target,1.248,1.234,0.989,1.242,1.242,,10,0,1,1,12500,12500.0,1.248,ise-cpu-intl-12.auth.ad.bgu.ac.il,3.11.15
69,m2f_p40ls0p5clip_012_s2,full,p40_ls0p5_clip,memetic_deeppolish_p40_ls0p5_clip,configs/tier2/memetic_deeppolish_p40_ls0p5_clip.yaml,40,0.5,clip,2,900,,12,data/generated/calib_a/wksat_v50_k3_sr8.00_hr0.00_w1_uniform_s2.wcnf,308041817cf320b05bb62a0225928a6c600855e2f9fa5b153966fee2096921fa,calib_a,max3sat_n50_a8,2,400,10,88.686,T2a,tier2,success,,ok,target,0.508,0.505,0.994,0.503,0.503,,10,0,1,1,4979,4979.0,0.508,ise-cpu-intl-12.auth.ad.bgu.ac.il,3.11.15
70,m2f_p40ls3p5_012_s2,full,p40_ls3p5,memetic_deeppolish_p40_ls3p5,configs/tier2/memetic_deeppolish_p40_ls3p5.yaml,40,3.5,clip,2,900,,12,data/generated/calib_a/wksat_v50_k3_sr8.00_hr0.00_w1_uniform_s2.wcnf,308041817cf320b05bb62a0225928a6c600855e2f9fa5b153966fee2096921fa,calib_a,max3sat_n50_a8,2,400,10,88.686,T2a,tier2,success,,ok,target,1.238,1.232,0.995,1.232,1.232,,10,0,1,1,12500,12500.0,1.238,ise-cpu-intl-12.auth.ad.bgu.ac.il,3.11.15
71,m2f_p40ls0p5clip_012_s3,full,p40_ls0p5_clip,memetic_deeppolish_p40_ls0p5_clip,configs/tier2/memetic_deeppolish_p40_ls0p5_clip.yaml,40,0.5,clip,3,900,,12,data/generated/calib_a/wksat_v50_k3_sr8.00_hr0.00_w1_uniform_s2.wcnf,308041817cf320b05bb62a0225928a6c600855e2f9fa5b153966fee2096921fa,calib_a,max3sat_n50_a8,2,400,10,88.686,T2a,tier2,success,,ok,target,0.509,0.506,0.994,0.504,0.504,,10,0,1,1,5099,5099.0,0.509,ise-cpu-intl-14.auth.ad.bgu.ac.il,3.11.15
72,m2f_p40ls3p5_012_s3,full,p40_ls3p5,memetic_deeppolish_p40_ls3p5,configs/tier2/memetic_deeppolish_p40_ls3p5.yaml,40,3.5,clip,3,900,,12,data/generated/calib_a/wksat_v50_k3_sr8.00_hr0.00_w1_uniform_s2.wcnf,308041817cf320b05bb62a0225928a6c600855e2f9fa5b153966fee2096921fa,calib_a,max3sat_n50_a8,2,400,10,88.686,T2a,tier2,success,,ok,target,1.129,1.125,0.996,1.124,1.124,,10,0,1,1,12500,12500.0,1.129,ise-cpu-intl-18.auth.ad.bgu.ac.il,3.11.15
73,m2f_p40ls0p5clip_013_s1,full,p40_ls0p5_clip,memetic_deeppolish_p40_ls0p5_clip,configs/tier2/memetic_deeppolish_p40_ls0p5_clip.yaml,40,0.5,clip,1,900,,13,data/generated/calib_a/wksat_v50_k3_sr8.00_hr0.00_w1_uniform_s4.wcnf,4847f9a215a190a115626c51f6a99a8be32098f8ef0310390c504ed20911cd48,calib_a,max3sat_n50_a8,4,400,11,76.107,T2a,tier2,success,,ok,target,0.511,0.507,0.992,0.504,0.504,,11,0,1,1,3755,3755.0,0.511,ise-cpu-intl-24.auth.ad.bgu.ac.il,3.11.15
74,m2f_p40ls3p5_013_s1,full,p40_ls3p5,memetic_deeppolish_p40_ls3p5,configs/tier2/memetic_deeppolish_p40_ls3p5.yaml,40,3.5,clip,1,900,,13,data/generated/calib_a/wksat_v50_k3_sr8.00_hr0.00_w1_uniform_s4.wcnf,4847f9a215a190a115626c51f6a99a8be32098f8ef0310390c504ed20911cd48,calib_a,max3sat_n50_a8,4,400,11,76.107,T2a,tier2,success,,ok,target,1.65,1.64,0.994,1.643,1.643,,11,0,1,1,12500,12500.0,1.65,ise-cpu-intl-24.auth.ad.bgu.ac.il,3.11.15
75,m2f_p40ls0p5clip_013_s2,full,p40_ls0p5_clip,memetic_deeppolish_p40_ls0p5_clip,configs/tier2/memetic_deeppolish_p40_ls0p5_clip.yaml,40,0.5,clip,2,900,,13,data/generated/calib_a/wksat_v50_k3_sr8.00_hr0.00_w1_uniform_s4.wcnf,4847f9a215a190a115626c51f6a99a8be32098f8ef0310390c504ed20911cd48,calib_a,max3sat_n50_a8,4,400,11,76.107,T2a,tier2,success,,ok,target,0.51,0.506,0.992,0.504,0.504,,11,0,1,1,4768,4768.0,0.51,ise-cpu-intl-27.auth.ad.bgu.ac.il,3.11.15
76,m2f_p40ls3p5_013_s2,full,p40_ls3p5,memetic_deeppolish_p40_ls3p5,configs/tier2/memetic_deeppolish_p40_ls3p5.yaml,40,3.5,clip,2,900,,13,data/generated/calib_a/wksat_v50_k3_sr8.00_hr0.00_w1_uniform_s4.wcnf,4847f9a215a190a115626c51f6a99a8be32098f8ef0310390c504ed20911cd48,calib_a,max3sat_n50_a8,4,400,11,76.107,T2a,tier2,success,,ok,target,1.211,1.205,0.995,1.206,1.206,,11,0,1,1,12500,12500.0,1.211,ise-cpu-intl-27.auth.ad.bgu.ac.il,3.11.15
77,m2f_p40ls0p5clip_013_s3,full,p40_ls0p5_clip,memetic_deeppolish_p40_ls0p5_clip,configs/tier2/memetic_deeppolish_p40_ls0p5_clip.yaml,40,0.5,clip,3,900,,13,data/generated/calib_a/wksat_v50_k3_sr8.00_hr0.00_w1_uniform_s4.wcnf,4847f9a215a190a115626c51f6a99a8be32098f8ef0310390c504ed20911cd48,calib_a,max3sat_n50_a8,4,400,11,76.107,T2a,tier2,success,,ok,target,0.512,0.508,0.992,0.507,0.507,,11,0,1,1,4978,4978.0,0.512,ise-cpu-intl-26.auth.ad.bgu.ac.il,3.11.15
78,m2f_p40ls3p5_013_s3,full,p40_ls3p5,memetic_deeppolish_p40_ls3p5,configs/tier2/memetic_deeppolish_p40_ls3p5.yaml,40,3.5,clip,3,900,,13,data/generated/calib_a/wksat_v50_k3_sr8.00_hr0.00_w1_uniform_s4.wcnf,4847f9a215a190a115626c51f6a99a8be32098f8ef0310390c504ed20911cd48,calib_a,max3sat_n50_a8,4,400,11,76.107,T2a,tier2,success,,ok,target,1.259,1.251,0.994,1.254,1.254,,11,0,1,1,12500,12500.0,1.259,ise-cpu-intl-26.auth.ad.bgu.ac.il,3.11.15
79,m2f_p40ls0p5clip_014_s1,full,p40_ls0p5_clip,memetic_deeppolish_p40_ls0p5_clip,configs/tier2/memetic_deeppolish_p40_ls0p5_clip.yaml,40,0.5,clip,1,900,,14,data/generated/calib_a/wksat_v50_k3_sr8.00_hr0.00_w1_uniform_s5.wcnf,b0f53015b9d1889879a0f94a6b675413b63618fa83da28e1df0ef2b3d383a7cf,calib_a,max3sat_n50_a8,5,400,9,32.836,T1,lower_ext,success,,ok,target,0.512,0.508,0.992,0.507,0.507,,9,0,1,1,5092,5092.0,0.512,ise-cpu-intl-26.auth.ad.bgu.ac.il,3.11.15
80,m2f_p40ls3p5_014_s1,full,p40_ls3p5,memetic_deeppolish_p40_ls3p5,configs/tier2/memetic_deeppolish_p40_ls3p5.yaml,40,3.5,clip,1,900,,14,data/generated/calib_a/wksat_v50_k3_sr8.00_hr0.00_w1_uniform_s5.wcnf,b0f53015b9d1889879a0f94a6b675413b63618fa83da28e1df0ef2b3d383a7cf,calib_a,max3sat_n50_a8,5,400,9,32.836,T1,lower_ext,success,,ok,target,1.359,1.352,0.995,1.353,1.353,,9,0,1,1,12500,12500.0,1.359,cs-cpu-05.auth.ad.bgu.ac.il,3.11.15
81,m2f_p40ls0p5clip_014_s2,full,p40_ls0p5_clip,memetic_deeppolish_p40_ls0p5_clip,configs/tier2/memetic_deeppolish_p40_ls0p5_clip.yaml,40,0.5,clip,2,900,,14,data/generated/calib_a/wksat_v50_k3_sr8.00_hr0.00_w1_uniform_s5.wcnf,b0f53015b9d1889879a0f94a6b675413b63618fa83da28e1df0ef2b3d383a7cf,calib_a,max3sat_n50_a8,5,400,9,32.836,T1,lower_ext,success,,ok,target,0.509,0.507,0.996,0.504,0.504,,9,0,1,1,4711,4711.0,0.509,cs-cpu-05.auth.ad.bgu.ac.il,3.11.15
82,m2f_p40ls3p5_014_s2,full,p40_ls3p5,memetic_deeppolish_p40_ls3p5,configs/tier2/memetic_deeppolish_p40_ls3p5.yaml,40,3.5,clip,2,900,,14,data/generated/calib_a/wksat_v50_k3_sr8.00_hr0.00_w1_uniform_s5.wcnf,b0f53015b9d1889879a0f94a6b675413b63618fa83da28e1df0ef2b3d383a7cf,calib_a,max3sat_n50_a8,5,400,9,32.836,T1,lower_ext,success,,ok,target,1.281,1.275,0.995,1.275,1.275,,9,0,1,1,12500,12500.0,1.281,ise-cpu-intl-20.auth.ad.bgu.ac.il,3.11.15
83,m2f_p40ls0p5clip_014_s3,full,p40_ls0p5_clip,memetic_deeppolish_p40_ls0p5_clip,configs/tier2/memetic_deeppolish_p40_ls0p5_clip.yaml,40,0.5,clip,3,900,,14,data/generated/calib_a/wksat_v50_k3_sr8.00_hr0.00_w1_uniform_s5.wcnf,b0f53015b9d1889879a0f94a6b675413b63618fa83da28e1df0ef2b3d383a7cf,calib_a,max3sat_n50_a8,5,400,9,32.836,T1,lower_ext,success,,ok,target,0.51,0.507,0.994,0.505,0.505,,9,0,1,1,5027,5027.0,0.51,ise-cpu-intl-11.auth.ad.bgu.ac.il,3.11.15
84,m2f_p40ls3p5_014_s3,full,p40_ls3p5,memetic_deeppolish_p40_ls3p5,configs/tier2/memetic_deeppolish_p40_ls3p5.yaml,40,3.5,clip,3,900,,14,data/generated/calib_a/wksat_v50_k3_sr8.00_hr0.00_w1_uniform_s5.wcnf,b0f53015b9d1889879a0f94a6b675413b63618fa83da28e1df0ef2b3d383a7cf,calib_a,max3sat_n50_a8,5,400,9,32.836,T1,lower_ext,success,,ok,target,1.237,1.231,0.995,1.232,1.232,,9,0,1,1,12500,12500.0,1.237,ise-cpu-intl-11.auth.ad.bgu.ac.il,3.11.15
85,m2f_p40ls0p5clip_015_s1,full,p40_ls0p5_clip,memetic_deeppolish_p40_ls0p5_clip,configs/tier2/memetic_deeppolish_p40_ls0p5_clip.yaml,40,0.5,clip,1,900,,15,data/generated/calib_a/wksat_v70_k3_sr6.00_hr0.00_w1_uniform_s2.wcnf,55084c5ac6ab8ef8886112e05dd9d245542c0653b33fb106619a3e6fe81a11ee,calib_a,max3sat_n70_a6,2,420,7,159.513,T2a,tier2,success,,ok,target,1.512,1.505,0.995,1.506,1.506,,7,0,1,3,16335,5445.0,0.504,ise-cpu-intl-14.auth.ad.bgu.ac.il,3.11.15
86,m2f_p40ls3p5_015_s1,full,p40_ls3p5,memetic_deeppolish_p40_ls3p5,configs/tier2/memetic_deeppolish_p40_ls3p5.yaml,40,3.5,clip,1,900,,15,data/generated/calib_a/wksat_v70_k3_sr6.00_hr0.00_w1_uniform_s2.wcnf,55084c5ac6ab8ef8886112e05dd9d245542c0653b33fb106619a3e6fe81a11ee,calib_a,max3sat_n70_a6,2,420,7,159.513,T2a,tier2,success,,ok,target,1.185,1.18,0.996,1.18,1.18,,7,0,1,1,12500,12500.0,1.185,ise-cpu-intl-14.auth.ad.bgu.ac.il,3.11.15
87,m2f_p40ls0p5clip_015_s2,full,p40_ls0p5_clip,memetic_deeppolish_p40_ls0p5_clip,configs/tier2/memetic_deeppolish_p40_ls0p5_clip.yaml,40,0.5,clip,2,900,,15,data/generated/calib_a/wksat_v70_k3_sr6.00_hr0.00_w1_uniform_s2.wcnf,55084c5ac6ab8ef8886112e05dd9d245542c0653b33fb106619a3e6fe81a11ee,calib_a,max3sat_n70_a6,2,420,7,159.513,T2a,tier2,success,,ok,target,0.508,0.506,0.996,0.503,0.503,,7,0,1,1,5414,5414.0,0.508,ise-cpu-intl-18.auth.ad.bgu.ac.il,3.11.15
88,m2f_p40ls3p5_015_s2,full,p40_ls3p5,memetic_deeppolish_p40_ls3p5,configs/tier2/memetic_deeppolish_p40_ls3p5.yaml,40,3.5,clip,2,900,,15,data/generated/calib_a/wksat_v70_k3_sr6.00_hr0.00_w1_uniform_s2.wcnf,55084c5ac6ab8ef8886112e05dd9d245542c0653b33fb106619a3e6fe81a11ee,calib_a,max3sat_n70_a6,2,420,7,159.513,T2a,tier2,success,,ok,target,1.718,1.705,0.992,1.711,1.711,,7,0,1,1,12500,12500.0,1.718,ise-cpu-intl-24.auth.ad.bgu.ac.il,3.11.15
89,m2f_p40ls0p5clip_015_s3,full,p40_ls0p5_clip,memetic_deeppolish_p40_ls0p5_clip,configs/tier2/memetic_deeppolish_p40_ls0p5_clip.yaml,40,0.5,clip,3,900,,15,data/generated/calib_a/wksat_v70_k3_sr6.00_hr0.00_w1_uniform_s2.wcnf,55084c5ac6ab8ef8886112e05dd9d245542c0653b33fb106619a3e6fe81a11ee,calib_a,max3sat_n70_a6,2,420,7,159.513,T2a,tier2,success,,ok,target,1.517,1.506,0.993,1.51,1.51,,7,0,1,3,11146,3715.3,0.5057,ise-cpu-intl-24.auth.ad.bgu.ac.il,3.11.15
90,m2f_p40ls3p5_015_s3,full,p40_ls3p5,memetic_deeppolish_p40_ls3p5,configs/tier2/memetic_deeppolish_p40_ls3p5.yaml,40,3.5,clip,3,900,,15,data/generated/calib_a/wksat_v70_k3_sr6.00_hr0.00_w1_uniform_s2.wcnf,55084c5ac6ab8ef8886112e05dd9d245542c0653b33fb106619a3e6fe81a11ee,calib_a,max3sat_n70_a6,2,420,7,159.513,T2a,tier2,success,,ok,target,1.236,1.23,0.995,1.23,1.23,,7,0,1,1,12500,12500.0,1.236,ise-cpu-intl-11.auth.ad.bgu.ac.il,3.11.15
91,m2f_p40ls0p5clip_016_s1,full,p40_ls0p5_clip,memetic_deeppolish_p40_ls0p5_clip,configs/tier2/memetic_deeppolish_p40_ls0p5_clip.yaml,40,0.5,clip,1,900,,16,data/generated/calib_a/wksat_v70_k3_sr6.00_hr0.00_w1_uniform_s4.wcnf,1d11385905c08c0afe97508f3b2167e7b45d7382d472300c7d8f07333a610f8e,calib_a,max3sat_n70_a6,4,420,6,53.3,T1,lower_ext,success,,ok,target,5.023,5.0,0.995,5.017,5.017,,6,0,1,10,50214,5021.4,0.5023,ise-cpu-intl-11.auth.ad.bgu.ac.il,3.11.15
92,m2f_p40ls3p5_016_s1,full,p40_ls3p5,memetic_deeppolish_p40_ls3p5,configs/tier2/memetic_deeppolish_p40_ls3p5.yaml,40,3.5,clip,1,900,,16,data/generated/calib_a/wksat_v70_k3_sr6.00_hr0.00_w1_uniform_s4.wcnf,1d11385905c08c0afe97508f3b2167e7b45d7382d472300c7d8f07333a610f8e,calib_a,max3sat_n70_a6,4,420,6,53.3,T1,lower_ext,success,,ok,target,12.423,12.363,0.995,12.417,12.417,,6,0,1,10,125000,12500.0,1.2423,ise-cpu-intl-12.auth.ad.bgu.ac.il,3.11.15
93,m2f_p40ls0p5clip_016_s2,full,p40_ls0p5_clip,memetic_deeppolish_p40_ls0p5_clip,configs/tier2/memetic_deeppolish_p40_ls0p5_clip.yaml,40,0.5,clip,2,900,,16,data/generated/calib_a/wksat_v70_k3_sr6.00_hr0.00_w1_uniform_s4.wcnf,1d11385905c08c0afe97508f3b2167e7b45d7382d472300c7d8f07333a610f8e,calib_a,max3sat_n70_a6,4,420,6,53.3,T1,lower_ext,success,,ok,target,51.665,51.429,0.995,51.659,51.659,,6,0,3,103,527896,5125.2,0.5016,ise-cpu-intl-12.auth.ad.bgu.ac.il,3.11.15
94,m2f_p40ls3p5_016_s2,full,p40_ls3p5,memetic_deeppolish_p40_ls3p5,configs/tier2/memetic_deeppolish_p40_ls3p5.yaml,40,3.5,clip,2,900,,16,data/generated/calib_a/wksat_v70_k3_sr6.00_hr0.00_w1_uniform_s4.wcnf,1d11385905c08c0afe97508f3b2167e7b45d7382d472300c7d8f07333a610f8e,calib_a,max3sat_n70_a6,4,420,6,53.3,T1,lower_ext,success,,ok,target,74.182,73.865,0.996,74.177,74.177,,6,0,2,64,800000,12500.0,1.1591,ise-cpu-intl-14.auth.ad.bgu.ac.il,3.11.15
95,m2f_p40ls0p5clip_016_s3,full,p40_ls0p5_clip,memetic_deeppolish_p40_ls0p5_clip,configs/tier2/memetic_deeppolish_p40_ls0p5_clip.yaml,40,0.5,clip,3,900,,16,data/generated/calib_a/wksat_v70_k3_sr6.00_hr0.00_w1_uniform_s4.wcnf,1d11385905c08c0afe97508f3b2167e7b45d7382d472300c7d8f07333a610f8e,calib_a,max3sat_n70_a6,4,420,6,53.3,T1,lower_ext,success,,ok,target,9.535,9.492,0.995,9.529,9.529,,6,0,1,19,101265,5329.7,0.5018,ise-cpu-intl-14.auth.ad.bgu.ac.il,3.11.15
96,m2f_p40ls3p5_016_s3,full,p40_ls3p5,memetic_deeppolish_p40_ls3p5,configs/tier2/memetic_deeppolish_p40_ls3p5.yaml,40,3.5,clip,3,900,,16,data/generated/calib_a/wksat_v70_k3_sr6.00_hr0.00_w1_uniform_s4.wcnf,1d11385905c08c0afe97508f3b2167e7b45d7382d472300c7d8f07333a610f8e,calib_a,max3sat_n70_a6,4,420,6,53.3,T1,lower_ext,success,,ok,target,3.7,3.681,0.995,3.694,3.694,,6,0,1,3,37500,12500.0,1.2333,ise-cpu-intl-15.auth.ad.bgu.ac.il,3.11.15
97,m2f_p40ls0p5clip_017_s1,full,p40_ls0p5_clip,memetic_deeppolish_p40_ls0p5_clip,configs/tier2/memetic_deeppolish_p40_ls0p5_clip.yaml,40,0.5,clip,1,900,,17,data/generated/calib_a/wksat_v70_k3_sr6.00_hr0.00_w1_uniform_s5.wcnf,ef29b3a0a96cc809785c9cfe729a17b008ec29831b9cb4a57a093492454a0bb1,calib_a,max3sat_n70_a6,5,420,6,75.355,T2a,tier2,success,,ok,target,0.51,0.506,0.992,0.504,0.504,,6,0,1,1,5064,5064.0,0.51,ise-cpu-intl-15.auth.ad.bgu.ac.il,3.11.15
98,m2f_p40ls3p5_017_s1,full,p40_ls3p5,memetic_deeppolish_p40_ls3p5,configs/tier2/memetic_deeppolish_p40_ls3p5.yaml,40,3.5,clip,1,900,,17,data/generated/calib_a/wksat_v70_k3_sr6.00_hr0.00_w1_uniform_s5.wcnf,ef29b3a0a96cc809785c9cfe729a17b008ec29831b9cb4a57a093492454a0bb1,calib_a,max3sat_n70_a6,5,420,6,75.355,T2a,tier2,success,,ok,target,1.364,1.358,0.996,1.358,1.358,,6,0,1,1,12500,12500.0,1.364,cs-cpu-05.auth.ad.bgu.ac.il,3.11.15
99,m2f_p40ls0p5clip_017_s2,full,p40_ls0p5_clip,memetic_deeppolish_p40_ls0p5_clip,configs/tier2/memetic_deeppolish_p40_ls0p5_clip.yaml,40,0.5,clip,2,900,,17,data/generated/calib_a/wksat_v70_k3_sr6.00_hr0.00_w1_uniform_s5.wcnf,ef29b3a0a96cc809785c9cfe729a17b008ec29831b9cb4a57a093492454a0bb1,calib_a,max3sat_n70_a6,5,420,6,75.355,T2a,tier2,success,,ok,target,0.51,0.508,0.996,0.504,0.504,,6,0,1,1,4376,4376.0,0.51,cs-cpu-05.auth.ad.bgu.ac.il,3.11.15
100,m2f_p40ls3p5_017_s2,full,p40_ls3p5,memetic_deeppolish_p40_ls3p5,configs/tier2/memetic_deeppolish_p40_ls3p5.yaml,40,3.5,clip,2,900,,17,data/generated/calib_a/wksat_v70_k3_sr6.00_hr0.00_w1_uniform_s5.wcnf,ef29b3a0a96cc809785c9cfe729a17b008ec29831b9cb4a57a093492454a0bb1,calib_a,max3sat_n70_a6,5,420,6,75.355,T2a,tier2,success,,ok,target,1.306,1.299,0.995,1.3,1.3,,6,0,1,1,12500,12500.0,1.306,ise-cpu-intl-28.auth.ad.bgu.ac.il,3.11.15
101,m2f_p40ls0p5clip_017_s3,full,p40_ls0p5_clip,memetic_deeppolish_p40_ls0p5_clip,configs/tier2/memetic_deeppolish_p40_ls0p5_clip.yaml,40,0.5,clip,3,900,,17,data/generated/calib_a/wksat_v70_k3_sr6.00_hr0.00_w1_uniform_s5.wcnf,ef29b3a0a96cc809785c9cfe729a17b008ec29831b9cb4a57a093492454a0bb1,calib_a,max3sat_n70_a6,5,420,6,75.355,T2a,tier2,success,,ok,target,0.509,0.506,0.994,0.504,0.504,,6,0,1,1,4813,4813.0,0.509,ise-cpu-intl-27.auth.ad.bgu.ac.il,3.11.15
102,m2f_p40ls3p5_017_s3,full,p40_ls3p5,memetic_deeppolish_p40_ls3p5,configs/tier2/memetic_deeppolish_p40_ls3p5.yaml,40,3.5,clip,3,900,,17,data/generated/calib_a/wksat_v70_k3_sr6.00_hr0.00_w1_uniform_s5.wcnf,ef29b3a0a96cc809785c9cfe729a17b008ec29831b9cb4a57a093492454a0bb1,calib_a,max3sat_n70_a6,5,420,6,75.355,T2a,tier2,success,,ok,target,1.26,1.253,0.994,1.254,1.254,,6,0,1,1,12500,12500.0,1.26,ise-cpu-intl-27.auth.ad.bgu.ac.il,3.11.15
103,m2f_p40ls0p5clip_018_s1,full,p40_ls0p5_clip,memetic_deeppolish_p40_ls0p5_clip,configs/tier2/memetic_deeppolish_p40_ls0p5_clip.yaml,40,0.5,clip,1,900,,18,data/generated/calib_b/wksat_v100_k2_sr4.50_hr0.00_w1_uniform_s1.wcnf,33af505ac00e88268362ee438927139cfb70a6d833a11de4e20c164f0d698239,calib_b,max2sat_n100_a4.5,1,450,32,66.547,T2a,tier2,success,,ok,target,1.012,0.969,0.958,1.006,1.006,,32,0,1,2,8874,4437.0,0.506,ise-cpu-intl-26.auth.ad.bgu.ac.il,3.11.15
104,m2f_p40ls3p5_018_s1,full,p40_ls3p5,memetic_deeppolish_p40_ls3p5,configs/tier2/memetic_deeppolish_p40_ls3p5.yaml,40,3.5,clip,1,900,,18,data/generated/calib_b/wksat_v100_k2_sr4.50_hr0.00_w1_uniform_s1.wcnf,33af505ac00e88268362ee438927139cfb70a6d833a11de4e20c164f0d698239,calib_b,max2sat_n100_a4.5,1,450,32,66.547,T2a,tier2,success,,ok,target,1.28,1.27,0.992,1.274,1.274,,32,0,1,1,12500,12500.0,1.28,ise-cpu-intl-26.auth.ad.bgu.ac.il,3.11.15
105,m2f_p40ls0p5clip_018_s2,full,p40_ls0p5_clip,memetic_deeppolish_p40_ls0p5_clip,configs/tier2/memetic_deeppolish_p40_ls0p5_clip.yaml,40,0.5,clip,2,900,,18,data/generated/calib_b/wksat_v100_k2_sr4.50_hr0.00_w1_uniform_s1.wcnf,33af505ac00e88268362ee438927139cfb70a6d833a11de4e20c164f0d698239,calib_b,max2sat_n100_a4.5,1,450,32,66.547,T2a,tier2,success,,ok,target,0.51,0.507,0.994,0.504,0.504,,32,0,1,1,4906,4906.0,0.51,ise-cpu-intl-11.auth.ad.bgu.ac.il,3.11.15
106,m2f_p40ls3p5_018_s2,full,p40_ls3p5,memetic_deeppolish_p40_ls3p5,configs/tier2/memetic_deeppolish_p40_ls3p5.yaml,40,3.5,clip,2,900,,18,data/generated/calib_b/wksat_v100_k2_sr4.50_hr0.00_w1_uniform_s1.wcnf,33af505ac00e88268362ee438927139cfb70a6d833a11de4e20c164f0d698239,calib_b,max2sat_n100_a4.5,1,450,32,66.547,T2a,tier2,success,,ok,target,1.197,1.193,0.997,1.192,1.192,,32,0,1,1,12500,12500.0,1.197,ise-cpu-intl-18.auth.ad.bgu.ac.il,3.11.15
107,m2f_p40ls0p5clip_018_s3,full,p40_ls0p5_clip,memetic_deeppolish_p40_ls0p5_clip,configs/tier2/memetic_deeppolish_p40_ls0p5_clip.yaml,40,0.5,clip,3,900,,18,data/generated/calib_b/wksat_v100_k2_sr4.50_hr0.00_w1_uniform_s1.wcnf,33af505ac00e88268362ee438927139cfb70a6d833a11de4e20c164f0d698239,calib_b,max2sat_n100_a4.5,1,450,32,66.547,T2a,tier2,success,,ok,target,0.509,0.506,0.994,0.504,0.504,,32,0,1,1,4683,4683.0,0.509,ise-cpu-intl-27.auth.ad.bgu.ac.il,3.11.15
108,m2f_p40ls3p5_018_s3,full,p40_ls3p5,memetic_deeppolish_p40_ls3p5,configs/tier2/memetic_deeppolish_p40_ls3p5.yaml,40,3.5,clip,3,900,,18,data/generated/calib_b/wksat_v100_k2_sr4.50_hr0.00_w1_uniform_s1.wcnf,33af505ac00e88268362ee438927139cfb70a6d833a11de4e20c164f0d698239,calib_b,max2sat_n100_a4.5,1,450,32,66.547,T2a,tier2,success,,ok,target,1.248,1.241,0.994,1.242,1.242,,32,0,1,1,12500,12500.0,1.248,ise-cpu-intl-27.auth.ad.bgu.ac.il,3.11.15
109,m2f_p40ls0p5clip_019_s1,full,p40_ls0p5_clip,memetic_deeppolish_p40_ls0p5_clip,configs/tier2/memetic_deeppolish_p40_ls0p5_clip.yaml,40,0.5,clip,1,900,,19,data/generated/calib_b/wksat_v100_k2_sr4.50_hr0.00_w1_uniform_s2.wcnf,a6af598d077c8d9c349186b81a87dbf97c5aaf0a0aa3abfc645752146e81d6b9,calib_b,max2sat_n100_a4.5,2,450,35,126.025,T2a,tier2,success,,ok,target,1.513,1.502,0.993,1.507,1.507,,35,0,1,3,14476,4825.3,0.5043,ise-cpu-intl-26.auth.ad.bgu.ac.il,3.11.15
110,m2f_p40ls3p5_019_s1,full,p40_ls3p5,memetic_deeppolish_p40_ls3p5,configs/tier2/memetic_deeppolish_p40_ls3p5.yaml,40,3.5,clip,1,900,,19,data/generated/calib_b/wksat_v100_k2_sr4.50_hr0.00_w1_uniform_s2.wcnf,a6af598d077c8d9c349186b81a87dbf97c5aaf0a0aa3abfc645752146e81d6b9,calib_b,max2sat_n100_a4.5,2,450,35,126.025,T2a,tier2,success,,ok,target,3.512,3.5,0.997,3.506,3.506,,35,0,1,3,37500,12500.0,1.1707,ise-cpu-intl-18.auth.ad.bgu.ac.il,3.11.15
111,m2f_p40ls0p5clip_019_s2,full,p40_ls0p5_clip,memetic_deeppolish_p40_ls0p5_clip,configs/tier2/memetic_deeppolish_p40_ls0p5_clip.yaml,40,0.5,clip,2,900,,19,data/generated/calib_b/wksat_v100_k2_sr4.50_hr0.00_w1_uniform_s2.wcnf,a6af598d077c8d9c349186b81a87dbf97c5aaf0a0aa3abfc645752146e81d6b9,calib_b,max2sat_n100_a4.5,2,450,35,126.025,T2a,tier2,success,,ok,target,1.01,1.005,0.995,1.005,1.005,,35,0,1,2,10022,5011.0,0.505,ise-cpu-intl-12.auth.ad.bgu.ac.il,3.11.15
112,m2f_p40ls3p5_019_s2,full,p40_ls3p5,memetic_deeppolish_p40_ls3p5,configs/tier2/memetic_deeppolish_p40_ls3p5.yaml,40,3.5,clip,2,900,,19,data/generated/calib_b/wksat_v100_k2_sr4.50_hr0.00_w1_uniform_s2.wcnf,a6af598d077c8d9c349186b81a87dbf97c5aaf0a0aa3abfc645752146e81d6b9,calib_b,max2sat_n100_a4.5,2,450,35,126.025,T2a,tier2,success,,ok,target,2.715,2.497,0.92,2.71,2.71,,35,0,1,2,25000,12500.0,1.3575,ise-cpu-intl-11.auth.ad.bgu.ac.il,3.11.15
113,m2f_p40ls0p5clip_019_s3,full,p40_ls0p5_clip,memetic_deeppolish_p40_ls0p5_clip,configs/tier2/memetic_deeppolish_p40_ls0p5_clip.yaml,40,0.5,clip,3,900,,19,data/generated/calib_b/wksat_v100_k2_sr4.50_hr0.00_w1_uniform_s2.wcnf,a6af598d077c8d9c349186b81a87dbf97c5aaf0a0aa3abfc645752146e81d6b9,calib_b,max2sat_n100_a4.5,2,450,35,126.025,T2a,tier2,success,,ok,target,1.01,1.005,0.995,1.005,1.005,,35,0,1,2,9681,4840.5,0.505,ise-cpu-intl-11.auth.ad.bgu.ac.il,3.11.15
114,m2f_p40ls3p5_019_s3,full,p40_ls3p5,memetic_deeppolish_p40_ls3p5,configs/tier2/memetic_deeppolish_p40_ls3p5.yaml,40,3.5,clip,3,900,,19,data/generated/calib_b/wksat_v100_k2_sr4.50_hr0.00_w1_uniform_s2.wcnf,a6af598d077c8d9c349186b81a87dbf97c5aaf0a0aa3abfc645752146e81d6b9,calib_b,max2sat_n100_a4.5,2,450,35,126.025,T2a,tier2,success,,ok,target,2.54,2.528,0.995,2.535,2.535,,35,0,1,2,25000,12500.0,1.27,ise-cpu-intl-11.auth.ad.bgu.ac.il,3.11.15
115,m2f_p40ls0p5clip_020_s1,full,p40_ls0p5_clip,memetic_deeppolish_p40_ls0p5_clip,configs/tier2/memetic_deeppolish_p40_ls0p5_clip.yaml,40,0.5,clip,1,900,,20,data/generated/calib_b/wksat_v100_k2_sr5.00_hr0.00_w1_uniform_s1.wcnf,17862c035c2bab559d7c042a63093b6210caf69719e8ba5c2bab6ac1bd593a82,calib_b,max2sat_n100_a5,1,500,35,83.971,T2a,tier2,success,,ok,target,3.02,3.008,0.996,3.013,3.013,,35,0,1,6,24640,4106.7,0.5033,cs-cpu-05.auth.ad.bgu.ac.il,3.11.15
116,m2f_p40ls3p5_020_s1,full,p40_ls3p5,memetic_deeppolish_p40_ls3p5,configs/tier2/memetic_deeppolish_p40_ls3p5.yaml,40,3.5,clip,1,900,,20,data/generated/calib_b/wksat_v100_k2_sr5.00_hr0.00_w1_uniform_s1.wcnf,17862c035c2bab559d7c042a63093b6210caf69719e8ba5c2bab6ac1bd593a82,calib_b,max2sat_n100_a5,1,500,35,83.971,T2a,tier2,success,,ok,target,3.053,3.041,0.996,3.046,3.046,,35,0,1,2,25000,12500.0,1.5265,cs-cpu-05.auth.ad.bgu.ac.il,3.11.15
117,m2f_p40ls0p5clip_020_s2,full,p40_ls0p5_clip,memetic_deeppolish_p40_ls0p5_clip,configs/tier2/memetic_deeppolish_p40_ls0p5_clip.yaml,40,0.5,clip,2,900,,20,data/generated/calib_b/wksat_v100_k2_sr5.00_hr0.00_w1_uniform_s1.wcnf,17862c035c2bab559d7c042a63093b6210caf69719e8ba5c2bab6ac1bd593a82,calib_b,max2sat_n100_a5,1,500,35,83.971,T2a,tier2,success,,ok,target,2.517,2.505,0.995,2.511,2.511,,35,0,1,5,22561,4512.2,0.5034,ise-cpu-intl-14.auth.ad.bgu.ac.il,3.11.15
118,m2f_p40ls3p5_020_s2,full,p40_ls3p5,memetic_deeppolish_p40_ls3p5,configs/tier2/memetic_deeppolish_p40_ls3p5.yaml,40,3.5,clip,2,900,,20,data/generated/calib_b/wksat_v100_k2_sr5.00_hr0.00_w1_uniform_s1.wcnf,17862c035c2bab559d7c042a63093b6210caf69719e8ba5c2bab6ac1bd593a82,calib_b,max2sat_n100_a5,1,500,35,83.971,T2a,tier2,success,,ok,target,2.847,2.83,0.994,2.841,2.841,,35,0,1,2,25000,12500.0,1.4235,ise-cpu-intl-15.auth.ad.bgu.ac.il,3.11.15
119,m2f_p40ls0p5clip_020_s3,full,p40_ls0p5_clip,memetic_deeppolish_p40_ls0p5_clip,configs/tier2/memetic_deeppolish_p40_ls0p5_clip.yaml,40,0.5,clip,3,900,,20,data/generated/calib_b/wksat_v100_k2_sr5.00_hr0.00_w1_uniform_s1.wcnf,17862c035c2bab559d7c042a63093b6210caf69719e8ba5c2bab6ac1bd593a82,calib_b,max2sat_n100_a5,1,500,35,83.971,T2a,tier2,success,,ok,target,13.051,12.961,0.993,13.045,13.045,,35,0,1,26,115339,4436.1,0.502,ise-cpu-intl-15.auth.ad.bgu.ac.il,3.11.15
120,m2f_p40ls3p5_020_s3,full,p40_ls3p5,memetic_deeppolish_p40_ls3p5,configs/tier2/memetic_deeppolish_p40_ls3p5.yaml,40,3.5,clip,3,900,,20,data/generated/calib_b/wksat_v100_k2_sr5.00_hr0.00_w1_uniform_s1.wcnf,17862c035c2bab559d7c042a63093b6210caf69719e8ba5c2bab6ac1bd593a82,calib_b,max2sat_n100_a5,1,500,35,83.971,T2a,tier2,success,,ok,target,4.476,4.451,0.994,4.47,4.47,,35,0,1,3,37500,12500.0,1.492,ise-cpu-intl-15.auth.ad.bgu.ac.il,3.11.15
121,m2f_p40ls0p5clip_021_s1,full,p40_ls0p5_clip,memetic_deeppolish_p40_ls0p5_clip,configs/tier2/memetic_deeppolish_p40_ls0p5_clip.yaml,40,0.5,clip,1,900,,21,data/generated/calib_b/wksat_v100_k2_sr5.00_hr0.00_w1_uniform_s4.wcnf,27227aa2d367a87d11ade8451836d58665f0c3e10735ef9f69531ec216b9041a,calib_b,max2sat_n100_a5,4,500,35,31.146,T1,lower_ext,success,,ok,target,0.515,0.511,0.992,0.503,0.503,,35,0,1,1,4362,4362.0,0.515,ise-cpu-intl-15.auth.ad.bgu.ac.il,3.11.15
122,m2f_p40ls3p5_021_s1,full,p40_ls3p5,memetic_deeppolish_p40_ls3p5,configs/tier2/memetic_deeppolish_p40_ls3p5.yaml,40,3.5,clip,1,900,,21,data/generated/calib_b/wksat_v100_k2_sr5.00_hr0.00_w1_uniform_s4.wcnf,27227aa2d367a87d11ade8451836d58665f0c3e10735ef9f69531ec216b9041a,calib_b,max2sat_n100_a5,4,500,35,31.146,T1,lower_ext,success,,ok,target,1.433,1.425,0.994,1.427,1.427,,35,0,1,1,12500,12500.0,1.433,ise-cpu-intl-15.auth.ad.bgu.ac.il,3.11.15
123,m2f_p40ls0p5clip_021_s2,full,p40_ls0p5_clip,memetic_deeppolish_p40_ls0p5_clip,configs/tier2/memetic_deeppolish_p40_ls0p5_clip.yaml,40,0.5,clip,2,900,,21,data/generated/calib_b/wksat_v100_k2_sr5.00_hr0.00_w1_uniform_s4.wcnf,27227aa2d367a87d11ade8451836d58665f0c3e10735ef9f69531ec216b9041a,calib_b,max2sat_n100_a5,4,500,35,31.146,T1,lower_ext,success,,ok,target,2.517,2.503,0.994,2.51,2.51,,35,0,1,5,21959,4391.8,0.5034,ise-cpu-intl-15.auth.ad.bgu.ac.il,3.11.15
124,m2f_p40ls3p5_021_s2,full,p40_ls3p5,memetic_deeppolish_p40_ls3p5,configs/tier2/memetic_deeppolish_p40_ls3p5.yaml,40,3.5,clip,2,900,,21,data/generated/calib_b/wksat_v100_k2_sr5.00_hr0.00_w1_uniform_s4.wcnf,27227aa2d367a87d11ade8451836d58665f0c3e10735ef9f69531ec216b9041a,calib_b,max2sat_n100_a5,4,500,35,31.146,T1,lower_ext,success,,ok,target,1.461,1.453,0.995,1.455,1.455,,35,0,1,1,12500,12500.0,1.461,ise-cpu-intl-15.auth.ad.bgu.ac.il,3.11.15
125,m2f_p40ls0p5clip_021_s3,full,p40_ls0p5_clip,memetic_deeppolish_p40_ls0p5_clip,configs/tier2/memetic_deeppolish_p40_ls0p5_clip.yaml,40,0.5,clip,3,900,,21,data/generated/calib_b/wksat_v100_k2_sr5.00_hr0.00_w1_uniform_s4.wcnf,27227aa2d367a87d11ade8451836d58665f0c3e10735ef9f69531ec216b9041a,calib_b,max2sat_n100_a5,4,500,35,31.146,T1,lower_ext,success,,ok,target,1.515,1.505,0.993,1.508,1.508,,35,0,1,3,11645,3881.7,0.505,ise-cpu-intl-15.auth.ad.bgu.ac.il,3.11.15
126,m2f_p40ls3p5_021_s3,full,p40_ls3p5,memetic_deeppolish_p40_ls3p5,configs/tier2/memetic_deeppolish_p40_ls3p5.yaml,40,3.5,clip,3,900,,21,data/generated/calib_b/wksat_v100_k2_sr5.00_hr0.00_w1_uniform_s4.wcnf,27227aa2d367a87d11ade8451836d58665f0c3e10735ef9f69531ec216b9041a,calib_b,max2sat_n100_a5,4,500,35,31.146,T1,lower_ext,success,,ok,target,1.415,1.411,0.997,1.409,1.409,,35,0,1,1,12500,12500.0,1.415,ise-cpu-intl-20.auth.ad.bgu.ac.il,3.11.15
127,m2f_p40ls0p5clip_022_s1,full,p40_ls0p5_clip,memetic_deeppolish_p40_ls0p5_clip,configs/tier2/memetic_deeppolish_p40_ls0p5_clip.yaml,40,0.5,clip,1,900,,22,data/generated/calib_b/wksat_v100_k3_sr5.20_hr0.00_w1_uniform_s1.wcnf,a4f6be1aaa0ca218be0c3984e5ae20fc729058b84991149ba0b7bca9528d1b8a,calib_b,max3sat_n100_a5.2,1,520,4,211.01,T2a,tier2,success,,ok,target,11.049,11.01,0.996,11.042,11.042,,4,0,1,22,101912,4632.4,0.5022,ise-cpu-intl-22.auth.ad.bgu.ac.il,3.11.15
128,m2f_p40ls3p5_022_s1,full,p40_ls3p5,memetic_deeppolish_p40_ls3p5,configs/tier2/memetic_deeppolish_p40_ls3p5.yaml,40,3.5,clip,1,900,,22,data/generated/calib_b/wksat_v100_k3_sr5.20_hr0.00_w1_uniform_s1.wcnf,a4f6be1aaa0ca218be0c3984e5ae20fc729058b84991149ba0b7bca9528d1b8a,calib_b,max3sat_n100_a5.2,1,520,4,211.01,T2a,tier2,success,,ok,target,2.039,2.025,0.993,2.028,2.028,,4,0,1,1,12500,12500.0,2.039,ise-cpu-intl-24.auth.ad.bgu.ac.il,3.11.15
129,m2f_p40ls0p5clip_022_s2,full,p40_ls0p5_clip,memetic_deeppolish_p40_ls0p5_clip,configs/tier2/memetic_deeppolish_p40_ls0p5_clip.yaml,40,0.5,clip,2,900,,22,data/generated/calib_b/wksat_v100_k3_sr5.20_hr0.00_w1_uniform_s1.wcnf,a4f6be1aaa0ca218be0c3984e5ae20fc729058b84991149ba0b7bca9528d1b8a,calib_b,max3sat_n100_a5.2,1,520,4,211.01,T2a,tier2,success,,ok,target,5.028,5.004,0.995,5.02,5.02,,4,0,1,10,42346,4234.6,0.5028,ise-cpu-intl-12.auth.ad.bgu.ac.il,3.11.15
130,m2f_p40ls3p5_022_s2,full,p40_ls3p5,memetic_deeppolish_p40_ls3p5,configs/tier2/memetic_deeppolish_p40_ls3p5.yaml,40,3.5,clip,2,900,,22,data/generated/calib_b/wksat_v100_k3_sr5.20_hr0.00_w1_uniform_s1.wcnf,a4f6be1aaa0ca218be0c3984e5ae20fc729058b84991149ba0b7bca9528d1b8a,calib_b,max3sat_n100_a5.2,1,520,4,211.01,T2a,tier2,success,,ok,target,5.761,5.736,0.996,5.753,5.753,,4,0,1,4,50000,12500.0,1.4403,ise-cpu-intl-18.auth.ad.bgu.ac.il,3.11.15
131,m2f_p40ls0p5clip_022_s3,full,p40_ls0p5_clip,memetic_deeppolish_p40_ls0p5_clip,configs/tier2/memetic_deeppolish_p40_ls0p5_clip.yaml,40,0.5,clip,3,900,,22,data/generated/calib_b/wksat_v100_k3_sr5.20_hr0.00_w1_uniform_s1.wcnf,a4f6be1aaa0ca218be0c3984e5ae20fc729058b84991149ba0b7bca9528d1b8a,calib_b,max3sat_n100_a5.2,1,520,4,211.01,T2a,tier2,success,,ok,target,2.017,2.006,0.995,2.009,2.009,,4,0,1,4,17447,4361.8,0.5042,ise-cpu-intl-09.auth.ad.bgu.ac.il,3.11.15
132,m2f_p40ls3p5_022_s3,full,p40_ls3p5,memetic_deeppolish_p40_ls3p5,configs/tier2/memetic_deeppolish_p40_ls3p5.yaml,40,3.5,clip,3,900,,22,data/generated/calib_b/wksat_v100_k3_sr5.20_hr0.00_w1_uniform_s1.wcnf,a4f6be1aaa0ca218be0c3984e5ae20fc729058b84991149ba0b7bca9528d1b8a,calib_b,max3sat_n100_a5.2,1,520,4,211.01,T2a,tier2,success,,ok,target,5.908,5.877,0.995,5.9,5.9,,4,0,1,4,50000,12500.0,1.477,ise-cpu-intl-09.auth.ad.bgu.ac.il,3.11.15
133,m2f_p40ls0p5clip_023_s1,full,p40_ls0p5_clip,memetic_deeppolish_p40_ls0p5_clip,configs/tier2/memetic_deeppolish_p40_ls0p5_clip.yaml,40,0.5,clip,1,900,,23,data/generated/calib_b/wksat_v100_k3_sr5.20_hr0.00_w1_uniform_s2.wcnf,00f00f4ccfa57fb2f7483bd94f85a2574991444a9aadcf343f476c592417e52e,calib_b,max3sat_n100_a5.2,2,520,5,213.208,T2a,tier2,success,,ok,target,0.512,0.51,0.996,0.503,0.503,,5,0,1,1,3804,3804.0,0.512,cs-cpu-05.auth.ad.bgu.ac.il,3.11.15
134,m2f_p40ls3p5_023_s1,full,p40_ls3p5,memetic_deeppolish_p40_ls3p5,configs/tier2/memetic_deeppolish_p40_ls3p5.yaml,40,3.5,clip,1,900,,23,data/generated/calib_b/wksat_v100_k3_sr5.20_hr0.00_w1_uniform_s2.wcnf,00f00f4ccfa57fb2f7483bd94f85a2574991444a9aadcf343f476c592417e52e,calib_b,max3sat_n100_a5.2,2,520,5,213.208,T2a,tier2,success,,ok,target,1.631,1.625,0.996,1.622,1.622,,5,0,1,1,12500,12500.0,1.631,cs-cpu-05.auth.ad.bgu.ac.il,3.11.15
135,m2f_p40ls0p5clip_023_s2,full,p40_ls0p5_clip,memetic_deeppolish_p40_ls0p5_clip,configs/tier2/memetic_deeppolish_p40_ls0p5_clip.yaml,40,0.5,clip,2,900,,23,data/generated/calib_b/wksat_v100_k3_sr5.20_hr0.00_w1_uniform_s2.wcnf,00f00f4ccfa57fb2f7483bd94f85a2574991444a9aadcf343f476c592417e52e,calib_b,max3sat_n100_a5.2,2,520,5,213.208,T2a,tier2,success,,ok,target,0.51,0.507,0.994,0.503,0.503,,5,0,1,1,4520,4520.0,0.51,ise-cpu-intl-14.auth.ad.bgu.ac.il,3.11.15
136,m2f_p40ls3p5_023_s2,full,p40_ls3p5,memetic_deeppolish_p40_ls3p5,configs/tier2/memetic_deeppolish_p40_ls3p5.yaml,40,3.5,clip,2,900,,23,data/generated/calib_b/wksat_v100_k3_sr5.20_hr0.00_w1_uniform_s2.wcnf,00f00f4ccfa57fb2f7483bd94f85a2574991444a9aadcf343f476c592417e52e,calib_b,max3sat_n100_a5.2,2,520,5,213.208,T2a,tier2,success,,ok,target,1.542,1.533,0.994,1.534,1.534,,5,0,1,1,12500,12500.0,1.542,ise-cpu-intl-15.auth.ad.bgu.ac.il,3.11.15
137,m2f_p40ls0p5clip_023_s3,full,p40_ls0p5_clip,memetic_deeppolish_p40_ls0p5_clip,configs/tier2/memetic_deeppolish_p40_ls0p5_clip.yaml,40,0.5,clip,3,900,,23,data/generated/calib_b/wksat_v100_k3_sr5.20_hr0.00_w1_uniform_s2.wcnf,00f00f4ccfa57fb2f7483bd94f85a2574991444a9aadcf343f476c592417e52e,calib_b,max3sat_n100_a5.2,2,520,5,213.208,T2a,tier2,success,,ok,target,0.511,0.505,0.988,0.503,0.503,,5,0,1,1,4112,4112.0,0.511,ise-cpu-intl-15.auth.ad.bgu.ac.il,3.11.15
138,m2f_p40ls3p5_023_s3,full,p40_ls3p5,memetic_deeppolish_p40_ls3p5,configs/tier2/memetic_deeppolish_p40_ls3p5.yaml,40,3.5,clip,3,900,,23,data/generated/calib_b/wksat_v100_k3_sr5.20_hr0.00_w1_uniform_s2.wcnf,00f00f4ccfa57fb2f7483bd94f85a2574991444a9aadcf343f476c592417e52e,calib_b,max3sat_n100_a5.2,2,520,5,213.208,T2a,tier2,success,,ok,target,1.531,1.522,0.994,1.523,1.523,,5,0,1,1,12500,12500.0,1.531,ise-cpu-intl-15.auth.ad.bgu.ac.il,3.11.15
139,m2f_p40ls0p5clip_024_s1,full,p40_ls0p5_clip,memetic_deeppolish_p40_ls0p5_clip,configs/tier2/memetic_deeppolish_p40_ls0p5_clip.yaml,40,0.5,clip,1,900,,24,data/generated/calib_b/wksat_v100_k3_sr5.20_hr0.00_w1_uniform_s5.wcnf,86e2f31c90e6e1c77ea4a61148545182649f75a41a2251cbcb62d012ed7a02e6,calib_b,max3sat_n100_a5.2,5,520,4,46.776,T1,lower_ext,success,,ok,target,0.511,0.508,0.994,0.503,0.503,,4,0,1,1,4099,4099.0,0.511,ise-cpu-intl-15.auth.ad.bgu.ac.il,3.11.15
140,m2f_p40ls3p5_024_s1,full,p40_ls3p5,memetic_deeppolish_p40_ls3p5,configs/tier2/memetic_deeppolish_p40_ls3p5.yaml,40,3.5,clip,1,900,,24,data/generated/calib_b/wksat_v100_k3_sr5.20_hr0.00_w1_uniform_s5.wcnf,86e2f31c90e6e1c77ea4a61148545182649f75a41a2251cbcb62d012ed7a02e6,calib_b,max3sat_n100_a5.2,5,520,4,46.776,T1,lower_ext,success,,ok,target,1.513,1.505,0.995,1.505,1.505,,4,0,1,1,12500,12500.0,1.513,ise-cpu-intl-15.auth.ad.bgu.ac.il,3.11.15
141,m2f_p40ls0p5clip_024_s2,full,p40_ls0p5_clip,memetic_deeppolish_p40_ls0p5_clip,configs/tier2/memetic_deeppolish_p40_ls0p5_clip.yaml,40,0.5,clip,2,900,,24,data/generated/calib_b/wksat_v100_k3_sr5.20_hr0.00_w1_uniform_s5.wcnf,86e2f31c90e6e1c77ea4a61148545182649f75a41a2251cbcb62d012ed7a02e6,calib_b,max3sat_n100_a5.2,5,520,4,46.776,T1,lower_ext,success,,ok,target,0.511,0.507,0.992,0.503,0.503,,4,0,1,1,4205,4205.0,0.511,ise-cpu-intl-15.auth.ad.bgu.ac.il,3.11.15
142,m2f_p40ls3p5_024_s2,full,p40_ls3p5,memetic_deeppolish_p40_ls3p5,configs/tier2/memetic_deeppolish_p40_ls3p5.yaml,40,3.5,clip,2,900,,24,data/generated/calib_b/wksat_v100_k3_sr5.20_hr0.00_w1_uniform_s5.wcnf,86e2f31c90e6e1c77ea4a61148545182649f75a41a2251cbcb62d012ed7a02e6,calib_b,max3sat_n100_a5.2,5,520,4,46.776,T1,lower_ext,success,,ok,target,1.664,1.654,0.994,1.656,1.656,,4,0,1,1,12500,12500.0,1.664,ise-cpu-intl-15.auth.ad.bgu.ac.il,3.11.15
143,m2f_p40ls0p5clip_024_s3,full,p40_ls0p5_clip,memetic_deeppolish_p40_ls0p5_clip,configs/tier2/memetic_deeppolish_p40_ls0p5_clip.yaml,40,0.5,clip,3,900,,24,data/generated/calib_b/wksat_v100_k3_sr5.20_hr0.00_w1_uniform_s5.wcnf,86e2f31c90e6e1c77ea4a61148545182649f75a41a2251cbcb62d012ed7a02e6,calib_b,max3sat_n100_a5.2,5,520,4,46.776,T1,lower_ext,success,,ok,target,0.596,0.51,0.856,0.586,0.586,,4,0,1,1,3123,3123.0,0.596,ise-cpu-intl-24.auth.ad.bgu.ac.il,3.11.15
144,m2f_p40ls3p5_024_s3,full,p40_ls3p5,memetic_deeppolish_p40_ls3p5,configs/tier2/memetic_deeppolish_p40_ls3p5.yaml,40,3.5,clip,3,900,,24,data/generated/calib_b/wksat_v100_k3_sr5.20_hr0.00_w1_uniform_s5.wcnf,86e2f31c90e6e1c77ea4a61148545182649f75a41a2251cbcb62d012ed7a02e6,calib_b,max3sat_n100_a5.2,5,520,4,46.776,T1,lower_ext,success,,ok,target,1.519,1.509,0.993,1.511,1.511,,4,0,1,1,12500,12500.0,1.519,ise-cpu-intl-27.auth.ad.bgu.ac.il,3.11.15
145,m2f_p40ls0p5clip_025_s1,full,p40_ls0p5_clip,memetic_deeppolish_p40_ls0p5_clip,configs/tier2/memetic_deeppolish_p40_ls0p5_clip.yaml,40,0.5,clip,1,900,,25,data/generated/calib_b/wksat_v100_k3_sr5.50_hr0.00_w1_uniform_s1.wcnf,ad0179c31501daddf81b2978b2d57ae9fbdc57509cd85eda9c05e880e8762a9a,calib_b,max3sat_n100_a5.5,1,550,5,173.843,T2a,tier2,success,,ok,target,2.017,2.006,0.995,2.009,2.009,,5,0,1,4,15391,3847.8,0.5042,ise-cpu-intl-25.auth.ad.bgu.ac.il,3.11.15
146,m2f_p40ls3p5_025_s1,full,p40_ls3p5,memetic_deeppolish_p40_ls3p5,configs/tier2/memetic_deeppolish_p40_ls3p5.yaml,40,3.5,clip,1,900,,25,data/generated/calib_b/wksat_v100_k3_sr5.50_hr0.00_w1_uniform_s1.wcnf,ad0179c31501daddf81b2978b2d57ae9fbdc57509cd85eda9c05e880e8762a9a,calib_b,max3sat_n100_a5.5,1,550,5,173.843,T2a,tier2,success,,ok,target,3.209,3.191,0.994,3.202,3.202,,5,0,1,2,25000,12500.0,1.6045,ise-cpu-intl-25.auth.ad.bgu.ac.il,3.11.15
147,m2f_p40ls0p5clip_025_s2,full,p40_ls0p5_clip,memetic_deeppolish_p40_ls0p5_clip,configs/tier2/memetic_deeppolish_p40_ls0p5_clip.yaml,40,0.5,clip,2,900,,25,data/generated/calib_b/wksat_v100_k3_sr5.50_hr0.00_w1_uniform_s1.wcnf,ad0179c31501daddf81b2978b2d57ae9fbdc57509cd85eda9c05e880e8762a9a,calib_b,max3sat_n100_a5.5,1,550,5,173.843,T2a,tier2,success,,ok,target,1.514,1.507,0.995,1.507,1.507,,5,0,1,3,12932,4310.7,0.5047,ise-cpu-intl-14.auth.ad.bgu.ac.il,3.11.15
148,m2f_p40ls3p5_025_s2,full,p40_ls3p5,memetic_deeppolish_p40_ls3p5,configs/tier2/memetic_deeppolish_p40_ls3p5.yaml,40,3.5,clip,2,900,,25,data/generated/calib_b/wksat_v100_k3_sr5.50_hr0.00_w1_uniform_s1.wcnf,ad0179c31501daddf81b2978b2d57ae9fbdc57509cd85eda9c05e880e8762a9a,calib_b,max3sat_n100_a5.5,1,550,5,173.843,T2a,tier2,success,,ok,target,1.568,1.56,0.995,1.561,1.561,,5,0,1,1,12500,12500.0,1.568,ise-cpu-intl-09.auth.ad.bgu.ac.il,3.11.15
149,m2f_p40ls0p5clip_025_s3,full,p40_ls0p5_clip,memetic_deeppolish_p40_ls0p5_clip,configs/tier2/memetic_deeppolish_p40_ls0p5_clip.yaml,40,0.5,clip,3,900,,25,data/generated/calib_b/wksat_v100_k3_sr5.50_hr0.00_w1_uniform_s1.wcnf,ad0179c31501daddf81b2978b2d57ae9fbdc57509cd85eda9c05e880e8762a9a,calib_b,max3sat_n100_a5.5,1,550,5,173.843,T2a,tier2,success,,ok,target,2.518,2.506,0.995,2.51,2.51,,5,0,1,5,20084,4016.8,0.5036,ise-cpu-intl-09.auth.ad.bgu.ac.il,3.11.15
150,m2f_p40ls3p5_025_s3,full,p40_ls3p5,memetic_deeppolish_p40_ls3p5,configs/tier2/memetic_deeppolish_p40_ls3p5.yaml,40,3.5,clip,3,900,,25,data/generated/calib_b/wksat_v100_k3_sr5.50_hr0.00_w1_uniform_s1.wcnf,ad0179c31501daddf81b2978b2d57ae9fbdc57509cd85eda9c05e880e8762a9a,calib_b,max3sat_n100_a5.5,1,550,5,173.843,T2a,tier2,success,,ok,target,7.402,7.366,0.995,7.394,7.394,,5,0,1,5,62500,12500.0,1.4804,ise-cpu-intl-09.auth.ad.bgu.ac.il,3.11.15
151,m2f_p40ls0p5clip_026_s1,full,p40_ls0p5_clip,memetic_deeppolish_p40_ls0p5_clip,configs/tier2/memetic_deeppolish_p40_ls0p5_clip.yaml,40,0.5,clip,1,900,,26,data/generated/calib_b/wksat_v100_k3_sr5.50_hr0.00_w1_uniform_s3.wcnf,e1300e27e840b91233dd80824eb9585bfe4da7d2455a4bd9714b405fa8c706e7,calib_b,max3sat_n100_a5.5,3,550,5,156.628,T2a,tier2,success,,ok,target,1.014,1.009,0.995,1.005,1.005,,5,0,1,2,8016,4008.0,0.507,ise-cpu-intl-09.auth.ad.bgu.ac.il,3.11.15
152,m2f_p40ls3p5_026_s1,full,p40_ls3p5,memetic_deeppolish_p40_ls3p5,configs/tier2/memetic_deeppolish_p40_ls3p5.yaml,40,3.5,clip,1,900,,26,data/generated/calib_b/wksat_v100_k3_sr5.50_hr0.00_w1_uniform_s3.wcnf,e1300e27e840b91233dd80824eb9585bfe4da7d2455a4bd9714b405fa8c706e7,calib_b,max3sat_n100_a5.5,3,550,5,156.628,T2a,tier2,success,,ok,target,1.728,1.721,0.996,1.719,1.719,,5,0,1,1,12500,12500.0,1.728,cs-cpu-05.auth.ad.bgu.ac.il,3.11.15
153,m2f_p40ls0p5clip_026_s2,full,p40_ls0p5_clip,memetic_deeppolish_p40_ls0p5_clip,configs/tier2/memetic_deeppolish_p40_ls0p5_clip.yaml,40,0.5,clip,2,900,,26,data/generated/calib_b/wksat_v100_k3_sr5.50_hr0.00_w1_uniform_s3.wcnf,e1300e27e840b91233dd80824eb9585bfe4da7d2455a4bd9714b405fa8c706e7,calib_b,max3sat_n100_a5.5,3,550,5,156.628,T2a,tier2,success,,ok,target,1.015,1.011,0.996,1.006,1.006,,5,0,1,2,7190,3595.0,0.5075,cs-cpu-05.auth.ad.bgu.ac.il,3.11.15
154,m2f_p40ls3p5_026_s2,full,p40_ls3p5,memetic_deeppolish_p40_ls3p5,configs/tier2/memetic_deeppolish_p40_ls3p5.yaml,40,3.5,clip,2,900,,26,data/generated/calib_b/wksat_v100_k3_sr5.50_hr0.00_w1_uniform_s3.wcnf,e1300e27e840b91233dd80824eb9585bfe4da7d2455a4bd9714b405fa8c706e7,calib_b,max3sat_n100_a5.5,3,550,5,156.628,T2a,tier2,success,,ok,target,1.624,1.614,0.994,1.616,1.616,,5,0,1,1,12500,12500.0,1.624,ise-cpu-intl-11.auth.ad.bgu.ac.il,3.11.15
155,m2f_p40ls0p5clip_026_s3,full,p40_ls0p5_clip,memetic_deeppolish_p40_ls0p5_clip,configs/tier2/memetic_deeppolish_p40_ls0p5_clip.yaml,40,0.5,clip,3,900,,26,data/generated/calib_b/wksat_v100_k3_sr5.50_hr0.00_w1_uniform_s3.wcnf,e1300e27e840b91233dd80824eb9585bfe4da7d2455a4bd9714b405fa8c706e7,calib_b,max3sat_n100_a5.5,3,550,5,156.628,T2a,tier2,success,,ok,target,0.512,0.508,0.992,0.504,0.504,,5,0,1,1,3859,3859.0,0.512,ise-cpu-intl-11.auth.ad.bgu.ac.il,3.11.15
156,m2f_p40ls3p5_026_s3,full,p40_ls3p5,memetic_deeppolish_p40_ls3p5,configs/tier2/memetic_deeppolish_p40_ls3p5.yaml,40,3.5,clip,3,900,,26,data/generated/calib_b/wksat_v100_k3_sr5.50_hr0.00_w1_uniform_s3.wcnf,e1300e27e840b91233dd80824eb9585bfe4da7d2455a4bd9714b405fa8c706e7,calib_b,max3sat_n100_a5.5,3,550,5,156.628,T2a,tier2,success,,ok,target,1.5,1.486,0.991,1.493,1.493,,5,0,1,1,12500,12500.0,1.5,ise-cpu-intl-18.auth.ad.bgu.ac.il,3.11.15
157,m2f_p40ls0p5clip_027_s1,full,p40_ls0p5_clip,memetic_deeppolish_p40_ls0p5_clip,configs/tier2/memetic_deeppolish_p40_ls0p5_clip.yaml,40,0.5,clip,1,900,,27,data/generated/calib_b/wksat_v100_k3_sr5.50_hr0.00_w1_uniform_s4.wcnf,f2dcaaa1ebd871be0b0071d50e291c677e025523a997d87713ec94540d56519c,calib_b,max3sat_n100_a5.5,4,550,4,62.006,T2a,tier2,success,,ok,target,11.554,11.514,0.997,11.546,11.546,,4,0,1,23,96599,4200.0,0.5023,ise-cpu-intl-18.auth.ad.bgu.ac.il,3.11.15
158,m2f_p40ls3p5_027_s1,full,p40_ls3p5,memetic_deeppolish_p40_ls3p5,configs/tier2/memetic_deeppolish_p40_ls3p5.yaml,40,3.5,clip,1,900,,27,data/generated/calib_b/wksat_v100_k3_sr5.50_hr0.00_w1_uniform_s4.wcnf,f2dcaaa1ebd871be0b0071d50e291c677e025523a997d87713ec94540d56519c,calib_b,max3sat_n100_a5.5,4,550,4,62.006,T2a,tier2,success,,ok,target,18.59,18.309,0.985,18.582,18.582,,4,0,1,12,150000,12500.0,1.5492,ise-cpu-intl-18.auth.ad.bgu.ac.il,3.11.15
159,m2f_p40ls0p5clip_027_s2,full,p40_ls0p5_clip,memetic_deeppolish_p40_ls0p5_clip,configs/tier2/memetic_deeppolish_p40_ls0p5_clip.yaml,40,0.5,clip,2,900,,27,data/generated/calib_b/wksat_v100_k3_sr5.50_hr0.00_w1_uniform_s4.wcnf,f2dcaaa1ebd871be0b0071d50e291c677e025523a997d87713ec94540d56519c,calib_b,max3sat_n100_a5.5,4,550,4,62.006,T2a,tier2,success,,ok,target,9.544,9.513,0.997,9.536,9.536,,4,0,1,19,80325,4227.6,0.5023,ise-cpu-intl-18.auth.ad.bgu.ac.il,3.11.15
160,m2f_p40ls3p5_027_s2,full,p40_ls3p5,memetic_deeppolish_p40_ls3p5,configs/tier2/memetic_deeppolish_p40_ls3p5.yaml,40,3.5,clip,2,900,,27,data/generated/calib_b/wksat_v100_k3_sr5.50_hr0.00_w1_uniform_s4.wcnf,f2dcaaa1ebd871be0b0071d50e291c677e025523a997d87713ec94540d56519c,calib_b,max3sat_n100_a5.5,4,550,4,62.006,T2a,tier2,success,,ok,target,4.558,4.537,0.995,4.55,4.55,,4,0,1,3,37500,12500.0,1.5193,ise-cpu-intl-18.auth.ad.bgu.ac.il,3.11.15
161,m2f_p40ls0p5clip_027_s3,full,p40_ls0p5_clip,memetic_deeppolish_p40_ls0p5_clip,configs/tier2/memetic_deeppolish_p40_ls0p5_clip.yaml,40,0.5,clip,3,900,,27,data/generated/calib_b/wksat_v100_k3_sr5.50_hr0.00_w1_uniform_s4.wcnf,f2dcaaa1ebd871be0b0071d50e291c677e025523a997d87713ec94540d56519c,calib_b,max3sat_n100_a5.5,4,550,4,62.006,T2a,tier2,success,,ok,target,9.045,8.999,0.995,9.037,9.037,,4,0,1,18,73419,4078.8,0.5025,ise-cpu-intl-27.auth.ad.bgu.ac.il,3.11.15
162,m2f_p40ls3p5_027_s3,full,p40_ls3p5,memetic_deeppolish_p40_ls3p5,configs/tier2/memetic_deeppolish_p40_ls3p5.yaml,40,3.5,clip,3,900,,27,data/generated/calib_b/wksat_v100_k3_sr5.50_hr0.00_w1_uniform_s4.wcnf,f2dcaaa1ebd871be0b0071d50e291c677e025523a997d87713ec94540d56519c,calib_b,max3sat_n100_a5.5,4,550,4,62.006,T2a,tier2,success,,ok,target,4.689,4.666,0.995,4.68,4.68,,4,0,1,3,37500,12500.0,1.563,ise-cpu-intl-28.auth.ad.bgu.ac.il,3.11.15
163,m2f_p40ls0p5clip_028_s1,full,p40_ls0p5_clip,memetic_deeppolish_p40_ls0p5_clip,configs/tier2/memetic_deeppolish_p40_ls0p5_clip.yaml,40,0.5,clip,1,900,,28,data/generated/calib_b/wksat_v150_k2_sr3.00_hr0.00_w1_uniform_s7.wcnf,4e1ceec953c1d9f2ae3bc1152704a2241d837e59cde7c3f0c4026c0c4ab82267,calib_b,max2sat_n150_a3,7,450,23,32.347,T1,lower_ext,success,,ok,target,0.509,0.506,0.994,0.503,0.503,,23,0,1,1,4933,4933.0,0.509,ise-cpu-intl-28.auth.ad.bgu.ac.il,3.11.15
164,m2f_p40ls3p5_028_s1,full,p40_ls3p5,memetic_deeppolish_p40_ls3p5,configs/tier2/memetic_deeppolish_p40_ls3p5.yaml,40,3.5,clip,1,900,,28,data/generated/calib_b/wksat_v150_k2_sr3.00_hr0.00_w1_uniform_s7.wcnf,4e1ceec953c1d9f2ae3bc1152704a2241d837e59cde7c3f0c4026c0c4ab82267,calib_b,max2sat_n150_a3,7,450,23,32.347,T1,lower_ext,success,,ok,target,1.208,1.203,0.996,1.203,1.203,,23,0,1,1,12500,12500.0,1.208,ise-cpu-intl-28.auth.ad.bgu.ac.il,3.11.15
165,m2f_p40ls0p5clip_028_s2,full,p40_ls0p5_clip,memetic_deeppolish_p40_ls0p5_clip,configs/tier2/memetic_deeppolish_p40_ls0p5_clip.yaml,40,0.5,clip,2,900,,28,data/generated/calib_b/wksat_v150_k2_sr3.00_hr0.00_w1_uniform_s7.wcnf,4e1ceec953c1d9f2ae3bc1152704a2241d837e59cde7c3f0c4026c0c4ab82267,calib_b,max2sat_n150_a3,7,450,23,32.347,T1,lower_ext,success,,ok,target,0.509,0.506,0.994,0.503,0.503,,23,0,1,1,5150,5150.0,0.509,ise-cpu-intl-28.auth.ad.bgu.ac.il,3.11.15
166,m2f_p40ls3p5_028_s2,full,p40_ls3p5,memetic_deeppolish_p40_ls3p5,configs/tier2/memetic_deeppolish_p40_ls3p5.yaml,40,3.5,clip,2,900,,28,data/generated/calib_b/wksat_v150_k2_sr3.00_hr0.00_w1_uniform_s7.wcnf,4e1ceec953c1d9f2ae3bc1152704a2241d837e59cde7c3f0c4026c0c4ab82267,calib_b,max2sat_n150_a3,7,450,23,32.347,T1,lower_ext,success,,ok,target,1.249,1.242,0.994,1.243,1.243,,23,0,1,1,12500,12500.0,1.249,ise-cpu-intl-25.auth.ad.bgu.ac.il,3.11.15
167,m2f_p40ls0p5clip_028_s3,full,p40_ls0p5_clip,memetic_deeppolish_p40_ls0p5_clip,configs/tier2/memetic_deeppolish_p40_ls0p5_clip.yaml,40,0.5,clip,3,900,,28,data/generated/calib_b/wksat_v150_k2_sr3.00_hr0.00_w1_uniform_s7.wcnf,4e1ceec953c1d9f2ae3bc1152704a2241d837e59cde7c3f0c4026c0c4ab82267,calib_b,max2sat_n150_a3,7,450,23,32.347,T1,lower_ext,success,,ok,target,0.509,0.506,0.994,0.503,0.503,,23,0,1,1,5031,5031.0,0.509,ise-cpu-intl-25.auth.ad.bgu.ac.il,3.11.15
168,m2f_p40ls3p5_028_s3,full,p40_ls3p5,memetic_deeppolish_p40_ls3p5,configs/tier2/memetic_deeppolish_p40_ls3p5.yaml,40,3.5,clip,3,900,,28,data/generated/calib_b/wksat_v150_k2_sr3.00_hr0.00_w1_uniform_s7.wcnf,4e1ceec953c1d9f2ae3bc1152704a2241d837e59cde7c3f0c4026c0c4ab82267,calib_b,max2sat_n150_a3,7,450,23,32.347,T1,lower_ext,success,,ok,target,1.656,1.646,0.994,1.647,1.647,,23,0,1,1,12500,12500.0,1.656,ise-cpu-intl-24.auth.ad.bgu.ac.il,3.11.15
169,m2f_p40ls0p5clip_029_s1,full,p40_ls0p5_clip,memetic_deeppolish_p40_ls0p5_clip,configs/tier2/memetic_deeppolish_p40_ls0p5_clip.yaml,40,0.5,clip,1,900,,29,data/generated/calib_b/wksat_v150_k2_sr3.15_hr0.00_w1_uniform_s4.wcnf,d72e2fa9792c60f1f6e66483165d1d00f9c58943f28458cf5017475f7122cccc,calib_b,max2sat_n150_a3.15,4,472,26,300.852,T2b,tier2,success,,ok,target,4.028,4.003,0.994,4.019,4.019,,26,0,1,8,28466,3558.2,0.5035,ise-cpu-intl-24.auth.ad.bgu.ac.il,3.11.15
170,m2f_p40ls3p5_029_s1,full,p40_ls3p5,memetic_deeppolish_p40_ls3p5,configs/tier2/memetic_deeppolish_p40_ls3p5.yaml,40,3.5,clip,1,900,,29,data/generated/calib_b/wksat_v150_k2_sr3.15_hr0.00_w1_uniform_s4.wcnf,d72e2fa9792c60f1f6e66483165d1d00f9c58943f28458cf5017475f7122cccc,calib_b,max2sat_n150_a3.15,4,472,26,300.852,T2b,tier2,success,,ok,target,3.501,3.481,0.994,3.492,3.492,,26,0,1,2,25000,12500.0,1.7505,ise-cpu-intl-24.auth.ad.bgu.ac.il,3.11.15
171,m2f_p40ls0p5clip_029_s2,full,p40_ls0p5_clip,memetic_deeppolish_p40_ls0p5_clip,configs/tier2/memetic_deeppolish_p40_ls0p5_clip.yaml,40,0.5,clip,2,900,,29,data/generated/calib_b/wksat_v150_k2_sr3.15_hr0.00_w1_uniform_s4.wcnf,d72e2fa9792c60f1f6e66483165d1d00f9c58943f28458cf5017475f7122cccc,calib_b,max2sat_n150_a3.15,4,472,26,300.852,T2b,tier2,success,,ok,target,2.523,2.507,0.994,2.513,2.513,,26,0,1,5,17867,3573.4,0.5046,ise-cpu-intl-24.auth.ad.bgu.ac.il,3.11.15
172,m2f_p40ls3p5_029_s2,full,p40_ls3p5,memetic_deeppolish_p40_ls3p5,configs/tier2/memetic_deeppolish_p40_ls3p5.yaml,40,3.5,clip,2,900,,29,data/generated/calib_b/wksat_v150_k2_sr3.15_hr0.00_w1_uniform_s4.wcnf,d72e2fa9792c60f1f6e66483165d1d00f9c58943f28458cf5017475f7122cccc,calib_b,max2sat_n150_a3.15,4,472,26,300.852,T2b,tier2,success,,ok,target,1.732,1.721,0.994,1.722,1.722,,26,0,1,1,12500,12500.0,1.732,ise-cpu-intl-24.auth.ad.bgu.ac.il,3.11.15
173,m2f_p40ls0p5clip_029_s3,full,p40_ls0p5_clip,memetic_deeppolish_p40_ls0p5_clip,configs/tier2/memetic_deeppolish_p40_ls0p5_clip.yaml,40,0.5,clip,3,900,,29,data/generated/calib_b/wksat_v150_k2_sr3.15_hr0.00_w1_uniform_s4.wcnf,d72e2fa9792c60f1f6e66483165d1d00f9c58943f28458cf5017475f7122cccc,calib_b,max2sat_n150_a3.15,4,472,26,300.852,T2b,tier2,success,,ok,target,4.526,4.5,0.994,4.517,4.517,,26,0,1,9,39536,4392.9,0.5029,cs-cpu-05.auth.ad.bgu.ac.il,3.11.15
174,m2f_p40ls3p5_029_s3,full,p40_ls3p5,memetic_deeppolish_p40_ls3p5,configs/tier2/memetic_deeppolish_p40_ls3p5.yaml,40,3.5,clip,3,900,,29,data/generated/calib_b/wksat_v150_k2_sr3.15_hr0.00_w1_uniform_s4.wcnf,d72e2fa9792c60f1f6e66483165d1d00f9c58943f28458cf5017475f7122cccc,calib_b,max2sat_n150_a3.15,4,472,26,300.852,T2b,tier2,success,,ok,target,4.269,4.254,0.996,4.261,4.261,,26,0,1,3,37500,12500.0,1.423,cs-cpu-05.auth.ad.bgu.ac.il,3.11.15
175,m2f_p40ls0p5clip_030_s1,full,p40_ls0p5_clip,memetic_deeppolish_p40_ls0p5_clip,configs/tier2/memetic_deeppolish_p40_ls0p5_clip.yaml,40,0.5,clip,1,900,,30,data/generated/calib_b/wksat_v150_k2_sr3.30_hr0.00_w1_uniform_s1.wcnf,b53a06380af01e12bca2ea12cdaf375ed3af41bc767fd6dc339dbc39d337d226,calib_b,max2sat_n150_a3.3,1,495,25,34.072,T1,lower_ext,success,,ok,target,0.511,0.509,0.996,0.503,0.503,,25,0,1,1,4470,4470.0,0.511,ise-cpu-intl-20.auth.ad.bgu.ac.il,3.11.15
176,m2f_p40ls3p5_030_s1,full,p40_ls3p5,memetic_deeppolish_p40_ls3p5,configs/tier2/memetic_deeppolish_p40_ls3p5.yaml,40,3.5,clip,1,900,,30,data/generated/calib_b/wksat_v150_k2_sr3.30_hr0.00_w1_uniform_s1.wcnf,b53a06380af01e12bca2ea12cdaf375ed3af41bc767fd6dc339dbc39d337d226,calib_b,max2sat_n150_a3.3,1,495,25,34.072,T1,lower_ext,success,,ok,target,1.257,1.249,0.994,1.25,1.25,,25,0,1,1,12500,12500.0,1.257,ise-cpu-intl-18.auth.ad.bgu.ac.il,3.11.15
177,m2f_p40ls0p5clip_030_s2,full,p40_ls0p5_clip,memetic_deeppolish_p40_ls0p5_clip,configs/tier2/memetic_deeppolish_p40_ls0p5_clip.yaml,40,0.5,clip,2,900,,30,data/generated/calib_b/wksat_v150_k2_sr3.30_hr0.00_w1_uniform_s1.wcnf,b53a06380af01e12bca2ea12cdaf375ed3af41bc767fd6dc339dbc39d337d226,calib_b,max2sat_n150_a3.3,1,495,25,34.072,T1,lower_ext,success,,ok,target,0.51,0.507,0.994,0.503,0.503,,25,0,1,1,4912,4912.0,0.51,ise-cpu-intl-18.auth.ad.bgu.ac.il,3.11.15
178,m2f_p40ls3p5_030_s2,full,p40_ls3p5,memetic_deeppolish_p40_ls3p5,configs/tier2/memetic_deeppolish_p40_ls3p5.yaml,40,3.5,clip,2,900,,30,data/generated/calib_b/wksat_v150_k2_sr3.30_hr0.00_w1_uniform_s1.wcnf,b53a06380af01e12bca2ea12cdaf375ed3af41bc767fd6dc339dbc39d337d226,calib_b,max2sat_n150_a3.3,1,495,25,34.072,T1,lower_ext,success,,ok,target,1.81,1.799,0.994,1.801,1.801,,25,0,1,1,12500,12500.0,1.81,ise-cpu-intl-24.auth.ad.bgu.ac.il,3.11.15
179,m2f_p40ls0p5clip_030_s3,full,p40_ls0p5_clip,memetic_deeppolish_p40_ls0p5_clip,configs/tier2/memetic_deeppolish_p40_ls0p5_clip.yaml,40,0.5,clip,3,900,,30,data/generated/calib_b/wksat_v150_k2_sr3.30_hr0.00_w1_uniform_s1.wcnf,b53a06380af01e12bca2ea12cdaf375ed3af41bc767fd6dc339dbc39d337d226,calib_b,max2sat_n150_a3.3,1,495,25,34.072,T1,lower_ext,success,,ok,target,0.511,0.507,0.992,0.504,0.504,,25,0,1,1,4630,4630.0,0.511,ise-cpu-intl-25.auth.ad.bgu.ac.il,3.11.15
180,m2f_p40ls3p5_030_s3,full,p40_ls3p5,memetic_deeppolish_p40_ls3p5,configs/tier2/memetic_deeppolish_p40_ls3p5.yaml,40,3.5,clip,3,900,,30,data/generated/calib_b/wksat_v150_k2_sr3.30_hr0.00_w1_uniform_s1.wcnf,b53a06380af01e12bca2ea12cdaf375ed3af41bc767fd6dc339dbc39d337d226,calib_b,max2sat_n150_a3.3,1,495,25,34.072,T1,lower_ext,success,,ok,target,1.522,1.511,0.993,1.514,1.514,,25,0,1,1,12500,12500.0,1.522,ise-cpu-intl-25.auth.ad.bgu.ac.il,3.11.15
181,m2f_p40ls0p5clip_031_s1,full,p40_ls0p5_clip,memetic_deeppolish_p40_ls0p5_clip,configs/tier2/memetic_deeppolish_p40_ls0p5_clip.yaml,40,0.5,clip,1,900,,31,data/generated/calib_b/wksat_v150_k2_sr3.30_hr0.00_w1_uniform_s3.wcnf,8e2a8d74e791d6bbdbd2308a19e486e320cb3e08638e177a6ee5d43898998c16,calib_b,max2sat_n150_a3.3,3,495,27,170.816,T2a,tier2,success,,ok,target,25.103,24.973,0.995,25.094,25.094,,27,0,2,50,212400,4248.0,0.5021,cs-cpu-05.auth.ad.bgu.ac.il,3.11.15
182,m2f_p40ls3p5_031_s1,full,p40_ls3p5,memetic_deeppolish_p40_ls3p5,configs/tier2/memetic_deeppolish_p40_ls3p5.yaml,40,3.5,clip,1,900,,31,data/generated/calib_b/wksat_v150_k2_sr3.30_hr0.00_w1_uniform_s3.wcnf,8e2a8d74e791d6bbdbd2308a19e486e320cb3e08638e177a6ee5d43898998c16,calib_b,max2sat_n150_a3.3,3,495,27,170.816,T2a,tier2,success,,ok,target,37.063,36.908,0.996,37.054,37.054,,27,0,1,25,312500,12500.0,1.4825,cs-cpu-05.auth.ad.bgu.ac.il,3.11.15
183,m2f_p40ls0p5clip_031_s2,full,p40_ls0p5_clip,memetic_deeppolish_p40_ls0p5_clip,configs/tier2/memetic_deeppolish_p40_ls0p5_clip.yaml,40,0.5,clip,2,900,,31,data/generated/calib_b/wksat_v150_k2_sr3.30_hr0.00_w1_uniform_s3.wcnf,8e2a8d74e791d6bbdbd2308a19e486e320cb3e08638e177a6ee5d43898998c16,calib_b,max2sat_n150_a3.3,3,495,27,170.816,T2a,tier2,success,,ok,target,33.615,33.471,0.996,33.608,33.608,,27,0,2,67,310766,4638.3,0.5017,ise-cpu-intl-11.auth.ad.bgu.ac.il,3.11.15
184,m2f_p40ls3p5_031_s2,full,p40_ls3p5,memetic_deeppolish_p40_ls3p5,configs/tier2/memetic_deeppolish_p40_ls3p5.yaml,40,3.5,clip,2,900,,31,data/generated/calib_b/wksat_v150_k2_sr3.30_hr0.00_w1_uniform_s3.wcnf,8e2a8d74e791d6bbdbd2308a19e486e320cb3e08638e177a6ee5d43898998c16,calib_b,max2sat_n150_a3.3,3,495,27,170.816,T2a,tier2,success,,ok,target,33.425,33.278,0.996,33.419,33.419,,27,0,1,26,325000,12500.0,1.2856,ise-cpu-intl-14.auth.ad.bgu.ac.il,3.11.15
185,m2f_p40ls0p5clip_031_s3,full,p40_ls0p5_clip,memetic_deeppolish_p40_ls0p5_clip,configs/tier2/memetic_deeppolish_p40_ls0p5_clip.yaml,40,0.5,clip,3,900,,31,data/generated/calib_b/wksat_v150_k2_sr3.30_hr0.00_w1_uniform_s3.wcnf,8e2a8d74e791d6bbdbd2308a19e486e320cb3e08638e177a6ee5d43898998c16,calib_b,max2sat_n150_a3.3,3,495,27,170.816,T2a,tier2,success,,ok,target,22.084,21.974,0.995,22.076,22.076,,27,0,2,44,204730,4653.0,0.5019,ise-cpu-intl-15.auth.ad.bgu.ac.il,3.11.15
186,m2f_p40ls3p5_031_s3,full,p40_ls3p5,memetic_deeppolish_p40_ls3p5,configs/tier2/memetic_deeppolish_p40_ls3p5.yaml,40,3.5,clip,3,900,,31,data/generated/calib_b/wksat_v150_k2_sr3.30_hr0.00_w1_uniform_s3.wcnf,8e2a8d74e791d6bbdbd2308a19e486e320cb3e08638e177a6ee5d43898998c16,calib_b,max2sat_n150_a3.3,3,495,27,170.816,T2a,tier2,success,,ok,target,55.219,54.953,0.995,55.212,55.212,,27,0,2,41,512500,12500.0,1.3468,ise-cpu-intl-15.auth.ad.bgu.ac.il,3.11.15
187,m2f_p40ls0p5clip_032_s1,full,p40_ls0p5_clip,memetic_deeppolish_p40_ls0p5_clip,configs/tier2/memetic_deeppolish_p40_ls0p5_clip.yaml,40,0.5,clip,1,900,,32,data/generated/calib_b/wksat_v150_k2_sr3.30_hr0.00_w1_uniform_s4.wcnf,dc29e62067d58db204c2488783e033ba5244cd652ef1d124dcc4f5bf31e8a04d,calib_b,max2sat_n150_a3.3,4,495,28,226.564,T2a,tier2,success,,ok,target,0.51,0.508,0.996,0.503,0.503,,28,0,1,1,4596,4596.0,0.51,ise-cpu-intl-12.auth.ad.bgu.ac.il,3.11.15
188,m2f_p40ls3p5_032_s1,full,p40_ls3p5,memetic_deeppolish_p40_ls3p5,configs/tier2/memetic_deeppolish_p40_ls3p5.yaml,40,3.5,clip,1,900,,32,data/generated/calib_b/wksat_v150_k2_sr3.30_hr0.00_w1_uniform_s4.wcnf,dc29e62067d58db204c2488783e033ba5244cd652ef1d124dcc4f5bf31e8a04d,calib_b,max2sat_n150_a3.3,4,495,28,226.564,T2a,tier2,success,,ok,target,1.283,1.277,0.995,1.276,1.276,,28,0,1,1,12500,12500.0,1.283,ise-cpu-intl-12.auth.ad.bgu.ac.il,3.11.15
189,m2f_p40ls0p5clip_032_s2,full,p40_ls0p5_clip,memetic_deeppolish_p40_ls0p5_clip,configs/tier2/memetic_deeppolish_p40_ls0p5_clip.yaml,40,0.5,clip,2,900,,32,data/generated/calib_b/wksat_v150_k2_sr3.30_hr0.00_w1_uniform_s4.wcnf,dc29e62067d58db204c2488783e033ba5244cd652ef1d124dcc4f5bf31e8a04d,calib_b,max2sat_n150_a3.3,4,495,28,226.564,T2a,tier2,success,,ok,target,2.016,2.005,0.995,2.008,2.008,,28,0,1,4,18265,4566.2,0.504,ise-cpu-intl-13.auth.ad.bgu.ac.il,3.11.15
190,m2f_p40ls3p5_032_s2,full,p40_ls3p5,memetic_deeppolish_p40_ls3p5,configs/tier2/memetic_deeppolish_p40_ls3p5.yaml,40,3.5,clip,2,900,,32,data/generated/calib_b/wksat_v150_k2_sr3.30_hr0.00_w1_uniform_s4.wcnf,dc29e62067d58db204c2488783e033ba5244cd652ef1d124dcc4f5bf31e8a04d,calib_b,max2sat_n150_a3.3,4,495,28,226.564,T2a,tier2,success,,ok,target,1.37,1.363,0.995,1.363,1.363,,28,0,1,1,12500,12500.0,1.37,ise-cpu-intl-13.auth.ad.bgu.ac.il,3.11.15
191,m2f_p40ls0p5clip_032_s3,full,p40_ls0p5_clip,memetic_deeppolish_p40_ls0p5_clip,configs/tier2/memetic_deeppolish_p40_ls0p5_clip.yaml,40,0.5,clip,3,900,,32,data/generated/calib_b/wksat_v150_k2_sr3.30_hr0.00_w1_uniform_s4.wcnf,dc29e62067d58db204c2488783e033ba5244cd652ef1d124dcc4f5bf31e8a04d,calib_b,max2sat_n150_a3.3,4,495,28,226.564,T2a,tier2,success,,ok,target,0.512,0.509,0.994,0.503,0.503,,28,0,1,1,4202,4202.0,0.512,ise-cpu-intl-20.auth.ad.bgu.ac.il,3.11.15
192,m2f_p40ls3p5_032_s3,full,p40_ls3p5,memetic_deeppolish_p40_ls3p5,configs/tier2/memetic_deeppolish_p40_ls3p5.yaml,40,3.5,clip,3,900,,32,data/generated/calib_b/wksat_v150_k2_sr3.30_hr0.00_w1_uniform_s4.wcnf,dc29e62067d58db204c2488783e033ba5244cd652ef1d124dcc4f5bf31e8a04d,calib_b,max2sat_n150_a3.3,4,495,28,226.564,T2a,tier2,success,,ok,target,1.258,1.252,0.995,1.25,1.25,,28,0,1,1,12500,12500.0,1.258,ise-cpu-intl-22.auth.ad.bgu.ac.il,3.11.15
193,m2f_p40ls0p5clip_033_s1,full,p40_ls0p5_clip,memetic_deeppolish_p40_ls0p5_clip,configs/tier2/memetic_deeppolish_p40_ls0p5_clip.yaml,40,0.5,clip,1,900,,33,data/generated/calib_b/wksat_v150_k3_sr4.80_hr0.00_w1_uniform_s3.wcnf,669e13c0b0f2cdeaf50184b1cce69e68d2e844691cd8bde6a56d79849c227eb1,calib_b,max3sat_n150_a4.8,3,720,2,34.908,T1,lower_ext,success,,ok,target,213.85,212.256,0.993,213.838,213.838,,2,0,12,425,1014041,2386.0,0.5032,ise-cpu-intl-01.auth.ad.bgu.ac.il,3.11.15
194,m2f_p40ls3p5_033_s1,full,p40_ls3p5,memetic_deeppolish_p40_ls3p5,configs/tier2/memetic_deeppolish_p40_ls3p5.yaml,40,3.5,clip,1,900,,33,data/generated/calib_b/wksat_v150_k3_sr4.80_hr0.00_w1_uniform_s3.wcnf,669e13c0b0f2cdeaf50184b1cce69e68d2e844691cd8bde6a56d79849c227eb1,calib_b,max3sat_n150_a4.8,3,720,2,34.908,T1,lower_ext,success,,ok,target,118.181,117.487,0.994,118.171,118.171,,2,0,2,59,737500,12500.0,2.0031,ise-cpu-intl-27.auth.ad.bgu.ac.il,3.11.15
195,m2f_p40ls0p5clip_033_s2,full,p40_ls0p5_clip,memetic_deeppolish_p40_ls0p5_clip,configs/tier2/memetic_deeppolish_p40_ls0p5_clip.yaml,40,0.5,clip,2,900,,33,data/generated/calib_b/wksat_v150_k3_sr4.80_hr0.00_w1_uniform_s3.wcnf,669e13c0b0f2cdeaf50184b1cce69e68d2e844691cd8bde6a56d79849c227eb1,calib_b,max3sat_n150_a4.8,3,720,2,34.908,T1,lower_ext,success,,ok,target,35.251,35.031,0.994,35.239,35.239,,2,0,2,70,159945,2284.9,0.5036,ise-cpu-intl-24.auth.ad.bgu.ac.il,3.11.15
196,m2f_p40ls3p5_033_s2,full,p40_ls3p5,memetic_deeppolish_p40_ls3p5,configs/tier2/memetic_deeppolish_p40_ls3p5.yaml,40,3.5,clip,2,900,,33,data/generated/calib_b/wksat_v150_k3_sr4.80_hr0.00_w1_uniform_s3.wcnf,669e13c0b0f2cdeaf50184b1cce69e68d2e844691cd8bde6a56d79849c227eb1,calib_b,max3sat_n150_a4.8,3,720,2,34.908,T1,lower_ext,success,,ok,target,18.342,18.249,0.995,18.332,18.332,,2,0,1,9,112500,12500.0,2.038,ise-cpu-intl-25.auth.ad.bgu.ac.il,3.11.15
197,m2f_p40ls0p5clip_033_s3,full,p40_ls0p5_clip,memetic_deeppolish_p40_ls0p5_clip,configs/tier2/memetic_deeppolish_p40_ls0p5_clip.yaml,40,0.5,clip,3,900,,33,data/generated/calib_b/wksat_v150_k3_sr4.80_hr0.00_w1_uniform_s3.wcnf,669e13c0b0f2cdeaf50184b1cce69e68d2e844691cd8bde6a56d79849c227eb1,calib_b,max3sat_n150_a4.8,3,720,2,34.908,T1,lower_ext,success,,ok,target,13.079,12.871,0.984,13.068,13.068,,2,0,1,26,79801,3069.3,0.503,ise-cpu-intl-25.auth.ad.bgu.ac.il,3.11.15
198,m2f_p40ls3p5_033_s3,full,p40_ls3p5,memetic_deeppolish_p40_ls3p5,configs/tier2/memetic_deeppolish_p40_ls3p5.yaml,40,3.5,clip,3,900,,33,data/generated/calib_b/wksat_v150_k3_sr4.80_hr0.00_w1_uniform_s3.wcnf,669e13c0b0f2cdeaf50184b1cce69e68d2e844691cd8bde6a56d79849c227eb1,calib_b,max3sat_n150_a4.8,3,720,2,34.908,T1,lower_ext,success,,ok,target,47.249,47.028,0.995,47.238,47.238,,2,0,1,23,287500,12500.0,2.0543,ise-cpu-intl-12.auth.ad.bgu.ac.il,3.11.15
199,m2f_p40ls0p5clip_034_s1,full,p40_ls0p5_clip,memetic_deeppolish_p40_ls0p5_clip,configs/tier2/memetic_deeppolish_p40_ls0p5_clip.yaml,40,0.5,clip,1,900,,34,data/generated/calib_b/wksat_v250_k2_sr2.35_hr0.00_w1_uniform_s2.wcnf,18c653f3e0bbcf0b4cc959042b4392308c248a965f0a2fc204431f5919008449,calib_b,max2sat_n250_a2.35,2,588,18,71.063,T2a,tier2,success,,ok,target,0.513,0.51,0.994,0.504,0.504,,18,0,1,1,3876,3876.0,0.513,ise-cpu-intl-12.auth.ad.bgu.ac.il,3.11.15
200,m2f_p40ls3p5_034_s1,full,p40_ls3p5,memetic_deeppolish_p40_ls3p5,configs/tier2/memetic_deeppolish_p40_ls3p5.yaml,40,3.5,clip,1,900,,34,data/generated/calib_b/wksat_v250_k2_sr2.35_hr0.00_w1_uniform_s2.wcnf,18c653f3e0bbcf0b4cc959042b4392308c248a965f0a2fc204431f5919008449,calib_b,max2sat_n250_a2.35,2,588,18,71.063,T2a,tier2,success,,ok,target,1.643,1.634,0.995,1.635,1.635,,18,0,1,1,12500,12500.0,1.643,ise-cpu-intl-13.auth.ad.bgu.ac.il,3.11.15
201,m2f_p40ls0p5clip_034_s2,full,p40_ls0p5_clip,memetic_deeppolish_p40_ls0p5_clip,configs/tier2/memetic_deeppolish_p40_ls0p5_clip.yaml,40,0.5,clip,2,900,,34,data/generated/calib_b/wksat_v250_k2_sr2.35_hr0.00_w1_uniform_s2.wcnf,18c653f3e0bbcf0b4cc959042b4392308c248a965f0a2fc204431f5919008449,calib_b,max2sat_n250_a2.35,2,588,18,71.063,T2a,tier2,success,,ok,target,0.512,0.509,0.994,0.503,0.503,,18,0,1,1,3775,3775.0,0.512,ise-cpu-intl-13.auth.ad.bgu.ac.il,3.11.15
202,m2f_p40ls3p5_034_s2,full,p40_ls3p5,memetic_deeppolish_p40_ls3p5,configs/tier2/memetic_deeppolish_p40_ls3p5.yaml,40,3.5,clip,2,900,,34,data/generated/calib_b/wksat_v250_k2_sr2.35_hr0.00_w1_uniform_s2.wcnf,18c653f3e0bbcf0b4cc959042b4392308c248a965f0a2fc204431f5919008449,calib_b,max2sat_n250_a2.35,2,588,18,71.063,T2a,tier2,success,,ok,target,1.486,1.474,0.992,1.478,1.478,,18,0,1,1,12500,12500.0,1.486,ise-cpu-intl-18.auth.ad.bgu.ac.il,3.11.15
203,m2f_p40ls0p5clip_034_s3,full,p40_ls0p5_clip,memetic_deeppolish_p40_ls0p5_clip,configs/tier2/memetic_deeppolish_p40_ls0p5_clip.yaml,40,0.5,clip,3,900,,34,data/generated/calib_b/wksat_v250_k2_sr2.35_hr0.00_w1_uniform_s2.wcnf,18c653f3e0bbcf0b4cc959042b4392308c248a965f0a2fc204431f5919008449,calib_b,max2sat_n250_a2.35,2,588,18,71.063,T2a,tier2,success,,ok,target,0.511,0.509,0.996,0.503,0.503,,18,0,1,1,4236,4236.0,0.511,ise-cpu-intl-18.auth.ad.bgu.ac.il,3.11.15
204,m2f_p40ls3p5_034_s3,full,p40_ls3p5,memetic_deeppolish_p40_ls3p5,configs/tier2/memetic_deeppolish_p40_ls3p5.yaml,40,3.5,clip,3,900,,34,data/generated/calib_b/wksat_v250_k2_sr2.35_hr0.00_w1_uniform_s2.wcnf,18c653f3e0bbcf0b4cc959042b4392308c248a965f0a2fc204431f5919008449,calib_b,max2sat_n250_a2.35,2,588,18,71.063,T2a,tier2,success,,ok,target,1.507,1.501,0.996,1.499,1.499,,18,0,1,1,12500,12500.0,1.507,ise-cpu-intl-18.auth.ad.bgu.ac.il,3.11.15
205,m2f_p40ls0p5clip_035_s1,full,p40_ls0p5_clip,memetic_deeppolish_p40_ls0p5_clip,configs/tier2/memetic_deeppolish_p40_ls0p5_clip.yaml,40,0.5,clip,1,900,,35,data/generated/calib_b/wksat_v250_k2_sr2.35_hr0.00_w1_uniform_s3.wcnf,61467d5b28e5a06669ba008ec8536be0af97d786fe3fabf9632f4f90a3d978d8,calib_b,max2sat_n250_a2.35,3,588,22,610.255,T3,upper_ext,success,,ok,target,3.022,3.008,0.995,3.014,3.014,,22,0,1,6,24693,4115.5,0.5037,ise-cpu-intl-18.auth.ad.bgu.ac.il,3.11.15
206,m2f_p40ls3p5_035_s1,full,p40_ls3p5,memetic_deeppolish_p40_ls3p5,configs/tier2/memetic_deeppolish_p40_ls3p5.yaml,40,3.5,clip,1,900,,35,data/generated/calib_b/wksat_v250_k2_sr2.35_hr0.00_w1_uniform_s3.wcnf,61467d5b28e5a06669ba008ec8536be0af97d786fe3fabf9632f4f90a3d978d8,calib_b,max2sat_n250_a2.35,3,588,22,610.255,T3,upper_ext,success,,ok,target,1.63,1.622,0.995,1.622,1.622,,22,0,1,1,12500,12500.0,1.63,ise-cpu-intl-15.auth.ad.bgu.ac.il,3.11.15
207,m2f_p40ls0p5clip_035_s2,full,p40_ls0p5_clip,memetic_deeppolish_p40_ls0p5_clip,configs/tier2/memetic_deeppolish_p40_ls0p5_clip.yaml,40,0.5,clip,2,900,,35,data/generated/calib_b/wksat_v250_k2_sr2.35_hr0.00_w1_uniform_s3.wcnf,61467d5b28e5a06669ba008ec8536be0af97d786fe3fabf9632f4f90a3d978d8,calib_b,max2sat_n250_a2.35,3,588,22,610.255,T3,upper_ext,success,,ok,target,4.528,4.505,0.995,4.52,4.52,,22,0,1,9,35858,3984.2,0.5031,ise-cpu-intl-15.auth.ad.bgu.ac.il,3.11.15
208,m2f_p40ls3p5_035_s2,full,p40_ls3p5,memetic_deeppolish_p40_ls3p5,configs/tier2/memetic_deeppolish_p40_ls3p5.yaml,40,3.5,clip,2,900,,35,data/generated/calib_b/wksat_v250_k2_sr2.35_hr0.00_w1_uniform_s3.wcnf,61467d5b28e5a06669ba008ec8536be0af97d786fe3fabf9632f4f90a3d978d8,calib_b,max2sat_n250_a2.35,3,588,22,610.255,T3,upper_ext,success,,ok,target,1.669,1.659,0.994,1.66,1.66,,22,0,1,1,12500,12500.0,1.669,ise-cpu-intl-25.auth.ad.bgu.ac.il,3.11.15
209,m2f_p40ls0p5clip_035_s3,full,p40_ls0p5_clip,memetic_deeppolish_p40_ls0p5_clip,configs/tier2/memetic_deeppolish_p40_ls0p5_clip.yaml,40,0.5,clip,3,900,,35,data/generated/calib_b/wksat_v250_k2_sr2.35_hr0.00_w1_uniform_s3.wcnf,61467d5b28e5a06669ba008ec8536be0af97d786fe3fabf9632f4f90a3d978d8,calib_b,max2sat_n250_a2.35,3,588,22,610.255,T3,upper_ext,success,,ok,target,1.517,1.509,0.995,1.507,1.507,,22,0,1,3,11794,3931.3,0.5057,ise-cpu-intl-11.auth.ad.bgu.ac.il,3.11.15
210,m2f_p40ls3p5_035_s3,full,p40_ls3p5,memetic_deeppolish_p40_ls3p5,configs/tier2/memetic_deeppolish_p40_ls3p5.yaml,40,3.5,clip,3,900,,35,data/generated/calib_b/wksat_v250_k2_sr2.35_hr0.00_w1_uniform_s3.wcnf,61467d5b28e5a06669ba008ec8536be0af97d786fe3fabf9632f4f90a3d978d8,calib_b,max2sat_n250_a2.35,3,588,22,610.255,T3,upper_ext,success,,ok,target,1.575,1.567,0.995,1.568,1.568,,22,0,1,1,12500,12500.0,1.575,ise-cpu-intl-12.auth.ad.bgu.ac.il,3.11.15
211,m2f_p40ls0p5clip_036_s1,full,p40_ls0p5_clip,memetic_deeppolish_p40_ls0p5_clip,configs/tier2/memetic_deeppolish_p40_ls0p5_clip.yaml,40,0.5,clip,1,900,,36,data/generated/calib_b/wksat_v250_k3_sr4.26_hr0.00_w1_uniform_s10.wcnf,4fcc71c5989460862c892c9ba67f8383c34ec8c86550bec884a56b122c86f4ba,calib_b,max3sat_n250_a4.26,10,1065,1,53.407,T1,lower_ext,success,,ok,target,10.091,10.04,0.995,10.076,10.076,,1,0,1,20,43410,2170.5,0.5045,ise-cpu-intl-14.auth.ad.bgu.ac.il,3.11.15
212,m2f_p40ls3p5_036_s1,full,p40_ls3p5,memetic_deeppolish_p40_ls3p5,configs/tier2/memetic_deeppolish_p40_ls3p5.yaml,40,3.5,clip,1,900,,36,data/generated/calib_b/wksat_v250_k3_sr4.26_hr0.00_w1_uniform_s10.wcnf,4fcc71c5989460862c892c9ba67f8383c34ec8c86550bec884a56b122c86f4ba,calib_b,max3sat_n250_a4.26,10,1065,1,53.407,T1,lower_ext,success,,ok,target,57.774,57.485,0.995,57.76,57.76,,1,0,1,20,250000,12500.0,2.8887,ise-cpu-intl-13.auth.ad.bgu.ac.il,3.11.15
213,m2f_p40ls0p5clip_036_s2,full,p40_ls0p5_clip,memetic_deeppolish_p40_ls0p5_clip,configs/tier2/memetic_deeppolish_p40_ls0p5_clip.yaml,40,0.5,clip,2,900,,36,data/generated/calib_b/wksat_v250_k3_sr4.26_hr0.00_w1_uniform_s10.wcnf,4fcc71c5989460862c892c9ba67f8383c34ec8c86550bec884a56b122c86f4ba,calib_b,max3sat_n250_a4.26,10,1065,1,53.407,T1,lower_ext,success,,ok,target,30.228,30.013,0.993,30.214,30.214,,1,0,2,60,128015,2133.6,0.5038,ise-cpu-intl-13.auth.ad.bgu.ac.il,3.11.15
214,m2f_p40ls3p5_036_s2,full,p40_ls3p5,memetic_deeppolish_p40_ls3p5,configs/tier2/memetic_deeppolish_p40_ls3p5.yaml,40,3.5,clip,2,900,,36,data/generated/calib_b/wksat_v250_k3_sr4.26_hr0.00_w1_uniform_s10.wcnf,4fcc71c5989460862c892c9ba67f8383c34ec8c86550bec884a56b122c86f4ba,calib_b,max3sat_n250_a4.26,10,1065,1,53.407,T1,lower_ext,success,,ok,target,38.456,38.226,0.994,38.443,38.443,,1,0,1,14,175000,12500.0,2.7469,ise-cpu-intl-18.auth.ad.bgu.ac.il,3.11.15
215,m2f_p40ls0p5clip_036_s3,full,p40_ls0p5_clip,memetic_deeppolish_p40_ls0p5_clip,configs/tier2/memetic_deeppolish_p40_ls0p5_clip.yaml,40,0.5,clip,3,900,,36,data/generated/calib_b/wksat_v250_k3_sr4.26_hr0.00_w1_uniform_s10.wcnf,4fcc71c5989460862c892c9ba67f8383c34ec8c86550bec884a56b122c86f4ba,calib_b,max3sat_n250_a4.26,10,1065,1,53.407,T1,lower_ext,success,,ok,target,23.18,23.102,0.997,23.166,23.166,,1,0,2,46,101175,2199.5,0.5039,ise-cpu-intl-18.auth.ad.bgu.ac.il,3.11.15
216,m2f_p40ls3p5_036_s3,full,p40_ls3p5,memetic_deeppolish_p40_ls3p5,configs/tier2/memetic_deeppolish_p40_ls3p5.yaml,40,3.5,clip,3,900,,36,data/generated/calib_b/wksat_v250_k3_sr4.26_hr0.00_w1_uniform_s10.wcnf,4fcc71c5989460862c892c9ba67f8383c34ec8c86550bec884a56b122c86f4ba,calib_b,max3sat_n250_a4.26,10,1065,1,53.407,T1,lower_ext,success,,ok,target,28.794,27.715,0.963,28.779,28.779,,1,0,1,10,125000,12500.0,2.8794,ise-cpu-intl-18.auth.ad.bgu.ac.il,3.11.15
217,m2f_p40ls0p5clip_037_s1,full,p40_ls0p5_clip,memetic_deeppolish_p40_ls0p5_clip,configs/tier2/memetic_deeppolish_p40_ls0p5_clip.yaml,40,0.5,clip,1,900,,37,data/generated/calib_b/wksat_v250_k3_sr4.26_hr0.00_w1_uniform_s7.wcnf,72d34e7a3da8965710ba686bce7221d88afa9b97451cc2660efb14995a0ae38d,calib_b,max3sat_n250_a4.26,7,1065,1,32.977,T1,lower_ext,success,,ok,target,18.648,18.585,0.997,18.634,18.634,,1,0,1,37,82594,2232.3,0.504,ise-cpu-intl-18.auth.ad.bgu.ac.il,3.11.15
218,m2f_p40ls3p5_037_s1,full,p40_ls3p5,memetic_deeppolish_p40_ls3p5,configs/tier2/memetic_deeppolish_p40_ls3p5.yaml,40,3.5,clip,1,900,,37,data/generated/calib_b/wksat_v250_k3_sr4.26_hr0.00_w1_uniform_s7.wcnf,72d34e7a3da8965710ba686bce7221d88afa9b97451cc2660efb14995a0ae38d,calib_b,max3sat_n250_a4.26,7,1065,1,32.977,T1,lower_ext,success,,ok,target,80.494,79.944,0.993,80.48,80.48,,1,0,1,28,350000,12500.0,2.8748,ise-cpu-intl-18.auth.ad.bgu.ac.il,3.11.15
219,m2f_p40ls0p5clip_037_s2,full,p40_ls0p5_clip,memetic_deeppolish_p40_ls0p5_clip,configs/tier2/memetic_deeppolish_p40_ls0p5_clip.yaml,40,0.5,clip,2,900,,37,data/generated/calib_b/wksat_v250_k3_sr4.26_hr0.00_w1_uniform_s7.wcnf,72d34e7a3da8965710ba686bce7221d88afa9b97451cc2660efb14995a0ae38d,calib_b,max3sat_n250_a4.26,7,1065,1,32.977,T1,lower_ext,success,,ok,target,20.677,20.604,0.996,20.663,20.663,,1,0,2,41,88125,2149.4,0.5043,ise-cpu-intl-20.auth.ad.bgu.ac.il,3.11.15
220,m2f_p40ls3p5_037_s2,full,p40_ls3p5,memetic_deeppolish_p40_ls3p5,configs/tier2/memetic_deeppolish_p40_ls3p5.yaml,40,3.5,clip,2,900,,37,data/generated/calib_b/wksat_v250_k3_sr4.26_hr0.00_w1_uniform_s7.wcnf,72d34e7a3da8965710ba686bce7221d88afa9b97451cc2660efb14995a0ae38d,calib_b,max3sat_n250_a4.26,7,1065,1,32.977,T1,lower_ext,success,,ok,target,87.784,87.255,0.994,87.77,87.77,,1,0,1,30,375000,12500.0,2.9261,ise-cpu-intl-15.auth.ad.bgu.ac.il,3.11.15
221,m2f_p40ls0p5clip_037_s3,full,p40_ls0p5_clip,memetic_deeppolish_p40_ls0p5_clip,configs/tier2/memetic_deeppolish_p40_ls0p5_clip.yaml,40,0.5,clip,3,900,,37,data/generated/calib_b/wksat_v250_k3_sr4.26_hr0.00_w1_uniform_s7.wcnf,72d34e7a3da8965710ba686bce7221d88afa9b97451cc2660efb14995a0ae38d,calib_b,max3sat_n250_a4.26,7,1065,1,32.977,T1,lower_ext,success,,ok,target,34.265,34.091,0.995,34.251,34.251,,1,0,2,68,143288,2107.2,0.5039,ise-cpu-intl-11.auth.ad.bgu.ac.il,3.11.15
222,m2f_p40ls3p5_037_s3,full,p40_ls3p5,memetic_deeppolish_p40_ls3p5,configs/tier2/memetic_deeppolish_p40_ls3p5.yaml,40,3.5,clip,3,900,,37,data/generated/calib_b/wksat_v250_k3_sr4.26_hr0.00_w1_uniform_s7.wcnf,72d34e7a3da8965710ba686bce7221d88afa9b97451cc2660efb14995a0ae38d,calib_b,max3sat_n250_a4.26,7,1065,1,32.977,T1,lower_ext,success,,ok,target,61.847,61.536,0.995,61.833,61.833,,1,0,1,22,275000,12500.0,2.8112,ise-cpu-intl-12.auth.ad.bgu.ac.il,3.11.15
223,m2f_p40ls0p5clip_038_s1,full,p40_ls0p5_clip,memetic_deeppolish_p40_ls0p5_clip,configs/tier2/memetic_deeppolish_p40_ls0p5_clip.yaml,40,0.5,clip,1,900,,38,data/generated/calib_b/wksat_v250_k3_sr4.26_hr0.00_w1_uniform_s8.wcnf,56c796bb3a48c102dd1dc8b7b23569d026700676098bc199b9969d3694ef5af3,calib_b,max3sat_n250_a4.26,8,1065,1,113.526,T2a,tier2,success,,ok,target,86.641,86.206,0.995,86.627,86.627,,1,0,5,172,361657,2102.7,0.5037,ise-cpu-intl-25.auth.ad.bgu.ac.il,3.11.15
224,m2f_p40ls3p5_038_s1,full,p40_ls3p5,memetic_deeppolish_p40_ls3p5,configs/tier2/memetic_deeppolish_p40_ls3p5.yaml,40,3.5,clip,1,900,,38,data/generated/calib_b/wksat_v250_k3_sr4.26_hr0.00_w1_uniform_s8.wcnf,56c796bb3a48c102dd1dc8b7b23569d026700676098bc199b9969d3694ef5af3,calib_b,max3sat_n250_a4.26,8,1065,1,113.526,T2a,tier2,budget_exhausted,,ok,time_cap,900.021,892.843,0.992,,,0.021,2,1,8,298,3717268,12474.1,3.0202,ise-cpu-intl-25.auth.ad.bgu.ac.il,3.11.15
225,m2f_p40ls0p5clip_038_s2,full,p40_ls0p5_clip,memetic_deeppolish_p40_ls0p5_clip,configs/tier2/memetic_deeppolish_p40_ls0p5_clip.yaml,40,0.5,clip,2,900,,38,data/generated/calib_b/wksat_v250_k3_sr4.26_hr0.00_w1_uniform_s8.wcnf,56c796bb3a48c102dd1dc8b7b23569d026700676098bc199b9969d3694ef5af3,calib_b,max3sat_n250_a4.26,8,1065,1,113.526,T2a,tier2,budget_exhausted,,ok,time_cap,900.017,894.503,0.994,,,0.017,2,1,48,1787,3582970,2005.0,0.5036,ise-cpu-intl-27.auth.ad.bgu.ac.il,3.11.15
226,m2f_p40ls3p5_038_s2,full,p40_ls3p5,memetic_deeppolish_p40_ls3p5,configs/tier2/memetic_deeppolish_p40_ls3p5.yaml,40,3.5,clip,2,900,,38,data/generated/calib_b/wksat_v250_k3_sr4.26_hr0.00_w1_uniform_s8.wcnf,56c796bb3a48c102dd1dc8b7b23569d026700676098bc199b9969d3694ef5af3,calib_b,max3sat_n250_a4.26,8,1065,1,113.526,T2a,tier2,success,,ok,target,157.851,157.101,0.995,157.838,157.838,,1,0,2,55,687500,12500.0,2.87,ise-cpu-intl-11.auth.ad.bgu.ac.il,3.11.15
227,m2f_p40ls0p5clip_038_s3,full,p40_ls0p5_clip,memetic_deeppolish_p40_ls0p5_clip,configs/tier2/memetic_deeppolish_p40_ls0p5_clip.yaml,40,0.5,clip,3,900,,38,data/generated/calib_b/wksat_v250_k3_sr4.26_hr0.00_w1_uniform_s8.wcnf,56c796bb3a48c102dd1dc8b7b23569d026700676098bc199b9969d3694ef5af3,calib_b,max3sat_n250_a4.26,8,1065,1,113.526,T2a,tier2,budget_exhausted,,ok,time_cap,900.017,896.08,0.996,,,0.017,2,1,48,1789,3970361,2219.3,0.5031,ise-cpu-intl-14.auth.ad.bgu.ac.il,3.11.15
228,m2f_p40ls3p5_038_s3,full,p40_ls3p5,memetic_deeppolish_p40_ls3p5,configs/tier2/memetic_deeppolish_p40_ls3p5.yaml,40,3.5,clip,3,900,,38,data/generated/calib_b/wksat_v250_k3_sr4.26_hr0.00_w1_uniform_s8.wcnf,56c796bb3a48c102dd1dc8b7b23569d026700676098bc199b9969d3694ef5af3,calib_b,max3sat_n250_a4.26,8,1065,1,113.526,T2a,tier2,success,,ok,target,243.04,241.963,0.996,243.028,243.028,,1,0,3,89,1112500,12500.0,2.7308,ise-cpu-intl-14.auth.ad.bgu.ac.il,3.11.15
229,m2f_p40ls0p5clip_039_s1,full,p40_ls0p5_clip,memetic_deeppolish_p40_ls0p5_clip,configs/tier2/memetic_deeppolish_p40_ls0p5_clip.yaml,40,0.5,clip,1,900,,39,data/generated/calib_b/wksat_v250_k3_sr4.35_hr0.00_w1_uniform_s2.wcnf,9bb5c889d02025d1ee908bc35ad0fe5c37ee0b0aaf4b7f89584bd309c8c49407,calib_b,max3sat_n250_a4.35,2,1088,1,323.722,T2b,tier2,budget_exhausted,,ok,time_cap,900.018,895.284,0.995,,,0.018,2,1,48,1788,3744864,2094.4,0.5034,ise-cpu-intl-25.auth.ad.bgu.ac.il,3.11.15
230,m2f_p40ls3p5_039_s1,full,p40_ls3p5,memetic_deeppolish_p40_ls3p5,configs/tier2/memetic_deeppolish_p40_ls3p5.yaml,40,3.5,clip,1,900,,39,data/generated/calib_b/wksat_v250_k3_sr4.35_hr0.00_w1_uniform_s2.wcnf,9bb5c889d02025d1ee908bc35ad0fe5c37ee0b0aaf4b7f89584bd309c8c49407,calib_b,max3sat_n250_a4.35,2,1088,1,323.722,T2b,tier2,budget_exhausted,,ok,time_cap,900.018,894.983,0.994,,,0.018,2,1,8,292,3645302,12483.9,3.0823,ise-cpu-intl-15.auth.ad.bgu.ac.il,3.11.15
231,m2f_p40ls0p5clip_039_s2,full,p40_ls0p5_clip,memetic_deeppolish_p40_ls0p5_clip,configs/tier2/memetic_deeppolish_p40_ls0p5_clip.yaml,40,0.5,clip,2,900,,39,data/generated/calib_b/wksat_v250_k3_sr4.35_hr0.00_w1_uniform_s2.wcnf,9bb5c889d02025d1ee908bc35ad0fe5c37ee0b0aaf4b7f89584bd309c8c49407,calib_b,max3sat_n250_a4.35,2,1088,1,323.722,T2b,tier2,budget_exhausted,,ok,time_cap,900.018,894.595,0.994,,,0.018,2,1,48,1787,3521197,1970.5,0.5036,ise-cpu-intl-15.auth.ad.bgu.ac.il,3.11.15
232,m2f_p40ls3p5_039_s2,full,p40_ls3p5,memetic_deeppolish_p40_ls3p5,configs/tier2/memetic_deeppolish_p40_ls3p5.yaml,40,3.5,clip,2,900,,39,data/generated/calib_b/wksat_v250_k3_sr4.35_hr0.00_w1_uniform_s2.wcnf,9bb5c889d02025d1ee908bc35ad0fe5c37ee0b0aaf4b7f89584bd309c8c49407,calib_b,max3sat_n250_a4.35,2,1088,1,323.722,T2b,tier2,success,,ok,target,19.846,19.779,0.997,19.832,19.832,,1,0,1,7,87500,12500.0,2.8351,ise-cpu-intl-18.auth.ad.bgu.ac.il,3.11.15
233,m2f_p40ls0p5clip_039_s3,full,p40_ls0p5_clip,memetic_deeppolish_p40_ls0p5_clip,configs/tier2/memetic_deeppolish_p40_ls0p5_clip.yaml,40,0.5,clip,3,900,,39,data/generated/calib_b/wksat_v250_k3_sr4.35_hr0.00_w1_uniform_s2.wcnf,9bb5c889d02025d1ee908bc35ad0fe5c37ee0b0aaf4b7f89584bd309c8c49407,calib_b,max3sat_n250_a4.35,2,1088,1,323.722,T2b,tier2,success,,ok,target,150.091,149.601,0.997,150.077,150.077,,1,0,8,298,647591,2173.1,0.5037,ise-cpu-intl-18.auth.ad.bgu.ac.il,3.11.15
234,m2f_p40ls3p5_039_s3,full,p40_ls3p5,memetic_deeppolish_p40_ls3p5,configs/tier2/memetic_deeppolish_p40_ls3p5.yaml,40,3.5,clip,3,900,,39,data/generated/calib_b/wksat_v250_k3_sr4.35_hr0.00_w1_uniform_s2.wcnf,9bb5c889d02025d1ee908bc35ad0fe5c37ee0b0aaf4b7f89584bd309c8c49407,calib_b,max3sat_n250_a4.35,2,1088,1,323.722,T2b,tier2,success,,ok,target,99.433,98.945,0.995,99.417,99.417,,1,0,1,30,375000,12500.0,3.3144,cs-cpu-05.auth.ad.bgu.ac.il,3.11.15
235,m2f_p40ls0p5clip_040_s1,full,p40_ls0p5_clip,memetic_deeppolish_p40_ls0p5_clip,configs/tier2/memetic_deeppolish_p40_ls0p5_clip.yaml,40,0.5,clip,1,900,,40,data/generated/calib_b/wksat_v250_k3_sr4.35_hr0.00_w1_uniform_s5.wcnf,303da7f95d4640f0dcd711a6139922da220676bfb5f79a8d374d958449586f98,calib_b,max3sat_n250_a4.35,5,1088,1,103.423,T2a,tier2,success,,ok,target,6.562,6.535,0.996,6.548,6.548,,1,0,1,13,28056,2158.2,0.5048,ise-cpu-intl-18.auth.ad.bgu.ac.il,3.11.15
236,m2f_p40ls3p5_040_s1,full,p40_ls3p5,memetic_deeppolish_p40_ls3p5,configs/tier2/memetic_deeppolish_p40_ls3p5.yaml,40,3.5,clip,1,900,,40,data/generated/calib_b/wksat_v250_k3_sr4.35_hr0.00_w1_uniform_s5.wcnf,303da7f95d4640f0dcd711a6139922da220676bfb5f79a8d374d958449586f98,calib_b,max3sat_n250_a4.35,5,1088,1,103.423,T2a,tier2,success,,ok,target,29.627,29.49,0.995,29.613,29.613,,1,0,1,10,125000,12500.0,2.9627,ise-cpu-intl-12.auth.ad.bgu.ac.il,3.11.15
237,m2f_p40ls0p5clip_040_s2,full,p40_ls0p5_clip,memetic_deeppolish_p40_ls0p5_clip,configs/tier2/memetic_deeppolish_p40_ls0p5_clip.yaml,40,0.5,clip,2,900,,40,data/generated/calib_b/wksat_v250_k3_sr4.35_hr0.00_w1_uniform_s5.wcnf,303da7f95d4640f0dcd711a6139922da220676bfb5f79a8d374d958449586f98,calib_b,max3sat_n250_a4.35,5,1088,1,103.423,T2a,tier2,success,,ok,target,14.624,14.554,0.995,14.61,14.61,,1,0,1,29,61033,2104.6,0.5043,ise-cpu-intl-13.auth.ad.bgu.ac.il,3.11.15
238,m2f_p40ls3p5_040_s2,full,p40_ls3p5,memetic_deeppolish_p40_ls3p5,configs/tier2/memetic_deeppolish_p40_ls3p5.yaml,40,3.5,clip,2,900,,40,data/generated/calib_b/wksat_v250_k3_sr4.35_hr0.00_w1_uniform_s5.wcnf,303da7f95d4640f0dcd711a6139922da220676bfb5f79a8d374d958449586f98,calib_b,max3sat_n250_a4.35,5,1088,1,103.423,T2a,tier2,success,,ok,target,24.573,24.382,0.992,24.553,24.553,,1,0,1,7,75294,10756.3,3.5104,ise-cpu-intl-24.auth.ad.bgu.ac.il,3.11.15
239,m2f_p40ls0p5clip_040_s3,full,p40_ls0p5_clip,memetic_deeppolish_p40_ls0p5_clip,configs/tier2/memetic_deeppolish_p40_ls0p5_clip.yaml,40,0.5,clip,3,900,,40,data/generated/calib_b/wksat_v250_k3_sr4.35_hr0.00_w1_uniform_s5.wcnf,303da7f95d4640f0dcd711a6139922da220676bfb5f79a8d374d958449586f98,calib_b,max3sat_n250_a4.35,5,1088,1,103.423,T2a,tier2,success,,ok,target,5.558,5.529,0.995,5.543,5.543,,1,0,1,11,22930,2084.5,0.5053,ise-cpu-intl-11.auth.ad.bgu.ac.il,3.11.15
240,m2f_p40ls3p5_040_s3,full,p40_ls3p5,memetic_deeppolish_p40_ls3p5,configs/tier2/memetic_deeppolish_p40_ls3p5.yaml,40,3.5,clip,3,900,,40,data/generated/calib_b/wksat_v250_k3_sr4.35_hr0.00_w1_uniform_s5.wcnf,303da7f95d4640f0dcd711a6139922da220676bfb5f79a8d374d958449586f98,calib_b,max3sat_n250_a4.35,5,1088,1,103.423,T2a,tier2,success,,ok,target,16.763,16.709,0.997,16.749,16.749,,1,0,1,6,75000,12500.0,2.7938,ise-cpu-intl-18.auth.ad.bgu.ac.il,3.11.15
241,m2f_p40ls0p5clip_041_s1,full,p40_ls0p5_clip,memetic_deeppolish_p40_ls0p5_clip,configs/tier2/memetic_deeppolish_p40_ls0p5_clip.yaml,40,0.5,clip,1,900,,41,data/generated/calib_b/wksat_v400_k2_sr2.00_hr0.00_w1_uniform_s6.wcnf,ca5137cf8ba2cc86732c2759a38906c0fb97cf6597fb96a86a561430ddafa920,calib_b,max2sat_n400_a2,6,800,19,412.73,T2b,tier2,success,,ok,target,19.124,19.034,0.995,19.112,19.112,,19,0,1,38,111358,2930.5,0.5033,ise-cpu-intl-25.auth.ad.bgu.ac.il,3.11.15
242,m2f_p40ls3p5_041_s1,full,p40_ls3p5,memetic_deeppolish_p40_ls3p5,configs/tier2/memetic_deeppolish_p40_ls3p5.yaml,40,3.5,clip,1,900,,41,data/generated/calib_b/wksat_v400_k2_sr2.00_hr0.00_w1_uniform_s6.wcnf,ca5137cf8ba2cc86732c2759a38906c0fb97cf6597fb96a86a561430ddafa920,calib_b,max2sat_n400_a2,6,800,19,412.73,T2b,tier2,success,,ok,target,81.99,81.603,0.995,81.978,81.978,,19,0,1,38,475000,12500.0,2.1576,ise-cpu-intl-11.auth.ad.bgu.ac.il,3.11.15
243,m2f_p40ls0p5clip_041_s2,full,p40_ls0p5_clip,memetic_deeppolish_p40_ls0p5_clip,configs/tier2/memetic_deeppolish_p40_ls0p5_clip.yaml,40,0.5,clip,2,900,,41,data/generated/calib_b/wksat_v400_k2_sr2.00_hr0.00_w1_uniform_s6.wcnf,ca5137cf8ba2cc86732c2759a38906c0fb97cf6597fb96a86a561430ddafa920,calib_b,max2sat_n400_a2,6,800,19,412.73,T2b,tier2,success,,ok,target,43.252,43.037,0.995,43.24,43.24,,19,0,3,86,249781,2904.4,0.5029,ise-cpu-intl-11.auth.ad.bgu.ac.il,3.11.15
244,m2f_p40ls3p5_041_s2,full,p40_ls3p5,memetic_deeppolish_p40_ls3p5,configs/tier2/memetic_deeppolish_p40_ls3p5.yaml,40,3.5,clip,2,900,,41,data/generated/calib_b/wksat_v400_k2_sr2.00_hr0.00_w1_uniform_s6.wcnf,ca5137cf8ba2cc86732c2759a38906c0fb97cf6597fb96a86a561430ddafa920,calib_b,max2sat_n400_a2,6,800,19,412.73,T2b,tier2,success,,ok,target,118.636,118.087,0.995,118.624,118.624,,19,0,2,56,700000,12500.0,2.1185,ise-cpu-intl-13.auth.ad.bgu.ac.il,3.11.15
245,m2f_p40ls0p5clip_041_s3,full,p40_ls0p5_clip,memetic_deeppolish_p40_ls0p5_clip,configs/tier2/memetic_deeppolish_p40_ls0p5_clip.yaml,40,0.5,clip,3,900,,41,data/generated/calib_b/wksat_v400_k2_sr2.00_hr0.00_w1_uniform_s6.wcnf,ca5137cf8ba2cc86732c2759a38906c0fb97cf6597fb96a86a561430ddafa920,calib_b,max2sat_n400_a2,6,800,19,412.73,T2b,tier2,success,,ok,target,471.831,469.664,0.995,471.819,471.819,,19,0,25,939,2918197,3107.8,0.5025,ise-cpu-intl-13.auth.ad.bgu.ac.il,3.11.15
246,m2f_p40ls3p5_041_s3,full,p40_ls3p5,memetic_deeppolish_p40_ls3p5,configs/tier2/memetic_deeppolish_p40_ls3p5.yaml,40,3.5,clip,3,900,,41,data/generated/calib_b/wksat_v400_k2_sr2.00_hr0.00_w1_uniform_s6.wcnf,ca5137cf8ba2cc86732c2759a38906c0fb97cf6597fb96a86a561430ddafa920,calib_b,max2sat_n400_a2,6,800,19,412.73,T2b,tier2,success,,ok,target,168.628,168.089,0.997,168.616,168.616,,19,0,3,82,1025000,12500.0,2.0564,ise-cpu-intl-18.auth.ad.bgu.ac.il,3.11.15
247,m2f_p40ls0p5clip_042_s1,full,p40_ls0p5_clip,memetic_deeppolish_p40_ls0p5_clip,configs/tier2/memetic_deeppolish_p40_ls0p5_clip.yaml,40,0.5,clip,1,900,,42,data/generated/calib_b/wksat_v400_k2_sr2.00_hr0.00_w1_uniform_s7.wcnf,03520fc7716aa77f273866f99124fefa9a2753a56af61f50dcdb59a9be7ab7ab,calib_b,max2sat_n400_a2,7,800,19,131.081,T2a,tier2,success,,ok,target,4.036,4.017,0.995,4.024,4.024,,19,0,1,8,23245,2905.6,0.5045,ise-cpu-intl-12.auth.ad.bgu.ac.il,3.11.15
248,m2f_p40ls3p5_042_s1,full,p40_ls3p5,memetic_deeppolish_p40_ls3p5,configs/tier2/memetic_deeppolish_p40_ls3p5.yaml,40,3.5,clip,1,900,,42,data/generated/calib_b/wksat_v400_k2_sr2.00_hr0.00_w1_uniform_s7.wcnf,03520fc7716aa77f273866f99124fefa9a2753a56af61f50dcdb59a9be7ab7ab,calib_b,max2sat_n400_a2,7,800,19,131.081,T2a,tier2,success,,ok,target,2.903,2.885,0.994,2.888,2.888,,19,0,1,1,12500,12500.0,2.903,ise-cpu-intl-24.auth.ad.bgu.ac.il,3.11.15
249,m2f_p40ls0p5clip_042_s2,full,p40_ls0p5_clip,memetic_deeppolish_p40_ls0p5_clip,configs/tier2/memetic_deeppolish_p40_ls0p5_clip.yaml,40,0.5,clip,2,900,,42,data/generated/calib_b/wksat_v400_k2_sr2.00_hr0.00_w1_uniform_s7.wcnf,03520fc7716aa77f273866f99124fefa9a2753a56af61f50dcdb59a9be7ab7ab,calib_b,max2sat_n400_a2,7,800,19,131.081,T2a,tier2,success,,ok,target,1.52,1.515,0.997,1.509,1.509,,19,0,1,3,9291,3097.0,0.5067,ise-cpu-intl-18.auth.ad.bgu.ac.il,3.11.15
250,m2f_p40ls3p5_042_s2,full,p40_ls3p5,memetic_deeppolish_p40_ls3p5,configs/tier2/memetic_deeppolish_p40_ls3p5.yaml,40,3.5,clip,2,900,,42,data/generated/calib_b/wksat_v400_k2_sr2.00_hr0.00_w1_uniform_s7.wcnf,03520fc7716aa77f273866f99124fefa9a2753a56af61f50dcdb59a9be7ab7ab,calib_b,max2sat_n400_a2,7,800,19,131.081,T2a,tier2,success,,ok,target,6.095,6.075,0.997,6.083,6.083,,19,0,1,3,37500,12500.0,2.0317,ise-cpu-intl-18.auth.ad.bgu.ac.il,3.11.15
251,m2f_p40ls0p5clip_042_s3,full,p40_ls0p5_clip,memetic_deeppolish_p40_ls0p5_clip,configs/tier2/memetic_deeppolish_p40_ls0p5_clip.yaml,40,0.5,clip,3,900,,42,data/generated/calib_b/wksat_v400_k2_sr2.00_hr0.00_w1_uniform_s7.wcnf,03520fc7716aa77f273866f99124fefa9a2753a56af61f50dcdb59a9be7ab7ab,calib_b,max2sat_n400_a2,7,800,19,131.081,T2a,tier2,success,,ok,target,11.073,11.034,0.996,11.061,11.061,,19,0,1,22,66799,3036.3,0.5033,ise-cpu-intl-18.auth.ad.bgu.ac.il,3.11.15
252,m2f_p40ls3p5_042_s3,full,p40_ls3p5,memetic_deeppolish_p40_ls3p5,configs/tier2/memetic_deeppolish_p40_ls3p5.yaml,40,3.5,clip,3,900,,42,data/generated/calib_b/wksat_v400_k2_sr2.00_hr0.00_w1_uniform_s7.wcnf,03520fc7716aa77f273866f99124fefa9a2753a56af61f50dcdb59a9be7ab7ab,calib_b,max2sat_n400_a2,7,800,19,131.081,T2a,tier2,success,,ok,target,13.002,12.94,0.995,12.99,12.99,,19,0,1,6,75000,12500.0,2.167,ise-cpu-intl-12.auth.ad.bgu.ac.il,3.11.15
253,m2f_p40ls0p5clip_043_s1,full,p40_ls0p5_clip,memetic_deeppolish_p40_ls0p5_clip,configs/tier2/memetic_deeppolish_p40_ls0p5_clip.yaml,40,0.5,clip,1,900,,43,data/generated/calib_b/wksat_v400_k2_sr2.00_hr0.00_w1_uniform_s8.wcnf,ca5b36371efe069aa8568076ac151a3c9d01e06b8963048f02ea1b6dae672c4f,calib_b,max2sat_n400_a2,8,800,20,158.692,T2a,tier2,success,,ok,target,35.716,35.535,0.995,35.704,35.704,,20,0,2,71,202785,2856.1,0.503,ise-cpu-intl-12.auth.ad.bgu.ac.il,3.11.15
254,m2f_p40ls3p5_043_s1,full,p40_ls3p5,memetic_deeppolish_p40_ls3p5,configs/tier2/memetic_deeppolish_p40_ls3p5.yaml,40,3.5,clip,1,900,,43,data/generated/calib_b/wksat_v400_k2_sr2.00_hr0.00_w1_uniform_s8.wcnf,ca5b36371efe069aa8568076ac151a3c9d01e06b8963048f02ea1b6dae672c4f,calib_b,max2sat_n400_a2,8,800,20,158.692,T2a,tier2,success,,ok,target,68.879,68.566,0.995,68.868,68.868,,20,0,1,33,412500,12500.0,2.0872,ise-cpu-intl-12.auth.ad.bgu.ac.il,3.11.15
255,m2f_p40ls0p5clip_043_s2,full,p40_ls0p5_clip,memetic_deeppolish_p40_ls0p5_clip,configs/tier2/memetic_deeppolish_p40_ls0p5_clip.yaml,40,0.5,clip,2,900,,43,data/generated/calib_b/wksat_v400_k2_sr2.00_hr0.00_w1_uniform_s8.wcnf,ca5b36371efe069aa8568076ac151a3c9d01e06b8963048f02ea1b6dae672c4f,calib_b,max2sat_n400_a2,8,800,20,158.692,T2a,tier2,success,,ok,target,33.707,33.535,0.995,33.694,33.694,,20,0,2,67,190831,2848.2,0.5031,ise-cpu-intl-15.auth.ad.bgu.ac.il,3.11.15
256,m2f_p40ls3p5_043_s2,full,p40_ls3p5,memetic_deeppolish_p40_ls3p5,configs/tier2/memetic_deeppolish_p40_ls3p5.yaml,40,3.5,clip,2,900,,43,data/generated/calib_b/wksat_v400_k2_sr2.00_hr0.00_w1_uniform_s8.wcnf,ca5b36371efe069aa8568076ac151a3c9d01e06b8963048f02ea1b6dae672c4f,calib_b,max2sat_n400_a2,8,800,20,158.692,T2a,tier2,success,,ok,target,4.38,4.355,0.994,4.367,4.367,,20,0,1,2,25000,12500.0,2.19,ise-cpu-intl-15.auth.ad.bgu.ac.il,3.11.15
257,m2f_p40ls0p5clip_043_s3,full,p40_ls0p5_clip,memetic_deeppolish_p40_ls0p5_clip,configs/tier2/memetic_deeppolish_p40_ls0p5_clip.yaml,40,0.5,clip,3,900,,43,data/generated/calib_b/wksat_v400_k2_sr2.00_hr0.00_w1_uniform_s8.wcnf,ca5b36371efe069aa8568076ac151a3c9d01e06b8963048f02ea1b6dae672c4f,calib_b,max2sat_n400_a2,8,800,20,158.692,T2a,tier2,success,,ok,target,14.091,14.027,0.995,14.079,14.079,,20,0,1,28,86436,3087.0,0.5032,ise-cpu-intl-18.auth.ad.bgu.ac.il,3.11.15
258,m2f_p40ls3p5_043_s3,full,p40_ls3p5,memetic_deeppolish_p40_ls3p5,configs/tier2/memetic_deeppolish_p40_ls3p5.yaml,40,3.5,clip,3,900,,43,data/generated/calib_b/wksat_v400_k2_sr2.00_hr0.00_w1_uniform_s8.wcnf,ca5b36371efe069aa8568076ac151a3c9d01e06b8963048f02ea1b6dae672c4f,calib_b,max2sat_n400_a2,8,800,20,158.692,T2a,tier2,success,,ok,target,10.441,10.404,0.996,10.429,10.429,,20,0,1,5,62500,12500.0,2.0882,ise-cpu-intl-18.auth.ad.bgu.ac.il,3.11.15
259,m2f_p40ls0p5clip_044_s1,full,p40_ls0p5_clip,memetic_deeppolish_p40_ls0p5_clip,configs/tier2/memetic_deeppolish_p40_ls0p5_clip.yaml,40,0.5,clip,1,900,,44,data/generated/calib_b/wksat_v400_k2_sr2.15_hr0.00_w1_uniform_s1.wcnf,9a302674b72f8b25227215c129c9f7dece868ce0a2be47221c1518035044aac8,calib_b,max2sat_n400_a2.15,1,860,21,210.262,T2a,tier2,success,,ok,target,11.58,11.54,0.997,11.568,11.568,,21,0,1,23,65215,2835.4,0.5035,ise-cpu-intl-18.auth.ad.bgu.ac.il,3.11.15
260,m2f_p40ls3p5_044_s1,full,p40_ls3p5,memetic_deeppolish_p40_ls3p5,configs/tier2/memetic_deeppolish_p40_ls3p5.yaml,40,3.5,clip,1,900,,44,data/generated/calib_b/wksat_v400_k2_sr2.15_hr0.00_w1_uniform_s1.wcnf,9a302674b72f8b25227215c129c9f7dece868ce0a2be47221c1518035044aac8,calib_b,max2sat_n400_a2.15,1,860,21,210.262,T2a,tier2,success,,ok,target,3.137,3.115,0.993,3.12,3.12,,21,0,1,1,12500,12500.0,3.137,ise-cpu-intl-24.auth.ad.bgu.ac.il,3.11.15
261,m2f_p40ls0p5clip_044_s2,full,p40_ls0p5_clip,memetic_deeppolish_p40_ls0p5_clip,configs/tier2/memetic_deeppolish_p40_ls0p5_clip.yaml,40,0.5,clip,2,900,,44,data/generated/calib_b/wksat_v400_k2_sr2.15_hr0.00_w1_uniform_s1.wcnf,9a302674b72f8b25227215c129c9f7dece868ce0a2be47221c1518035044aac8,calib_b,max2sat_n400_a2.15,1,860,21,210.262,T2a,tier2,success,,ok,target,15.101,15.045,0.996,15.089,15.089,,21,0,1,30,83846,2794.9,0.5034,ise-cpu-intl-18.auth.ad.bgu.ac.il,3.11.15
262,m2f_p40ls3p5_044_s2,full,p40_ls3p5,memetic_deeppolish_p40_ls3p5,configs/tier2/memetic_deeppolish_p40_ls3p5.yaml,40,3.5,clip,2,900,,44,data/generated/calib_b/wksat_v400_k2_sr2.15_hr0.00_w1_uniform_s1.wcnf,9a302674b72f8b25227215c129c9f7dece868ce0a2be47221c1518035044aac8,calib_b,max2sat_n400_a2.15,1,860,21,210.262,T2a,tier2,success,,ok,target,2.232,2.224,0.996,2.22,2.22,,21,0,1,1,12500,12500.0,2.232,ise-cpu-intl-18.auth.ad.bgu.ac.il,3.11.15
263,m2f_p40ls0p5clip_044_s3,full,p40_ls0p5_clip,memetic_deeppolish_p40_ls0p5_clip,configs/tier2/memetic_deeppolish_p40_ls0p5_clip.yaml,40,0.5,clip,3,900,,44,data/generated/calib_b/wksat_v400_k2_sr2.15_hr0.00_w1_uniform_s1.wcnf,9a302674b72f8b25227215c129c9f7dece868ce0a2be47221c1518035044aac8,calib_b,max2sat_n400_a2.15,1,860,21,210.262,T2a,tier2,success,,ok,target,6.066,6.041,0.996,6.043,6.043,,21,0,1,12,31807,2650.6,0.5055,cs-cpu-06.auth.ad.bgu.ac.il,3.11.15
264,m2f_p40ls3p5_044_s3,full,p40_ls3p5,memetic_deeppolish_p40_ls3p5,configs/tier2/memetic_deeppolish_p40_ls3p5.yaml,40,3.5,clip,3,900,,44,data/generated/calib_b/wksat_v400_k2_sr2.15_hr0.00_w1_uniform_s1.wcnf,9a302674b72f8b25227215c129c9f7dece868ce0a2be47221c1518035044aac8,calib_b,max2sat_n400_a2.15,1,860,21,210.262,T2a,tier2,success,,ok,target,2.592,2.58,0.995,2.578,2.578,,21,0,1,1,12500,12500.0,2.592,cs-cpu-05.auth.ad.bgu.ac.il,3.11.15
265,m2f_p40ls0p5clip_045_s1,full,p40_ls0p5_clip,memetic_deeppolish_p40_ls0p5_clip,configs/tier2/memetic_deeppolish_p40_ls0p5_clip.yaml,40,0.5,clip,1,900,,45,data/generated/calib_b/wksat_v400_k2_sr2.15_hr0.00_w1_uniform_s2.wcnf,7298805a1fdcdfbbc1d9946253e6240747e3383ac000545a19667951afca6107,calib_b,max2sat_n400_a2.15,2,860,18,146.572,T2a,tier2,success,,ok,target,0.516,0.513,0.994,0.504,0.504,,18,0,1,1,2648,2648.0,0.516,ise-cpu-intl-15.auth.ad.bgu.ac.il,3.11.15
266,m2f_p40ls3p5_045_s1,full,p40_ls3p5,memetic_deeppolish_p40_ls3p5,configs/tier2/memetic_deeppolish_p40_ls3p5.yaml,40,3.5,clip,1,900,,45,data/generated/calib_b/wksat_v400_k2_sr2.15_hr0.00_w1_uniform_s2.wcnf,7298805a1fdcdfbbc1d9946253e6240747e3383ac000545a19667951afca6107,calib_b,max2sat_n400_a2.15,2,860,18,146.572,T2a,tier2,success,,ok,target,2.359,2.346,0.994,2.346,2.346,,18,0,1,1,12500,12500.0,2.359,ise-cpu-intl-15.auth.ad.bgu.ac.il,3.11.15
267,m2f_p40ls0p5clip_045_s2,full,p40_ls0p5_clip,memetic_deeppolish_p40_ls0p5_clip,configs/tier2/memetic_deeppolish_p40_ls0p5_clip.yaml,40,0.5,clip,2,900,,45,data/generated/calib_b/wksat_v400_k2_sr2.15_hr0.00_w1_uniform_s2.wcnf,7298805a1fdcdfbbc1d9946253e6240747e3383ac000545a19667951afca6107,calib_b,max2sat_n400_a2.15,2,860,18,146.572,T2a,tier2,success,,ok,target,1.019,1.013,0.994,1.007,1.007,,18,0,1,2,5364,2682.0,0.5095,ise-cpu-intl-15.auth.ad.bgu.ac.il,3.11.15
268,m2f_p40ls3p5_045_s2,full,p40_ls3p5,memetic_deeppolish_p40_ls3p5,configs/tier2/memetic_deeppolish_p40_ls3p5.yaml,40,3.5,clip,2,900,,45,data/generated/calib_b/wksat_v400_k2_sr2.15_hr0.00_w1_uniform_s2.wcnf,7298805a1fdcdfbbc1d9946253e6240747e3383ac000545a19667951afca6107,calib_b,max2sat_n400_a2.15,2,860,18,146.572,T2a,tier2,success,,ok,target,2.196,2.178,0.992,2.184,2.184,,18,0,1,1,12500,12500.0,2.196,ise-cpu-intl-18.auth.ad.bgu.ac.il,3.11.15
269,m2f_p40ls0p5clip_045_s3,full,p40_ls0p5_clip,memetic_deeppolish_p40_ls0p5_clip,configs/tier2/memetic_deeppolish_p40_ls0p5_clip.yaml,40,0.5,clip,3,900,,45,data/generated/calib_b/wksat_v400_k2_sr2.15_hr0.00_w1_uniform_s2.wcnf,7298805a1fdcdfbbc1d9946253e6240747e3383ac000545a19667951afca6107,calib_b,max2sat_n400_a2.15,2,860,18,146.572,T2a,tier2,success,,ok,target,0.518,0.508,0.981,0.504,0.504,,18,0,1,1,2780,2780.0,0.518,ise-cpu-intl-18.auth.ad.bgu.ac.il,3.11.15
270,m2f_p40ls3p5_045_s3,full,p40_ls3p5,memetic_deeppolish_p40_ls3p5,configs/tier2/memetic_deeppolish_p40_ls3p5.yaml,40,3.5,clip,3,900,,45,data/generated/calib_b/wksat_v400_k2_sr2.15_hr0.00_w1_uniform_s2.wcnf,7298805a1fdcdfbbc1d9946253e6240747e3383ac000545a19667951afca6107,calib_b,max2sat_n400_a2.15,2,860,18,146.572,T2a,tier2,success,,ok,target,2.345,2.333,0.995,2.333,2.333,,18,0,1,1,12500,12500.0,2.345,ise-cpu-intl-11.auth.ad.bgu.ac.il,3.11.15
271,m2f_p40ls0p5clip_046_s1,full,p40_ls0p5_clip,memetic_deeppolish_p40_ls0p5_clip,configs/tier2/memetic_deeppolish_p40_ls0p5_clip.yaml,40,0.5,clip,1,900,,46,data/generated/calib_b/wksat_v400_k2_sr2.15_hr0.00_w1_uniform_s3.wcnf,ed0fd7d9820bb027f948383a2c2d59c64e4c4db6513b89b99dca7ccc2e81ba63,calib_b,max2sat_n400_a2.15,3,860,20,147.596,T2a,tier2,success,,ok,target,7.558,7.522,0.995,7.546,7.546,,20,0,1,15,40881,2725.4,0.5039,ise-cpu-intl-11.auth.ad.bgu.ac.il,3.11.15
272,m2f_p40ls3p5_046_s1,full,p40_ls3p5,memetic_deeppolish_p40_ls3p5,configs/tier2/memetic_deeppolish_p40_ls3p5.yaml,40,3.5,clip,1,900,,46,data/generated/calib_b/wksat_v400_k2_sr2.15_hr0.00_w1_uniform_s3.wcnf,ed0fd7d9820bb027f948383a2c2d59c64e4c4db6513b89b99dca7ccc2e81ba63,calib_b,max2sat_n400_a2.15,3,860,20,147.596,T2a,tier2,success,,ok,target,2.343,2.331,0.995,2.33,2.33,,20,0,1,1,12500,12500.0,2.343,ise-cpu-intl-12.auth.ad.bgu.ac.il,3.11.15
273,m2f_p40ls0p5clip_046_s2,full,p40_ls0p5_clip,memetic_deeppolish_p40_ls0p5_clip,configs/tier2/memetic_deeppolish_p40_ls0p5_clip.yaml,40,0.5,clip,2,900,,46,data/generated/calib_b/wksat_v400_k2_sr2.15_hr0.00_w1_uniform_s3.wcnf,ed0fd7d9820bb027f948383a2c2d59c64e4c4db6513b89b99dca7ccc2e81ba63,calib_b,max2sat_n400_a2.15,3,860,20,147.596,T2a,tier2,success,,ok,target,4.539,4.517,0.995,4.527,4.527,,20,0,1,9,24881,2764.6,0.5043,ise-cpu-intl-12.auth.ad.bgu.ac.il,3.11.15
274,m2f_p40ls3p5_046_s2,full,p40_ls3p5,memetic_deeppolish_p40_ls3p5,configs/tier2/memetic_deeppolish_p40_ls3p5.yaml,40,3.5,clip,2,900,,46,data/generated/calib_b/wksat_v400_k2_sr2.15_hr0.00_w1_uniform_s3.wcnf,ed0fd7d9820bb027f948383a2c2d59c64e4c4db6513b89b99dca7ccc2e81ba63,calib_b,max2sat_n400_a2.15,3,860,20,147.596,T2a,tier2,success,,ok,target,8.875,8.837,0.996,8.855,8.855,,20,0,1,4,50000,12500.0,2.2188,cs-cpu-06.auth.ad.bgu.ac.il,3.11.15
275,m2f_p40ls0p5clip_046_s3,full,p40_ls0p5_clip,memetic_deeppolish_p40_ls0p5_clip,configs/tier2/memetic_deeppolish_p40_ls0p5_clip.yaml,40,0.5,clip,3,900,,46,data/generated/calib_b/wksat_v400_k2_sr2.15_hr0.00_w1_uniform_s3.wcnf,ed0fd7d9820bb027f948383a2c2d59c64e4c4db6513b89b99dca7ccc2e81ba63,calib_b,max2sat_n400_a2.15,3,860,20,147.596,T2a,tier2,success,,ok,target,28.205,28.076,0.995,28.191,28.191,,20,0,2,56,134903,2409.0,0.5037,cs-cpu-05.auth.ad.bgu.ac.il,3.11.15
276,m2f_p40ls3p5_046_s3,full,p40_ls3p5,memetic_deeppolish_p40_ls3p5,configs/tier2/memetic_deeppolish_p40_ls3p5.yaml,40,3.5,clip,3,900,,46,data/generated/calib_b/wksat_v400_k2_sr2.15_hr0.00_w1_uniform_s3.wcnf,ed0fd7d9820bb027f948383a2c2d59c64e4c4db6513b89b99dca7ccc2e81ba63,calib_b,max2sat_n400_a2.15,3,860,20,147.596,T2a,tier2,success,,ok,target,4.771,4.743,0.994,4.758,4.758,,20,0,1,2,25000,12500.0,2.3855,ise-cpu-intl-15.auth.ad.bgu.ac.il,3.11.15
277,m2f_p40ls0p5clip_047_s1,full,p40_ls0p5_clip,memetic_deeppolish_p40_ls0p5_clip,configs/tier2/memetic_deeppolish_p40_ls0p5_clip.yaml,40,0.5,clip,1,900,,47,data/generated/calib_b/wksat_v400_k2_sr2.15_hr0.00_w1_uniform_s5.wcnf,ea567f0f7e263599f567dfc13ad0315c9f6b6e24e8ea53b203138a0984737c8a,calib_b,max2sat_n400_a2.15,5,860,21,380.618,T2b,tier2,success,,ok,target,60.879,60.58,0.995,60.867,60.867,,21,0,4,121,325671,2691.5,0.5031,ise-cpu-intl-15.auth.ad.bgu.ac.il,3.11.15
278,m2f_p40ls3p5_047_s1,full,p40_ls3p5,memetic_deeppolish_p40_ls3p5,configs/tier2/memetic_deeppolish_p40_ls3p5.yaml,40,3.5,clip,1,900,,47,data/generated/calib_b/wksat_v400_k2_sr2.15_hr0.00_w1_uniform_s5.wcnf,ea567f0f7e263599f567dfc13ad0315c9f6b6e24e8ea53b203138a0984737c8a,calib_b,max2sat_n400_a2.15,5,860,21,380.618,T2b,tier2,success,,ok,target,30.061,29.907,0.995,30.049,30.049,,21,0,1,13,162500,12500.0,2.3124,ise-cpu-intl-15.auth.ad.bgu.ac.il,3.11.15
279,m2f_p40ls0p5clip_047_s2,full,p40_ls0p5_clip,memetic_deeppolish_p40_ls0p5_clip,configs/tier2/memetic_deeppolish_p40_ls0p5_clip.yaml,40,0.5,clip,2,900,,47,data/generated/calib_b/wksat_v400_k2_sr2.15_hr0.00_w1_uniform_s5.wcnf,ea567f0f7e263599f567dfc13ad0315c9f6b6e24e8ea53b203138a0984737c8a,calib_b,max2sat_n400_a2.15,5,860,21,380.618,T2b,tier2,budget_exhausted,,ok,time_cap,900.015,894.617,0.994,,,0.015,22,1,48,1789,4456048,2490.8,0.5031,ise-cpu-intl-15.auth.ad.bgu.ac.il,3.11.15
280,m2f_p40ls3p5_047_s2,full,p40_ls3p5,memetic_deeppolish_p40_ls3p5,configs/tier2/memetic_deeppolish_p40_ls3p5.yaml,40,3.5,clip,2,900,,47,data/generated/calib_b/wksat_v400_k2_sr2.15_hr0.00_w1_uniform_s5.wcnf,ea567f0f7e263599f567dfc13ad0315c9f6b6e24e8ea53b203138a0984737c8a,calib_b,max2sat_n400_a2.15,5,860,21,380.618,T2b,tier2,success,,ok,target,68.374,68.014,0.995,68.361,68.361,,21,0,1,29,362500,12500.0,2.3577,ise-cpu-intl-15.auth.ad.bgu.ac.il,3.11.15
281,m2f_p40ls0p5clip_047_s3,full,p40_ls0p5_clip,memetic_deeppolish_p40_ls0p5_clip,configs/tier2/memetic_deeppolish_p40_ls0p5_clip.yaml,40,0.5,clip,3,900,,47,data/generated/calib_b/wksat_v400_k2_sr2.15_hr0.00_w1_uniform_s5.wcnf,ea567f0f7e263599f567dfc13ad0315c9f6b6e24e8ea53b203138a0984737c8a,calib_b,max2sat_n400_a2.15,5,860,21,380.618,T2b,tier2,budget_exhausted,,ok,time_cap,900.015,893.132,0.992,,,0.015,22,1,48,1790,4769823,2664.7,0.5028,ise-cpu-intl-18.auth.ad.bgu.ac.il,3.11.15
282,m2f_p40ls3p5_047_s3,full,p40_ls3p5,memetic_deeppolish_p40_ls3p5,configs/tier2/memetic_deeppolish_p40_ls3p5.yaml,40,3.5,clip,3,900,,47,data/generated/calib_b/wksat_v400_k2_sr2.15_hr0.00_w1_uniform_s5.wcnf,ea567f0f7e263599f567dfc13ad0315c9f6b6e24e8ea53b203138a0984737c8a,calib_b,max2sat_n400_a2.15,5,860,21,380.618,T2b,tier2,success,,ok,target,78.425,77.457,0.988,78.413,78.413,,21,0,1,35,437500,12500.0,2.2407,ise-cpu-intl-18.auth.ad.bgu.ac.il,3.11.15
283,m2f_p40ls0p5clip_048_s1,full,p40_ls0p5_clip,memetic_deeppolish_p40_ls0p5_clip,configs/tier2/memetic_deeppolish_p40_ls0p5_clip.yaml,40,0.5,clip,1,900,,48,data/generated/calib_b/wksat_v400_k2_sr2.30_hr0.00_w1_uniform_s2.wcnf,39dd93791969893aa4fbeb761eb0f55add5aac12f173a9797ef62049947c1014,calib_b,max2sat_n400_a2.3,2,920,23,367.162,T2b,tier2,success,,ok,target,19.636,19.565,0.996,19.624,19.624,,23,0,2,39,103492,2653.6,0.5035,ise-cpu-intl-18.auth.ad.bgu.ac.il,3.11.15
284,m2f_p40ls3p5_048_s1,full,p40_ls3p5,memetic_deeppolish_p40_ls3p5,configs/tier2/memetic_deeppolish_p40_ls3p5.yaml,40,3.5,clip,1,900,,48,data/generated/calib_b/wksat_v400_k2_sr2.30_hr0.00_w1_uniform_s2.wcnf,39dd93791969893aa4fbeb761eb0f55add5aac12f173a9797ef62049947c1014,calib_b,max2sat_n400_a2.3,2,920,23,367.162,T2b,tier2,success,,ok,target,2.523,2.505,0.993,2.509,2.509,,23,0,1,1,12500,12500.0,2.523,ise-cpu-intl-11.auth.ad.bgu.ac.il,3.11.15
285,m2f_p40ls0p5clip_048_s2,full,p40_ls0p5_clip,memetic_deeppolish_p40_ls0p5_clip,configs/tier2/memetic_deeppolish_p40_ls0p5_clip.yaml,40,0.5,clip,2,900,,48,data/generated/calib_b/wksat_v400_k2_sr2.30_hr0.00_w1_uniform_s2.wcnf,39dd93791969893aa4fbeb761eb0f55add5aac12f173a9797ef62049947c1014,calib_b,max2sat_n400_a2.3,2,920,23,367.162,T2b,tier2,success,,ok,target,2.029,2.017,0.994,2.015,2.015,,23,0,1,4,10161,2540.2,0.5072,ise-cpu-intl-11.auth.ad.bgu.ac.il,3.11.15
286,m2f_p40ls3p5_048_s2,full,p40_ls3p5,memetic_deeppolish_p40_ls3p5,configs/tier2/memetic_deeppolish_p40_ls3p5.yaml,40,3.5,clip,2,900,,48,data/generated/calib_b/wksat_v400_k2_sr2.30_hr0.00_w1_uniform_s2.wcnf,39dd93791969893aa4fbeb761eb0f55add5aac12f173a9797ef62049947c1014,calib_b,max2sat_n400_a2.3,2,920,23,367.162,T2b,tier2,success,,ok,target,5.019,4.995,0.995,5.006,5.006,,23,0,1,2,25000,12500.0,2.5095,ise-cpu-intl-12.auth.ad.bgu.ac.il,3.11.15
287,m2f_p40ls0p5clip_048_s3,full,p40_ls0p5_clip,memetic_deeppolish_p40_ls0p5_clip,configs/tier2/memetic_deeppolish_p40_ls0p5_clip.yaml,40,0.5,clip,3,900,,48,data/generated/calib_b/wksat_v400_k2_sr2.30_hr0.00_w1_uniform_s2.wcnf,39dd93791969893aa4fbeb761eb0f55add5aac12f173a9797ef62049947c1014,calib_b,max2sat_n400_a2.3,2,920,23,367.162,T2b,tier2,success,,ok,target,1.02,1.014,0.994,1.007,1.007,,23,0,1,2,5102,2551.0,0.51,ise-cpu-intl-12.auth.ad.bgu.ac.il,3.11.15
288,m2f_p40ls3p5_048_s3,full,p40_ls3p5,memetic_deeppolish_p40_ls3p5,configs/tier2/memetic_deeppolish_p40_ls3p5.yaml,40,3.5,clip,3,900,,48,data/generated/calib_b/wksat_v400_k2_sr2.30_hr0.00_w1_uniform_s2.wcnf,39dd93791969893aa4fbeb761eb0f55add5aac12f173a9797ef62049947c1014,calib_b,max2sat_n400_a2.3,2,920,23,367.162,T2b,tier2,success,,ok,target,5.179,5.158,0.996,5.15,5.15,,23,0,1,2,25000,12500.0,2.5895,cs-cpu-06.auth.ad.bgu.ac.il,3.11.15
289,m2f_p40ls0p5clip_049_s1,full,p40_ls0p5_clip,memetic_deeppolish_p40_ls0p5_clip,configs/tier2/memetic_deeppolish_p40_ls0p5_clip.yaml,40,0.5,clip,1,900,,49,data/generated/calib_b/wksat_v400_k2_sr2.30_hr0.00_w1_uniform_s3.wcnf,339f16d54abe3661d575b5f0aaf4f8b3e7eeafa1ae6acb470c758cbc5d7bcfb9,calib_b,max2sat_n400_a2.3,3,920,23,144.865,T2a,tier2,success,,ok,target,5.567,5.544,0.996,5.54,5.54,,23,0,1,11,27401,2491.0,0.5061,cs-cpu-06.auth.ad.bgu.ac.il,3.11.15
290,m2f_p40ls3p5_049_s1,full,p40_ls3p5,memetic_deeppolish_p40_ls3p5,configs/tier2/memetic_deeppolish_p40_ls3p5.yaml,40,3.5,clip,1,900,,49,data/generated/calib_b/wksat_v400_k2_sr2.30_hr0.00_w1_uniform_s3.wcnf,339f16d54abe3661d575b5f0aaf4f8b3e7eeafa1ae6acb470c758cbc5d7bcfb9,calib_b,max2sat_n400_a2.3,3,920,23,144.865,T2a,tier2,success,,ok,target,2.81,2.793,0.994,2.795,2.795,,23,0,1,1,12500,12500.0,2.81,cs-cpu-05.auth.ad.bgu.ac.il,3.11.15
291,m2f_p40ls0p5clip_049_s2,full,p40_ls0p5_clip,memetic_deeppolish_p40_ls0p5_clip,configs/tier2/memetic_deeppolish_p40_ls0p5_clip.yaml,40,0.5,clip,2,900,,49,data/generated/calib_b/wksat_v400_k2_sr2.30_hr0.00_w1_uniform_s3.wcnf,339f16d54abe3661d575b5f0aaf4f8b3e7eeafa1ae6acb470c758cbc5d7bcfb9,calib_b,max2sat_n400_a2.3,3,920,23,144.865,T2a,tier2,success,,ok,target,0.52,0.517,0.994,0.505,0.505,,23,0,1,1,2263,2263.0,0.52,cs-cpu-05.auth.ad.bgu.ac.il,3.11.15
292,m2f_p40ls3p5_049_s2,full,p40_ls3p5,memetic_deeppolish_p40_ls3p5,configs/tier2/memetic_deeppolish_p40_ls3p5.yaml,40,3.5,clip,2,900,,49,data/generated/calib_b/wksat_v400_k2_sr2.30_hr0.00_w1_uniform_s3.wcnf,339f16d54abe3661d575b5f0aaf4f8b3e7eeafa1ae6acb470c758cbc5d7bcfb9,calib_b,max2sat_n400_a2.3,3,920,23,144.865,T2a,tier2,success,,ok,target,2.557,2.546,0.996,2.543,2.543,,23,0,1,1,12500,12500.0,2.557,ise-cpu-intl-20.auth.ad.bgu.ac.il,3.11.15
293,m2f_p40ls0p5clip_049_s3,full,p40_ls0p5_clip,memetic_deeppolish_p40_ls0p5_clip,configs/tier2/memetic_deeppolish_p40_ls0p5_clip.yaml,40,0.5,clip,3,900,,49,data/generated/calib_b/wksat_v400_k2_sr2.30_hr0.00_w1_uniform_s3.wcnf,339f16d54abe3661d575b5f0aaf4f8b3e7eeafa1ae6acb470c758cbc5d7bcfb9,calib_b,max2sat_n400_a2.3,3,920,23,144.865,T2a,tier2,success,,ok,target,1.525,1.519,0.996,1.511,1.511,,23,0,1,3,7827,2609.0,0.5083,ise-cpu-intl-20.auth.ad.bgu.ac.il,3.11.15
294,m2f_p40ls3p5_049_s3,full,p40_ls3p5,memetic_deeppolish_p40_ls3p5,configs/tier2/memetic_deeppolish_p40_ls3p5.yaml,40,3.5,clip,3,900,,49,data/generated/calib_b/wksat_v400_k2_sr2.30_hr0.00_w1_uniform_s3.wcnf,339f16d54abe3661d575b5f0aaf4f8b3e7eeafa1ae6acb470c758cbc5d7bcfb9,calib_b,max2sat_n400_a2.3,3,920,23,144.865,T2a,tier2,success,,ok,target,3.398,3.375,0.993,3.38,3.38,,23,0,1,1,12500,12500.0,3.398,ise-cpu-intl-24.auth.ad.bgu.ac.il,3.11.15
295,m2f_p40ls0p5clip_050_s1,full,p40_ls0p5_clip,memetic_deeppolish_p40_ls0p5_clip,configs/tier2/memetic_deeppolish_p40_ls0p5_clip.yaml,40,0.5,clip,1,900,,50,data/generated/calib_b/wksat_v400_k2_sr2.30_hr0.00_w1_uniform_s4.wcnf,63cd2eeec00557c23b53c4c9c646c9f0a0f967020f3e22f8faf3f99008e64695,calib_b,max2sat_n400_a2.3,4,920,20,53.515,T1,lower_ext,success,,ok,target,0.518,0.514,0.992,0.504,0.504,,20,0,1,1,2559,2559.0,0.518,ise-cpu-intl-25.auth.ad.bgu.ac.il,3.11.15
296,m2f_p40ls3p5_050_s1,full,p40_ls3p5,memetic_deeppolish_p40_ls3p5,configs/tier2/memetic_deeppolish_p40_ls3p5.yaml,40,3.5,clip,1,900,,50,data/generated/calib_b/wksat_v400_k2_sr2.30_hr0.00_w1_uniform_s4.wcnf,63cd2eeec00557c23b53c4c9c646c9f0a0f967020f3e22f8faf3f99008e64695,calib_b,max2sat_n400_a2.3,4,920,20,53.515,T1,lower_ext,success,,ok,target,2.433,2.42,0.995,2.421,2.421,,20,0,1,1,12500,12500.0,2.433,ise-cpu-intl-25.auth.ad.bgu.ac.il,3.11.15
297,m2f_p40ls0p5clip_050_s2,full,p40_ls0p5_clip,memetic_deeppolish_p40_ls0p5_clip,configs/tier2/memetic_deeppolish_p40_ls0p5_clip.yaml,40,0.5,clip,2,900,,50,data/generated/calib_b/wksat_v400_k2_sr2.30_hr0.00_w1_uniform_s4.wcnf,63cd2eeec00557c23b53c4c9c646c9f0a0f967020f3e22f8faf3f99008e64695,calib_b,max2sat_n400_a2.3,4,920,20,53.515,T1,lower_ext,success,,ok,target,0.517,0.513,0.992,0.504,0.504,,20,0,1,1,2675,2675.0,0.517,ise-cpu-intl-18.auth.ad.bgu.ac.il,3.11.15
298,m2f_p40ls3p5_050_s2,full,p40_ls3p5,memetic_deeppolish_p40_ls3p5,configs/tier2/memetic_deeppolish_p40_ls3p5.yaml,40,3.5,clip,2,900,,50,data/generated/calib_b/wksat_v400_k2_sr2.30_hr0.00_w1_uniform_s4.wcnf,63cd2eeec00557c23b53c4c9c646c9f0a0f967020f3e22f8faf3f99008e64695,calib_b,max2sat_n400_a2.3,4,920,20,53.515,T1,lower_ext,success,,ok,target,2.575,2.56,0.994,2.562,2.562,,20,0,1,1,12500,12500.0,2.575,ise-cpu-intl-15.auth.ad.bgu.ac.il,3.11.15
299,m2f_p40ls0p5clip_050_s3,full,p40_ls0p5_clip,memetic_deeppolish_p40_ls0p5_clip,configs/tier2/memetic_deeppolish_p40_ls0p5_clip.yaml,40,0.5,clip,3,900,,50,data/generated/calib_b/wksat_v400_k2_sr2.30_hr0.00_w1_uniform_s4.wcnf,63cd2eeec00557c23b53c4c9c646c9f0a0f967020f3e22f8faf3f99008e64695,calib_b,max2sat_n400_a2.3,4,920,20,53.515,T1,lower_ext,success,,ok,target,0.518,0.514,0.992,0.505,0.505,,20,0,1,1,2478,2478.0,0.518,ise-cpu-intl-15.auth.ad.bgu.ac.il,3.11.15
300,m2f_p40ls3p5_050_s3,full,p40_ls3p5,memetic_deeppolish_p40_ls3p5,configs/tier2/memetic_deeppolish_p40_ls3p5.yaml,40,3.5,clip,3,900,,50,data/generated/calib_b/wksat_v400_k2_sr2.30_hr0.00_w1_uniform_s4.wcnf,63cd2eeec00557c23b53c4c9c646c9f0a0f967020f3e22f8faf3f99008e64695,calib_b,max2sat_n400_a2.3,4,920,20,53.515,T1,lower_ext,success,,ok,target,2.534,2.522,0.995,2.521,2.521,,20,0,1,1,12500,12500.0,2.534,ise-cpu-intl-15.auth.ad.bgu.ac.il,3.11.15
301,m2f_p40ls0p5clip_051_s1,full,p40_ls0p5_clip,memetic_deeppolish_p40_ls0p5_clip,configs/tier2/memetic_deeppolish_p40_ls0p5_clip.yaml,40,0.5,clip,1,900,,51,data/generated/calib_b/wksat_v50_k3_sr8.00_hr0.00_w1_uniform_s10.wcnf,5959ea58db2a9fa8b70b37544a113ca1af4c0f861cc77c530a04b11fcecd115f,calib_b,max3sat_n50_a8,10,400,9,35.64,T1,lower_ext,success,,ok,target,0.508,0.505,0.994,0.503,0.503,,9,0,1,1,5057,5057.0,0.508,ise-cpu-intl-15.auth.ad.bgu.ac.il,3.11.15
302,m2f_p40ls3p5_051_s1,full,p40_ls3p5,memetic_deeppolish_p40_ls3p5,configs/tier2/memetic_deeppolish_p40_ls3p5.yaml,40,3.5,clip,1,900,,51,data/generated/calib_b/wksat_v50_k3_sr8.00_hr0.00_w1_uniform_s10.wcnf,5959ea58db2a9fa8b70b37544a113ca1af4c0f861cc77c530a04b11fcecd115f,calib_b,max3sat_n50_a8,10,400,9,35.64,T1,lower_ext,success,,ok,target,1.289,1.282,0.995,1.284,1.284,,9,0,1,1,12500,12500.0,1.289,ise-cpu-intl-15.auth.ad.bgu.ac.il,3.11.15
303,m2f_p40ls0p5clip_051_s2,full,p40_ls0p5_clip,memetic_deeppolish_p40_ls0p5_clip,configs/tier2/memetic_deeppolish_p40_ls0p5_clip.yaml,40,0.5,clip,2,900,,51,data/generated/calib_b/wksat_v50_k3_sr8.00_hr0.00_w1_uniform_s10.wcnf,5959ea58db2a9fa8b70b37544a113ca1af4c0f861cc77c530a04b11fcecd115f,calib_b,max3sat_n50_a8,10,400,9,35.64,T1,lower_ext,success,,ok,target,0.518,0.515,0.994,0.506,0.506,,9,0,1,1,2799,2799.0,0.518,cs-cpu-06.auth.ad.bgu.ac.il,3.11.15
304,m2f_p40ls3p5_051_s2,full,p40_ls3p5,memetic_deeppolish_p40_ls3p5,configs/tier2/memetic_deeppolish_p40_ls3p5.yaml,40,3.5,clip,2,900,,51,data/generated/calib_b/wksat_v50_k3_sr8.00_hr0.00_w1_uniform_s10.wcnf,5959ea58db2a9fa8b70b37544a113ca1af4c0f861cc77c530a04b11fcecd115f,calib_b,max3sat_n50_a8,10,400,9,35.64,T1,lower_ext,success,,ok,target,1.34,1.332,0.994,1.335,1.335,,9,0,1,1,12500,12500.0,1.34,cs-cpu-05.auth.ad.bgu.ac.il,3.11.15
305,m2f_p40ls0p5clip_051_s3,full,p40_ls0p5_clip,memetic_deeppolish_p40_ls0p5_clip,configs/tier2/memetic_deeppolish_p40_ls0p5_clip.yaml,40,0.5,clip,3,900,,51,data/generated/calib_b/wksat_v50_k3_sr8.00_hr0.00_w1_uniform_s10.wcnf,5959ea58db2a9fa8b70b37544a113ca1af4c0f861cc77c530a04b11fcecd115f,calib_b,max3sat_n50_a8,10,400,9,35.64,T1,lower_ext,success,,ok,target,0.51,0.507,0.994,0.504,0.504,,9,0,1,1,4641,4641.0,0.51,cs-cpu-05.auth.ad.bgu.ac.il,3.11.15
306,m2f_p40ls3p5_051_s3,full,p40_ls3p5,memetic_deeppolish_p40_ls3p5,configs/tier2/memetic_deeppolish_p40_ls3p5.yaml,40,3.5,clip,3,900,,51,data/generated/calib_b/wksat_v50_k3_sr8.00_hr0.00_w1_uniform_s10.wcnf,5959ea58db2a9fa8b70b37544a113ca1af4c0f861cc77c530a04b11fcecd115f,calib_b,max3sat_n50_a8,10,400,9,35.64,T1,lower_ext,success,,ok,target,1.218,1.213,0.996,1.213,1.213,,9,0,1,1,12500,12500.0,1.218,ise-cpu-intl-20.auth.ad.bgu.ac.il,3.11.15
307,m2f_p40ls0p5clip_052_s1,full,p40_ls0p5_clip,memetic_deeppolish_p40_ls0p5_clip,configs/tier2/memetic_deeppolish_p40_ls0p5_clip.yaml,40,0.5,clip,1,900,,52,data/generated/calib_b/wksat_v50_k3_sr8.00_hr0.00_w1_uniform_s6.wcnf,3a14298cd1f54c7cbfa57e3c1bad3dcdc96923256bc6e7a1125bfa56ead237a8,calib_b,max3sat_n50_a8,6,400,11,621.852,T3,upper_ext,success,,ok,target,0.508,0.506,0.996,0.503,0.503,,11,0,1,1,5545,5545.0,0.508,ise-cpu-intl-18.auth.ad.bgu.ac.il,3.11.15
308,m2f_p40ls3p5_052_s1,full,p40_ls3p5,memetic_deeppolish_p40_ls3p5,configs/tier2/memetic_deeppolish_p40_ls3p5.yaml,40,3.5,clip,1,900,,52,data/generated/calib_b/wksat_v50_k3_sr8.00_hr0.00_w1_uniform_s6.wcnf,3a14298cd1f54c7cbfa57e3c1bad3dcdc96923256bc6e7a1125bfa56ead237a8,calib_b,max3sat_n50_a8,6,400,11,621.852,T3,upper_ext,success,,ok,target,1.144,1.139,0.996,1.138,1.138,,11,0,1,1,12500,12500.0,1.144,ise-cpu-intl-18.auth.ad.bgu.ac.il,3.11.15
309,m2f_p40ls0p5clip_052_s2,full,p40_ls0p5_clip,memetic_deeppolish_p40_ls0p5_clip,configs/tier2/memetic_deeppolish_p40_ls0p5_clip.yaml,40,0.5,clip,2,900,,52,data/generated/calib_b/wksat_v50_k3_sr8.00_hr0.00_w1_uniform_s6.wcnf,3a14298cd1f54c7cbfa57e3c1bad3dcdc96923256bc6e7a1125bfa56ead237a8,calib_b,max3sat_n50_a8,6,400,11,621.852,T3,upper_ext,success,,ok,target,0.518,0.514,0.992,0.506,0.506,,11,0,1,1,2351,2351.0,0.518,cs-cpu-06.auth.ad.bgu.ac.il,3.11.15
310,m2f_p40ls3p5_052_s2,full,p40_ls3p5,memetic_deeppolish_p40_ls3p5,configs/tier2/memetic_deeppolish_p40_ls3p5.yaml,40,3.5,clip,2,900,,52,data/generated/calib_b/wksat_v50_k3_sr8.00_hr0.00_w1_uniform_s6.wcnf,3a14298cd1f54c7cbfa57e3c1bad3dcdc96923256bc6e7a1125bfa56ead237a8,calib_b,max3sat_n50_a8,6,400,11,621.852,T3,upper_ext,success,,ok,target,1.363,1.357,0.996,1.357,1.357,,11,0,1,1,12500,12500.0,1.363,cs-cpu-05.auth.ad.bgu.ac.il,3.11.15
311,m2f_p40ls0p5clip_052_s3,full,p40_ls0p5_clip,memetic_deeppolish_p40_ls0p5_clip,configs/tier2/memetic_deeppolish_p40_ls0p5_clip.yaml,40,0.5,clip,3,900,,52,data/generated/calib_b/wksat_v50_k3_sr8.00_hr0.00_w1_uniform_s6.wcnf,3a14298cd1f54c7cbfa57e3c1bad3dcdc96923256bc6e7a1125bfa56ead237a8,calib_b,max3sat_n50_a8,6,400,11,621.852,T3,upper_ext,success,,ok,target,0.509,0.507,0.996,0.504,0.504,,11,0,1,1,4748,4748.0,0.509,cs-cpu-05.auth.ad.bgu.ac.il,3.11.15
312,m2f_p40ls3p5_052_s3,full,p40_ls3p5,memetic_deeppolish_p40_ls3p5,configs/tier2/memetic_deeppolish_p40_ls3p5.yaml,40,3.5,clip,3,900,,52,data/generated/calib_b/wksat_v50_k3_sr8.00_hr0.00_w1_uniform_s6.wcnf,3a14298cd1f54c7cbfa57e3c1bad3dcdc96923256bc6e7a1125bfa56ead237a8,calib_b,max3sat_n50_a8,6,400,11,621.852,T3,upper_ext,success,,ok,target,1.232,1.226,0.995,1.227,1.227,,11,0,1,1,12500,12500.0,1.232,ise-cpu-intl-15.auth.ad.bgu.ac.il,3.11.15
313,m2f_p40ls0p5clip_053_s1,full,p40_ls0p5_clip,memetic_deeppolish_p40_ls0p5_clip,configs/tier2/memetic_deeppolish_p40_ls0p5_clip.yaml,40,0.5,clip,1,900,,53,data/generated/calib_b/wksat_v50_k3_sr8.00_hr0.00_w1_uniform_s7.wcnf,2c53146d55c17431dfa158c93789c83b2e1346dab20427fa3d9bbbf80f86265f,calib_b,max3sat_n50_a8,7,400,11,213.237,T2a,tier2,success,,ok,target,0.509,0.505,0.992,0.503,0.503,,11,0,1,1,4772,4772.0,0.509,ise-cpu-intl-15.auth.ad.bgu.ac.il,3.11.15
314,m2f_p40ls3p5_053_s1,full,p40_ls3p5,memetic_deeppolish_p40_ls3p5,configs/tier2/memetic_deeppolish_p40_ls3p5.yaml,40,3.5,clip,1,900,,53,data/generated/calib_b/wksat_v50_k3_sr8.00_hr0.00_w1_uniform_s7.wcnf,2c53146d55c17431dfa158c93789c83b2e1346dab20427fa3d9bbbf80f86265f,calib_b,max3sat_n50_a8,7,400,11,213.237,T2a,tier2,success,,ok,target,1.235,1.228,0.994,1.229,1.229,,11,0,1,1,12500,12500.0,1.235,ise-cpu-intl-15.auth.ad.bgu.ac.il,3.11.15
315,m2f_p40ls0p5clip_053_s2,full,p40_ls0p5_clip,memetic_deeppolish_p40_ls0p5_clip,configs/tier2/memetic_deeppolish_p40_ls0p5_clip.yaml,40,0.5,clip,2,900,,53,data/generated/calib_b/wksat_v50_k3_sr8.00_hr0.00_w1_uniform_s7.wcnf,2c53146d55c17431dfa158c93789c83b2e1346dab20427fa3d9bbbf80f86265f,calib_b,max3sat_n50_a8,7,400,11,213.237,T2a,tier2,success,,ok,target,0.509,0.506,0.994,0.503,0.503,,11,0,1,1,4945,4945.0,0.509,ise-cpu-intl-15.auth.ad.bgu.ac.il,3.11.15
316,m2f_p40ls3p5_053_s2,full,p40_ls3p5,memetic_deeppolish_p40_ls3p5,configs/tier2/memetic_deeppolish_p40_ls3p5.yaml,40,3.5,clip,2,900,,53,data/generated/calib_b/wksat_v50_k3_sr8.00_hr0.00_w1_uniform_s7.wcnf,2c53146d55c17431dfa158c93789c83b2e1346dab20427fa3d9bbbf80f86265f,calib_b,max3sat_n50_a8,7,400,11,213.237,T2a,tier2,success,,ok,target,1.315,1.307,0.994,1.31,1.31,,11,0,1,1,12500,12500.0,1.315,ise-cpu-intl-15.auth.ad.bgu.ac.il,3.11.15
317,m2f_p40ls0p5clip_053_s3,full,p40_ls0p5_clip,memetic_deeppolish_p40_ls0p5_clip,configs/tier2/memetic_deeppolish_p40_ls0p5_clip.yaml,40,0.5,clip,3,900,,53,data/generated/calib_b/wksat_v50_k3_sr8.00_hr0.00_w1_uniform_s7.wcnf,2c53146d55c17431dfa158c93789c83b2e1346dab20427fa3d9bbbf80f86265f,calib_b,max3sat_n50_a8,7,400,11,213.237,T2a,tier2,success,,ok,target,0.508,0.505,0.994,0.503,0.503,,11,0,1,1,4839,4839.0,0.508,ise-cpu-intl-15.auth.ad.bgu.ac.il,3.11.15
318,m2f_p40ls3p5_053_s3,full,p40_ls3p5,memetic_deeppolish_p40_ls3p5,configs/tier2/memetic_deeppolish_p40_ls3p5.yaml,40,3.5,clip,3,900,,53,data/generated/calib_b/wksat_v50_k3_sr8.00_hr0.00_w1_uniform_s7.wcnf,2c53146d55c17431dfa158c93789c83b2e1346dab20427fa3d9bbbf80f86265f,calib_b,max3sat_n50_a8,7,400,11,213.237,T2a,tier2,success,,ok,target,1.241,1.235,0.995,1.235,1.235,,11,0,1,1,12500,12500.0,1.241,ise-cpu-intl-15.auth.ad.bgu.ac.il,3.11.15
319,m2f_p40ls0p5clip_054_s1,full,p40_ls0p5_clip,memetic_deeppolish_p40_ls0p5_clip,configs/tier2/memetic_deeppolish_p40_ls0p5_clip.yaml,40,0.5,clip,1,900,,54,data/generated/calib_b/wksat_v50_k3_sr8.00_hr0.00_w1_uniform_s8.wcnf,ea912a3740a0a571399f7580c816aefa3324b3680db714c3f0e601924c1d73e7,calib_b,max3sat_n50_a8,8,400,11,648.681,T3,upper_ext,success,,ok,target,0.508,0.505,0.994,0.503,0.503,,11,0,1,1,4806,4806.0,0.508,ise-cpu-intl-15.auth.ad.bgu.ac.il,3.11.15
320,m2f_p40ls3p5_054_s1,full,p40_ls3p5,memetic_deeppolish_p40_ls3p5,configs/tier2/memetic_deeppolish_p40_ls3p5.yaml,40,3.5,clip,1,900,,54,data/generated/calib_b/wksat_v50_k3_sr8.00_hr0.00_w1_uniform_s8.wcnf,ea912a3740a0a571399f7580c816aefa3324b3680db714c3f0e601924c1d73e7,calib_b,max3sat_n50_a8,8,400,11,648.681,T3,upper_ext,success,,ok,target,1.149,1.145,0.997,1.144,1.144,,11,0,1,1,12500,12500.0,1.149,ise-cpu-intl-18.auth.ad.bgu.ac.il,3.11.15
321,m2f_p40ls0p5clip_054_s2,full,p40_ls0p5_clip,memetic_deeppolish_p40_ls0p5_clip,configs/tier2/memetic_deeppolish_p40_ls0p5_clip.yaml,40,0.5,clip,2,900,,54,data/generated/calib_b/wksat_v50_k3_sr8.00_hr0.00_w1_uniform_s8.wcnf,ea912a3740a0a571399f7580c816aefa3324b3680db714c3f0e601924c1d73e7,calib_b,max3sat_n50_a8,8,400,11,648.681,T3,upper_ext,success,,ok,target,0.509,0.507,0.996,0.503,0.503,,11,0,1,1,5517,5517.0,0.509,ise-cpu-intl-18.auth.ad.bgu.ac.il,3.11.15
322,m2f_p40ls3p5_054_s2,full,p40_ls3p5,memetic_deeppolish_p40_ls3p5,configs/tier2/memetic_deeppolish_p40_ls3p5.yaml,40,3.5,clip,2,900,,54,data/generated/calib_b/wksat_v50_k3_sr8.00_hr0.00_w1_uniform_s8.wcnf,ea912a3740a0a571399f7580c816aefa3324b3680db714c3f0e601924c1d73e7,calib_b,max3sat_n50_a8,8,400,11,648.681,T3,upper_ext,success,,ok,target,1.523,1.516,0.995,1.514,1.514,,11,0,1,1,12500,12500.0,1.523,cs-cpu-06.auth.ad.bgu.ac.il,3.11.15
323,m2f_p40ls0p5clip_054_s3,full,p40_ls0p5_clip,memetic_deeppolish_p40_ls0p5_clip,configs/tier2/memetic_deeppolish_p40_ls0p5_clip.yaml,40,0.5,clip,3,900,,54,data/generated/calib_b/wksat_v50_k3_sr8.00_hr0.00_w1_uniform_s8.wcnf,ea912a3740a0a571399f7580c816aefa3324b3680db714c3f0e601924c1d73e7,calib_b,max3sat_n50_a8,8,400,11,648.681,T3,upper_ext,success,,ok,target,0.509,0.506,0.994,0.504,0.504,,11,0,1,1,4693,4693.0,0.509,cs-cpu-05.auth.ad.bgu.ac.il,3.11.15
324,m2f_p40ls3p5_054_s3,full,p40_ls3p5,memetic_deeppolish_p40_ls3p5,configs/tier2/memetic_deeppolish_p40_ls3p5.yaml,40,3.5,clip,3,900,,54,data/generated/calib_b/wksat_v50_k3_sr8.00_hr0.00_w1_uniform_s8.wcnf,ea912a3740a0a571399f7580c816aefa3324b3680db714c3f0e601924c1d73e7,calib_b,max3sat_n50_a8,8,400,11,648.681,T3,upper_ext,success,,ok,target,1.348,1.343,0.996,1.342,1.342,,11,0,1,1,12500,12500.0,1.348,cs-cpu-05.auth.ad.bgu.ac.il,3.11.15
325,m2f_p40ls0p5clip_055_s1,full,p40_ls0p5_clip,memetic_deeppolish_p40_ls0p5_clip,configs/tier2/memetic_deeppolish_p40_ls0p5_clip.yaml,40,0.5,clip,1,900,,55,data/generated/calib_b/wksat_v50_k3_sr8.50_hr0.00_w1_uniform_s2.wcnf,bb96fb751023063900879842846c68c880906416674be693ac3ead671eaf91e0,calib_b,max3sat_n50_a8.5,2,425,12,612.003,T3,upper_ext,success,,ok,target,0.51,0.506,0.992,0.504,0.504,,12,0,1,1,4407,4407.0,0.51,ise-cpu-intl-15.auth.ad.bgu.ac.il,3.11.15
326,m2f_p40ls3p5_055_s1,full,p40_ls3p5,memetic_deeppolish_p40_ls3p5,configs/tier2/memetic_deeppolish_p40_ls3p5.yaml,40,3.5,clip,1,900,,55,data/generated/calib_b/wksat_v50_k3_sr8.50_hr0.00_w1_uniform_s2.wcnf,bb96fb751023063900879842846c68c880906416674be693ac3ead671eaf91e0,calib_b,max3sat_n50_a8.5,2,425,12,612.003,T3,upper_ext,success,,ok,target,1.376,1.367,0.993,1.37,1.37,,12,0,1,1,12500,12500.0,1.376,ise-cpu-intl-15.auth.ad.bgu.ac.il,3.11.15
327,m2f_p40ls0p5clip_055_s2,full,p40_ls0p5_clip,memetic_deeppolish_p40_ls0p5_clip,configs/tier2/memetic_deeppolish_p40_ls0p5_clip.yaml,40,0.5,clip,2,900,,55,data/generated/calib_b/wksat_v50_k3_sr8.50_hr0.00_w1_uniform_s2.wcnf,bb96fb751023063900879842846c68c880906416674be693ac3ead671eaf91e0,calib_b,max3sat_n50_a8.5,2,425,12,612.003,T3,upper_ext,success,,ok,target,0.509,0.506,0.994,0.504,0.504,,12,0,1,1,4704,4704.0,0.509,ise-cpu-intl-15.auth.ad.bgu.ac.il,3.11.15
328,m2f_p40ls3p5_055_s2,full,p40_ls3p5,memetic_deeppolish_p40_ls3p5,configs/tier2/memetic_deeppolish_p40_ls3p5.yaml,40,3.5,clip,2,900,,55,data/generated/calib_b/wksat_v50_k3_sr8.50_hr0.00_w1_uniform_s2.wcnf,bb96fb751023063900879842846c68c880906416674be693ac3ead671eaf91e0,calib_b,max3sat_n50_a8.5,2,425,12,612.003,T3,upper_ext,success,,ok,target,1.34,1.333,0.995,1.335,1.335,,12,0,1,1,12500,12500.0,1.34,ise-cpu-intl-15.auth.ad.bgu.ac.il,3.11.15
329,m2f_p40ls0p5clip_055_s3,full,p40_ls0p5_clip,memetic_deeppolish_p40_ls0p5_clip,configs/tier2/memetic_deeppolish_p40_ls0p5_clip.yaml,40,0.5,clip,3,900,,55,data/generated/calib_b/wksat_v50_k3_sr8.50_hr0.00_w1_uniform_s2.wcnf,bb96fb751023063900879842846c68c880906416674be693ac3ead671eaf91e0,calib_b,max3sat_n50_a8.5,2,425,12,612.003,T3,upper_ext,success,,ok,target,0.509,0.506,0.994,0.504,0.504,,12,0,1,1,4515,4515.0,0.509,ise-cpu-intl-15.auth.ad.bgu.ac.il,3.11.15
330,m2f_p40ls3p5_055_s3,full,p40_ls3p5,memetic_deeppolish_p40_ls3p5,configs/tier2/memetic_deeppolish_p40_ls3p5.yaml,40,3.5,clip,3,900,,55,data/generated/calib_b/wksat_v50_k3_sr8.50_hr0.00_w1_uniform_s2.wcnf,bb96fb751023063900879842846c68c880906416674be693ac3ead671eaf91e0,calib_b,max3sat_n50_a8.5,2,425,12,612.003,T3,upper_ext,success,,ok,target,1.331,1.323,0.994,1.326,1.326,,12,0,1,1,12500,12500.0,1.331,ise-cpu-intl-15.auth.ad.bgu.ac.il,3.11.15
331,m2f_p40ls0p5clip_056_s1,full,p40_ls0p5_clip,memetic_deeppolish_p40_ls0p5_clip,configs/tier2/memetic_deeppolish_p40_ls0p5_clip.yaml,40,0.5,clip,1,900,,56,data/generated/calib_b/wksat_v50_k3_sr8.50_hr0.00_w1_uniform_s3.wcnf,402a90ac29aab57ec92979c6e1694b3252282042b8834d62924d3a30d21417b6,calib_b,max3sat_n50_a8.5,3,425,9,45.126,T1,lower_ext,success,,ok,target,0.509,0.506,0.994,0.504,0.504,,9,0,1,1,4254,4254.0,0.509,ise-cpu-intl-15.auth.ad.bgu.ac.il,3.11.15
332,m2f_p40ls3p5_056_s1,full,p40_ls3p5,memetic_deeppolish_p40_ls3p5,configs/tier2/memetic_deeppolish_p40_ls3p5.yaml,40,3.5,clip,1,900,,56,data/generated/calib_b/wksat_v50_k3_sr8.50_hr0.00_w1_uniform_s3.wcnf,402a90ac29aab57ec92979c6e1694b3252282042b8834d62924d3a30d21417b6,calib_b,max3sat_n50_a8.5,3,425,9,45.126,T1,lower_ext,success,,ok,target,1.327,1.319,0.994,1.322,1.322,,9,0,1,1,12500,12500.0,1.327,ise-cpu-intl-15.auth.ad.bgu.ac.il,3.11.15
333,m2f_p40ls0p5clip_056_s2,full,p40_ls0p5_clip,memetic_deeppolish_p40_ls0p5_clip,configs/tier2/memetic_deeppolish_p40_ls0p5_clip.yaml,40,0.5,clip,2,900,,56,data/generated/calib_b/wksat_v50_k3_sr8.50_hr0.00_w1_uniform_s3.wcnf,402a90ac29aab57ec92979c6e1694b3252282042b8834d62924d3a30d21417b6,calib_b,max3sat_n50_a8.5,3,425,9,45.126,T1,lower_ext,success,,ok,target,0.509,0.506,0.994,0.503,0.503,,9,0,1,1,4745,4745.0,0.509,ise-cpu-intl-15.auth.ad.bgu.ac.il,3.11.15
334,m2f_p40ls3p5_056_s2,full,p40_ls3p5,memetic_deeppolish_p40_ls3p5,configs/tier2/memetic_deeppolish_p40_ls3p5.yaml,40,3.5,clip,2,900,,56,data/generated/calib_b/wksat_v50_k3_sr8.50_hr0.00_w1_uniform_s3.wcnf,402a90ac29aab57ec92979c6e1694b3252282042b8834d62924d3a30d21417b6,calib_b,max3sat_n50_a8.5,3,425,9,45.126,T1,lower_ext,success,,ok,target,1.323,1.315,0.994,1.317,1.317,,9,0,1,1,12500,12500.0,1.323,ise-cpu-intl-15.auth.ad.bgu.ac.il,3.11.15
335,m2f_p40ls0p5clip_056_s3,full,p40_ls0p5_clip,memetic_deeppolish_p40_ls0p5_clip,configs/tier2/memetic_deeppolish_p40_ls0p5_clip.yaml,40,0.5,clip,3,900,,56,data/generated/calib_b/wksat_v50_k3_sr8.50_hr0.00_w1_uniform_s3.wcnf,402a90ac29aab57ec92979c6e1694b3252282042b8834d62924d3a30d21417b6,calib_b,max3sat_n50_a8.5,3,425,9,45.126,T1,lower_ext,success,,ok,target,0.508,0.506,0.996,0.503,0.503,,9,0,1,1,5268,5268.0,0.508,ise-cpu-intl-18.auth.ad.bgu.ac.il,3.11.15
336,m2f_p40ls3p5_056_s3,full,p40_ls3p5,memetic_deeppolish_p40_ls3p5,configs/tier2/memetic_deeppolish_p40_ls3p5.yaml,40,3.5,clip,3,900,,56,data/generated/calib_b/wksat_v50_k3_sr8.50_hr0.00_w1_uniform_s3.wcnf,402a90ac29aab57ec92979c6e1694b3252282042b8834d62924d3a30d21417b6,calib_b,max3sat_n50_a8.5,3,425,9,45.126,T1,lower_ext,success,,ok,target,1.237,1.232,0.996,1.232,1.232,,9,0,1,1,12500,12500.0,1.237,ise-cpu-intl-18.auth.ad.bgu.ac.il,3.11.15
337,m2f_p40ls0p5clip_057_s1,full,p40_ls0p5_clip,memetic_deeppolish_p40_ls0p5_clip,configs/tier2/memetic_deeppolish_p40_ls0p5_clip.yaml,40,0.5,clip,1,900,,57,data/generated/calib_b/wksat_v50_k3_sr8.50_hr0.00_w1_uniform_s4.wcnf,ca3df971889566190a1bfb31d4acf114855e12e9c354e317d8373fb8de9e1fbc,calib_b,max3sat_n50_a8.5,4,425,12,626.747,T3,upper_ext,success,,ok,target,0.519,0.515,0.992,0.506,0.506,,12,0,1,1,2737,2737.0,0.519,cs-cpu-06.auth.ad.bgu.ac.il,3.11.15
338,m2f_p40ls3p5_057_s1,full,p40_ls3p5,memetic_deeppolish_p40_ls3p5,configs/tier2/memetic_deeppolish_p40_ls3p5.yaml,40,3.5,clip,1,900,,57,data/generated/calib_b/wksat_v50_k3_sr8.50_hr0.00_w1_uniform_s4.wcnf,ca3df971889566190a1bfb31d4acf114855e12e9c354e317d8373fb8de9e1fbc,calib_b,max3sat_n50_a8.5,4,425,12,626.747,T3,upper_ext,success,,ok,target,1.432,1.426,0.996,1.426,1.426,,12,0,1,1,12500,12500.0,1.432,cs-cpu-05.auth.ad.bgu.ac.il,3.11.15
339,m2f_p40ls0p5clip_057_s2,full,p40_ls0p5_clip,memetic_deeppolish_p40_ls0p5_clip,configs/tier2/memetic_deeppolish_p40_ls0p5_clip.yaml,40,0.5,clip,2,900,,57,data/generated/calib_b/wksat_v50_k3_sr8.50_hr0.00_w1_uniform_s4.wcnf,ca3df971889566190a1bfb31d4acf114855e12e9c354e317d8373fb8de9e1fbc,calib_b,max3sat_n50_a8.5,4,425,12,626.747,T3,upper_ext,success,,ok,target,0.51,0.508,0.996,0.504,0.504,,12,0,1,1,4464,4464.0,0.51,cs-cpu-05.auth.ad.bgu.ac.il,3.11.15
340,m2f_p40ls3p5_057_s2,full,p40_ls3p5,memetic_deeppolish_p40_ls3p5,configs/tier2/memetic_deeppolish_p40_ls3p5.yaml,40,3.5,clip,2,900,,57,data/generated/calib_b/wksat_v50_k3_sr8.50_hr0.00_w1_uniform_s4.wcnf,ca3df971889566190a1bfb31d4acf114855e12e9c354e317d8373fb8de9e1fbc,calib_b,max3sat_n50_a8.5,4,425,12,626.747,T3,upper_ext,success,,ok,target,1.454,1.404,0.966,1.448,1.448,,12,0,1,1,12500,12500.0,1.454,ise-cpu-intl-15.auth.ad.bgu.ac.il,3.11.15
341,m2f_p40ls0p5clip_057_s3,full,p40_ls0p5_clip,memetic_deeppolish_p40_ls0p5_clip,configs/tier2/memetic_deeppolish_p40_ls0p5_clip.yaml,40,0.5,clip,3,900,,57,data/generated/calib_b/wksat_v50_k3_sr8.50_hr0.00_w1_uniform_s4.wcnf,ca3df971889566190a1bfb31d4acf114855e12e9c354e317d8373fb8de9e1fbc,calib_b,max3sat_n50_a8.5,4,425,12,626.747,T3,upper_ext,success,,ok,target,0.509,0.505,0.992,0.503,0.503,,12,0,1,1,4662,4662.0,0.509,ise-cpu-intl-15.auth.ad.bgu.ac.il,3.11.15
342,m2f_p40ls3p5_057_s3,full,p40_ls3p5,memetic_deeppolish_p40_ls3p5,configs/tier2/memetic_deeppolish_p40_ls3p5.yaml,40,3.5,clip,3,900,,57,data/generated/calib_b/wksat_v50_k3_sr8.50_hr0.00_w1_uniform_s4.wcnf,ca3df971889566190a1bfb31d4acf114855e12e9c354e317d8373fb8de9e1fbc,calib_b,max3sat_n50_a8.5,4,425,12,626.747,T3,upper_ext,success,,ok,target,1.314,1.306,0.994,1.308,1.308,,12,0,1,1,12500,12500.0,1.314,ise-cpu-intl-15.auth.ad.bgu.ac.il,3.11.15
343,m2f_p40ls0p5clip_058_s1,full,p40_ls0p5_clip,memetic_deeppolish_p40_ls0p5_clip,configs/tier2/memetic_deeppolish_p40_ls0p5_clip.yaml,40,0.5,clip,1,900,,58,data/generated/calib_b/wksat_v50_k3_sr8.50_hr0.00_w1_uniform_s5.wcnf,ba5d8b71ad4628f8c8e75d596dd8c71cb74487d5fb810cbba9c1430d734e0749,calib_b,max3sat_n50_a8.5,5,425,11,354.613,T2b,tier2,success,,ok,target,0.509,0.506,0.994,0.503,0.503,,11,0,1,1,4697,4697.0,0.509,ise-cpu-intl-15.auth.ad.bgu.ac.il,3.11.15
344,m2f_p40ls3p5_058_s1,full,p40_ls3p5,memetic_deeppolish_p40_ls3p5,configs/tier2/memetic_deeppolish_p40_ls3p5.yaml,40,3.5,clip,1,900,,58,data/generated/calib_b/wksat_v50_k3_sr8.50_hr0.00_w1_uniform_s5.wcnf,ba5d8b71ad4628f8c8e75d596dd8c71cb74487d5fb810cbba9c1430d734e0749,calib_b,max3sat_n50_a8.5,5,425,11,354.613,T2b,tier2,success,,ok,target,1.423,1.413,0.993,1.418,1.418,,11,0,1,1,12500,12500.0,1.423,ise-cpu-intl-15.auth.ad.bgu.ac.il,3.11.15
345,m2f_p40ls0p5clip_058_s2,full,p40_ls0p5_clip,memetic_deeppolish_p40_ls0p5_clip,configs/tier2/memetic_deeppolish_p40_ls0p5_clip.yaml,40,0.5,clip,2,900,,58,data/generated/calib_b/wksat_v50_k3_sr8.50_hr0.00_w1_uniform_s5.wcnf,ba5d8b71ad4628f8c8e75d596dd8c71cb74487d5fb810cbba9c1430d734e0749,calib_b,max3sat_n50_a8.5,5,425,11,354.613,T2b,tier2,success,,ok,target,0.508,0.506,0.996,0.503,0.503,,11,0,1,1,4835,4835.0,0.508,ise-cpu-intl-15.auth.ad.bgu.ac.il,3.11.15
346,m2f_p40ls3p5_058_s2,full,p40_ls3p5,memetic_deeppolish_p40_ls3p5,configs/tier2/memetic_deeppolish_p40_ls3p5.yaml,40,3.5,clip,2,900,,58,data/generated/calib_b/wksat_v50_k3_sr8.50_hr0.00_w1_uniform_s5.wcnf,ba5d8b71ad4628f8c8e75d596dd8c71cb74487d5fb810cbba9c1430d734e0749,calib_b,max3sat_n50_a8.5,5,425,11,354.613,T2b,tier2,success,,ok,target,1.513,1.503,0.993,1.507,1.507,,11,0,1,1,12500,12500.0,1.513,ise-cpu-intl-15.auth.ad.bgu.ac.il,3.11.15
347,m2f_p40ls0p5clip_058_s3,full,p40_ls0p5_clip,memetic_deeppolish_p40_ls0p5_clip,configs/tier2/memetic_deeppolish_p40_ls0p5_clip.yaml,40,0.5,clip,3,900,,58,data/generated/calib_b/wksat_v50_k3_sr8.50_hr0.00_w1_uniform_s5.wcnf,ba5d8b71ad4628f8c8e75d596dd8c71cb74487d5fb810cbba9c1430d734e0749,calib_b,max3sat_n50_a8.5,5,425,11,354.613,T2b,tier2,success,,ok,target,0.509,0.506,0.994,0.504,0.504,,11,0,1,1,4828,4828.0,0.509,ise-cpu-intl-15.auth.ad.bgu.ac.il,3.11.15
348,m2f_p40ls3p5_058_s3,full,p40_ls3p5,memetic_deeppolish_p40_ls3p5,configs/tier2/memetic_deeppolish_p40_ls3p5.yaml,40,3.5,clip,3,900,,58,data/generated/calib_b/wksat_v50_k3_sr8.50_hr0.00_w1_uniform_s5.wcnf,ba5d8b71ad4628f8c8e75d596dd8c71cb74487d5fb810cbba9c1430d734e0749,calib_b,max3sat_n50_a8.5,5,425,11,354.613,T2b,tier2,success,,ok,target,1.313,1.305,0.994,1.308,1.308,,11,0,1,1,12500,12500.0,1.313,ise-cpu-intl-15.auth.ad.bgu.ac.il,3.11.15
349,m2f_p40ls0p5clip_059_s1,full,p40_ls0p5_clip,memetic_deeppolish_p40_ls0p5_clip,configs/tier2/memetic_deeppolish_p40_ls0p5_clip.yaml,40,0.5,clip,1,900,,59,data/generated/calib_b/wksat_v50_k3_sr9.00_hr0.00_w1_uniform_s3.wcnf,e7a0d53c9348e03a2fe5ebc1885f868f9115aa781d47efd39b89af0146a359d1,calib_b,max3sat_n50_a9,3,450,11,152.05,T2a,tier2,success,,ok,target,0.509,0.506,0.994,0.503,0.503,,11,0,1,1,4588,4588.0,0.509,ise-cpu-intl-15.auth.ad.bgu.ac.il,3.11.15
350,m2f_p40ls3p5_059_s1,full,p40_ls3p5,memetic_deeppolish_p40_ls3p5,configs/tier2/memetic_deeppolish_p40_ls3p5.yaml,40,3.5,clip,1,900,,59,data/generated/calib_b/wksat_v50_k3_sr9.00_hr0.00_w1_uniform_s3.wcnf,e7a0d53c9348e03a2fe5ebc1885f868f9115aa781d47efd39b89af0146a359d1,calib_b,max3sat_n50_a9,3,450,11,152.05,T2a,tier2,success,,ok,target,1.396,1.389,0.995,1.391,1.391,,11,0,1,1,12500,12500.0,1.396,ise-cpu-intl-15.auth.ad.bgu.ac.il,3.11.15
351,m2f_p40ls0p5clip_059_s2,full,p40_ls0p5_clip,memetic_deeppolish_p40_ls0p5_clip,configs/tier2/memetic_deeppolish_p40_ls0p5_clip.yaml,40,0.5,clip,2,900,,59,data/generated/calib_b/wksat_v50_k3_sr9.00_hr0.00_w1_uniform_s3.wcnf,e7a0d53c9348e03a2fe5ebc1885f868f9115aa781d47efd39b89af0146a359d1,calib_b,max3sat_n50_a9,3,450,11,152.05,T2a,tier2,success,,ok,target,0.509,0.507,0.996,0.503,0.503,,11,0,1,1,4854,4854.0,0.509,ise-cpu-intl-18.auth.ad.bgu.ac.il,3.11.15
352,m2f_p40ls3p5_059_s2,full,p40_ls3p5,memetic_deeppolish_p40_ls3p5,configs/tier2/memetic_deeppolish_p40_ls3p5.yaml,40,3.5,clip,2,900,,59,data/generated/calib_b/wksat_v50_k3_sr9.00_hr0.00_w1_uniform_s3.wcnf,e7a0d53c9348e03a2fe5ebc1885f868f9115aa781d47efd39b89af0146a359d1,calib_b,max3sat_n50_a9,3,450,11,152.05,T2a,tier2,success,,ok,target,1.286,1.271,0.988,1.28,1.28,,11,0,1,1,12500,12500.0,1.286,ise-cpu-intl-18.auth.ad.bgu.ac.il,3.11.15
353,m2f_p40ls0p5clip_059_s3,full,p40_ls0p5_clip,memetic_deeppolish_p40_ls0p5_clip,configs/tier2/memetic_deeppolish_p40_ls0p5_clip.yaml,40,0.5,clip,3,900,,59,data/generated/calib_b/wksat_v50_k3_sr9.00_hr0.00_w1_uniform_s3.wcnf,e7a0d53c9348e03a2fe5ebc1885f868f9115aa781d47efd39b89af0146a359d1,calib_b,max3sat_n50_a9,3,450,11,152.05,T2a,tier2,success,,ok,target,0.509,0.507,0.996,0.503,0.503,,11,0,1,1,4979,4979.0,0.509,ise-cpu-intl-18.auth.ad.bgu.ac.il,3.11.15
354,m2f_p40ls3p5_059_s3,full,p40_ls3p5,memetic_deeppolish_p40_ls3p5,configs/tier2/memetic_deeppolish_p40_ls3p5.yaml,40,3.5,clip,3,900,,59,data/generated/calib_b/wksat_v50_k3_sr9.00_hr0.00_w1_uniform_s3.wcnf,e7a0d53c9348e03a2fe5ebc1885f868f9115aa781d47efd39b89af0146a359d1,calib_b,max3sat_n50_a9,3,450,11,152.05,T2a,tier2,success,,ok,target,1.317,1.311,0.995,1.312,1.312,,11,0,1,1,12500,12500.0,1.317,ise-cpu-intl-18.auth.ad.bgu.ac.il,3.11.15
355,m2f_p40ls0p5clip_060_s1,full,p40_ls0p5_clip,memetic_deeppolish_p40_ls0p5_clip,configs/tier2/memetic_deeppolish_p40_ls0p5_clip.yaml,40,0.5,clip,1,900,,60,data/generated/calib_b/wksat_v50_k3_sr9.00_hr0.00_w1_uniform_s5.wcnf,a8133e0c929861b71f08385c9e721d97546b8b150d3493accda20d29a7b1207f,calib_b,max3sat_n50_a9,5,450,13,847.272,T3,upper_ext,success,,ok,target,0.518,0.514,0.992,0.507,0.507,,13,0,1,1,2053,2053.0,0.518,cs-cpu-06.auth.ad.bgu.ac.il,3.11.15
356,m2f_p40ls3p5_060_s1,full,p40_ls3p5,memetic_deeppolish_p40_ls3p5,configs/tier2/memetic_deeppolish_p40_ls3p5.yaml,40,3.5,clip,1,900,,60,data/generated/calib_b/wksat_v50_k3_sr9.00_hr0.00_w1_uniform_s5.wcnf,a8133e0c929861b71f08385c9e721d97546b8b150d3493accda20d29a7b1207f,calib_b,max3sat_n50_a9,5,450,13,847.272,T3,upper_ext,success,,ok,target,1.537,1.53,0.995,1.53,1.53,,13,0,1,1,12500,12500.0,1.537,cs-cpu-05.auth.ad.bgu.ac.il,3.11.15
357,m2f_p40ls0p5clip_060_s2,full,p40_ls0p5_clip,memetic_deeppolish_p40_ls0p5_clip,configs/tier2/memetic_deeppolish_p40_ls0p5_clip.yaml,40,0.5,clip,2,900,,60,data/generated/calib_b/wksat_v50_k3_sr9.00_hr0.00_w1_uniform_s5.wcnf,a8133e0c929861b71f08385c9e721d97546b8b150d3493accda20d29a7b1207f,calib_b,max3sat_n50_a9,5,450,13,847.272,T3,upper_ext,success,,ok,target,0.51,0.508,0.996,0.504,0.504,,13,0,1,1,4177,4177.0,0.51,cs-cpu-05.auth.ad.bgu.ac.il,3.11.15
358,m2f_p40ls3p5_060_s2,full,p40_ls3p5,memetic_deeppolish_p40_ls3p5,configs/tier2/memetic_deeppolish_p40_ls3p5.yaml,40,3.5,clip,2,900,,60,data/generated/calib_b/wksat_v50_k3_sr9.00_hr0.00_w1_uniform_s5.wcnf,a8133e0c929861b71f08385c9e721d97546b8b150d3493accda20d29a7b1207f,calib_b,max3sat_n50_a9,5,450,13,847.272,T3,upper_ext,success,,ok,target,1.47,1.407,0.957,1.464,1.464,,13,0,1,1,12500,12500.0,1.47,ise-cpu-intl-15.auth.ad.bgu.ac.il,3.11.15
359,m2f_p40ls0p5clip_060_s3,full,p40_ls0p5_clip,memetic_deeppolish_p40_ls0p5_clip,configs/tier2/memetic_deeppolish_p40_ls0p5_clip.yaml,40,0.5,clip,3,900,,60,data/generated/calib_b/wksat_v50_k3_sr9.00_hr0.00_w1_uniform_s5.wcnf,a8133e0c929861b71f08385c9e721d97546b8b150d3493accda20d29a7b1207f,calib_b,max3sat_n50_a9,5,450,13,847.272,T3,upper_ext,success,,ok,target,0.51,0.506,0.992,0.504,0.504,,13,0,1,1,4348,4348.0,0.51,ise-cpu-intl-15.auth.ad.bgu.ac.il,3.11.15
360,m2f_p40ls3p5_060_s3,full,p40_ls3p5,memetic_deeppolish_p40_ls3p5,configs/tier2/memetic_deeppolish_p40_ls3p5.yaml,40,3.5,clip,3,900,,60,data/generated/calib_b/wksat_v50_k3_sr9.00_hr0.00_w1_uniform_s5.wcnf,a8133e0c929861b71f08385c9e721d97546b8b150d3493accda20d29a7b1207f,calib_b,max3sat_n50_a9,5,450,13,847.272,T3,upper_ext,success,,ok,target,1.442,1.434,0.994,1.436,1.436,,13,0,1,1,12500,12500.0,1.442,ise-cpu-intl-15.auth.ad.bgu.ac.il,3.11.15
361,m2f_p40ls0p5clip_061_s1,full,p40_ls0p5_clip,memetic_deeppolish_p40_ls0p5_clip,configs/tier2/memetic_deeppolish_p40_ls0p5_clip.yaml,40,0.5,clip,1,900,,61,data/generated/calib_b/wksat_v70_k3_sr6.00_hr0.00_w1_uniform_s10.wcnf,e0e5710434a6320bd8f9448b61a1a548d1428619b2f126f34d49b8c61643b701,calib_b,max3sat_n70_a6,10,420,5,34.918,T1,lower_ext,success,,ok,target,0.509,0.506,0.994,0.504,0.504,,5,0,1,1,4958,4958.0,0.509,ise-cpu-intl-15.auth.ad.bgu.ac.il,3.11.15
362,m2f_p40ls3p5_061_s1,full,p40_ls3p5,memetic_deeppolish_p40_ls3p5,configs/tier2/memetic_deeppolish_p40_ls3p5.yaml,40,3.5,clip,1,900,,61,data/generated/calib_b/wksat_v70_k3_sr6.00_hr0.00_w1_uniform_s10.wcnf,e0e5710434a6320bd8f9448b61a1a548d1428619b2f126f34d49b8c61643b701,calib_b,max3sat_n70_a6,10,420,5,34.918,T1,lower_ext,success,,ok,target,1.292,1.266,0.98,1.287,1.287,,5,0,1,1,12500,12500.0,1.292,ise-cpu-intl-15.auth.ad.bgu.ac.il,3.11.15
363,m2f_p40ls0p5clip_061_s2,full,p40_ls0p5_clip,memetic_deeppolish_p40_ls0p5_clip,configs/tier2/memetic_deeppolish_p40_ls0p5_clip.yaml,40,0.5,clip,2,900,,61,data/generated/calib_b/wksat_v70_k3_sr6.00_hr0.00_w1_uniform_s10.wcnf,e0e5710434a6320bd8f9448b61a1a548d1428619b2f126f34d49b8c61643b701,calib_b,max3sat_n70_a6,10,420,5,34.918,T1,lower_ext,success,,ok,target,0.509,0.506,0.994,0.503,0.503,,5,0,1,1,4779,4779.0,0.509,ise-cpu-intl-15.auth.ad.bgu.ac.il,3.11.15
364,m2f_p40ls3p5_061_s2,full,p40_ls3p5,memetic_deeppolish_p40_ls3p5,configs/tier2/memetic_deeppolish_p40_ls3p5.yaml,40,3.5,clip,2,900,,61,data/generated/calib_b/wksat_v70_k3_sr6.00_hr0.00_w1_uniform_s10.wcnf,e0e5710434a6320bd8f9448b61a1a548d1428619b2f126f34d49b8c61643b701,calib_b,max3sat_n70_a6,10,420,5,34.918,T1,lower_ext,success,,ok,target,1.415,1.406,0.994,1.41,1.41,,5,0,1,1,12500,12500.0,1.415,ise-cpu-intl-15.auth.ad.bgu.ac.il,3.11.15
365,m2f_p40ls0p5clip_061_s3,full,p40_ls0p5_clip,memetic_deeppolish_p40_ls0p5_clip,configs/tier2/memetic_deeppolish_p40_ls0p5_clip.yaml,40,0.5,clip,3,900,,61,data/generated/calib_b/wksat_v70_k3_sr6.00_hr0.00_w1_uniform_s10.wcnf,e0e5710434a6320bd8f9448b61a1a548d1428619b2f126f34d49b8c61643b701,calib_b,max3sat_n70_a6,10,420,5,34.918,T1,lower_ext,success,,ok,target,0.509,0.506,0.994,0.503,0.503,,5,0,1,1,5024,5024.0,0.509,ise-cpu-intl-15.auth.ad.bgu.ac.il,3.11.15
366,m2f_p40ls3p5_061_s3,full,p40_ls3p5,memetic_deeppolish_p40_ls3p5,configs/tier2/memetic_deeppolish_p40_ls3p5.yaml,40,3.5,clip,3,900,,61,data/generated/calib_b/wksat_v70_k3_sr6.00_hr0.00_w1_uniform_s10.wcnf,e0e5710434a6320bd8f9448b61a1a548d1428619b2f126f34d49b8c61643b701,calib_b,max3sat_n70_a6,10,420,5,34.918,T1,lower_ext,success,,ok,target,1.263,1.256,0.994,1.257,1.257,,5,0,1,1,12500,12500.0,1.263,ise-cpu-intl-15.auth.ad.bgu.ac.il,3.11.15
367,m2f_p40ls0p5clip_062_s1,full,p40_ls0p5_clip,memetic_deeppolish_p40_ls0p5_clip,configs/tier2/memetic_deeppolish_p40_ls0p5_clip.yaml,40,0.5,clip,1,900,,62,data/generated/calib_b/wksat_v70_k3_sr6.00_hr0.00_w1_uniform_s7.wcnf,a4b02be277bf2a92743a4782f785c66fd2ee665cdf624eacde65b191e6d8a5a3,calib_b,max3sat_n70_a6,7,420,7,170.377,T2a,tier2,success,,ok,target,0.509,0.506,0.994,0.503,0.503,,7,0,1,1,5062,5062.0,0.509,ise-cpu-intl-15.auth.ad.bgu.ac.il,3.11.15
368,m2f_p40ls3p5_062_s1,full,p40_ls3p5,memetic_deeppolish_p40_ls3p5,configs/tier2/memetic_deeppolish_p40_ls3p5.yaml,40,3.5,clip,1,900,,62,data/generated/calib_b/wksat_v70_k3_sr6.00_hr0.00_w1_uniform_s7.wcnf,a4b02be277bf2a92743a4782f785c66fd2ee665cdf624eacde65b191e6d8a5a3,calib_b,max3sat_n70_a6,7,420,7,170.377,T2a,tier2,success,,ok,target,1.26,1.253,0.994,1.254,1.254,,7,0,1,1,12500,12500.0,1.26,ise-cpu-intl-15.auth.ad.bgu.ac.il,3.11.15
369,m2f_p40ls0p5clip_062_s2,full,p40_ls0p5_clip,memetic_deeppolish_p40_ls0p5_clip,configs/tier2/memetic_deeppolish_p40_ls0p5_clip.yaml,40,0.5,clip,2,900,,62,data/generated/calib_b/wksat_v70_k3_sr6.00_hr0.00_w1_uniform_s7.wcnf,a4b02be277bf2a92743a4782f785c66fd2ee665cdf624eacde65b191e6d8a5a3,calib_b,max3sat_n70_a6,7,420,7,170.377,T2a,tier2,success,,ok,target,0.508,0.506,0.996,0.503,0.503,,7,0,1,1,5354,5354.0,0.508,ise-cpu-intl-18.auth.ad.bgu.ac.il,3.11.15
370,m2f_p40ls3p5_062_s2,full,p40_ls3p5,memetic_deeppolish_p40_ls3p5,configs/tier2/memetic_deeppolish_p40_ls3p5.yaml,40,3.5,clip,2,900,,62,data/generated/calib_b/wksat_v70_k3_sr6.00_hr0.00_w1_uniform_s7.wcnf,a4b02be277bf2a92743a4782f785c66fd2ee665cdf624eacde65b191e6d8a5a3,calib_b,max3sat_n70_a6,7,420,7,170.377,T2a,tier2,success,,ok,target,1.164,1.151,0.989,1.159,1.159,,7,0,1,1,12500,12500.0,1.164,ise-cpu-intl-18.auth.ad.bgu.ac.il,3.11.15
371,m2f_p40ls0p5clip_062_s3,full,p40_ls0p5_clip,memetic_deeppolish_p40_ls0p5_clip,configs/tier2/memetic_deeppolish_p40_ls0p5_clip.yaml,40,0.5,clip,3,900,,62,data/generated/calib_b/wksat_v70_k3_sr6.00_hr0.00_w1_uniform_s7.wcnf,a4b02be277bf2a92743a4782f785c66fd2ee665cdf624eacde65b191e6d8a5a3,calib_b,max3sat_n70_a6,7,420,7,170.377,T2a,tier2,success,,ok,target,1.011,1.006,0.995,1.005,1.005,,7,0,1,2,10940,5470.0,0.5055,ise-cpu-intl-18.auth.ad.bgu.ac.il,3.11.15
372,m2f_p40ls3p5_062_s3,full,p40_ls3p5,memetic_deeppolish_p40_ls3p5,configs/tier2/memetic_deeppolish_p40_ls3p5.yaml,40,3.5,clip,3,900,,62,data/generated/calib_b/wksat_v70_k3_sr6.00_hr0.00_w1_uniform_s7.wcnf,a4b02be277bf2a92743a4782f785c66fd2ee665cdf624eacde65b191e6d8a5a3,calib_b,max3sat_n70_a6,7,420,7,170.377,T2a,tier2,success,,ok,target,1.172,1.167,0.996,1.167,1.167,,7,0,1,1,12500,12500.0,1.172,ise-cpu-intl-18.auth.ad.bgu.ac.il,3.11.15
373,m2f_p40ls0p5clip_063_s1,full,p40_ls0p5_clip,memetic_deeppolish_p40_ls0p5_clip,configs/tier2/memetic_deeppolish_p40_ls0p5_clip.yaml,40,0.5,clip,1,900,,63,data/generated/calib_b/wksat_v70_k3_sr6.00_hr0.00_w1_uniform_s9.wcnf,b0e8efdaa1af31f316007d75baf264a9ca6317ea09f3b69292d3a61d4dc746e8,calib_b,max3sat_n70_a6,9,420,7,367.267,T2b,tier2,success,,ok,target,0.52,0.516,0.992,0.507,0.507,,7,0,1,1,2165,2165.0,0.52,cs-cpu-06.auth.ad.bgu.ac.il,3.11.15
374,m2f_p40ls3p5_063_s1,full,p40_ls3p5,memetic_deeppolish_p40_ls3p5,configs/tier2/memetic_deeppolish_p40_ls3p5.yaml,40,3.5,clip,1,900,,63,data/generated/calib_b/wksat_v70_k3_sr6.00_hr0.00_w1_uniform_s9.wcnf,b0e8efdaa1af31f316007d75baf264a9ca6317ea09f3b69292d3a61d4dc746e8,calib_b,max3sat_n70_a6,9,420,7,367.267,T2b,tier2,success,,ok,target,1.388,1.382,0.996,1.382,1.382,,7,0,1,1,12500,12500.0,1.388,cs-cpu-05.auth.ad.bgu.ac.il,3.11.15
375,m2f_p40ls0p5clip_063_s2,full,p40_ls0p5_clip,memetic_deeppolish_p40_ls0p5_clip,configs/tier2/memetic_deeppolish_p40_ls0p5_clip.yaml,40,0.5,clip,2,900,,63,data/generated/calib_b/wksat_v70_k3_sr6.00_hr0.00_w1_uniform_s9.wcnf,b0e8efdaa1af31f316007d75baf264a9ca6317ea09f3b69292d3a61d4dc746e8,calib_b,max3sat_n70_a6,9,420,7,367.267,T2b,tier2,success,,ok,target,0.51,0.507,0.994,0.504,0.504,,7,0,1,1,4569,4569.0,0.51,cs-cpu-05.auth.ad.bgu.ac.il,3.11.15
376,m2f_p40ls3p5_063_s2,full,p40_ls3p5,memetic_deeppolish_p40_ls3p5,configs/tier2/memetic_deeppolish_p40_ls3p5.yaml,40,3.5,clip,2,900,,63,data/generated/calib_b/wksat_v70_k3_sr6.00_hr0.00_w1_uniform_s9.wcnf,b0e8efdaa1af31f316007d75baf264a9ca6317ea09f3b69292d3a61d4dc746e8,calib_b,max3sat_n70_a6,9,420,7,367.267,T2b,tier2,success,,ok,target,1.442,1.433,0.994,1.435,1.435,,7,0,1,1,12500,12500.0,1.442,ise-cpu-intl-15.auth.ad.bgu.ac.il,3.11.15
377,m2f_p40ls0p5clip_063_s3,full,p40_ls0p5_clip,memetic_deeppolish_p40_ls0p5_clip,configs/tier2/memetic_deeppolish_p40_ls0p5_clip.yaml,40,0.5,clip,3,900,,63,data/generated/calib_b/wksat_v70_k3_sr6.00_hr0.00_w1_uniform_s9.wcnf,b0e8efdaa1af31f316007d75baf264a9ca6317ea09f3b69292d3a61d4dc746e8,calib_b,max3sat_n70_a6,9,420,7,367.267,T2b,tier2,success,,ok,target,0.509,0.506,0.994,0.503,0.503,,7,0,1,1,5056,5056.0,0.509,ise-cpu-intl-15.auth.ad.bgu.ac.il,3.11.15
378,m2f_p40ls3p5_063_s3,full,p40_ls3p5,memetic_deeppolish_p40_ls3p5,configs/tier2/memetic_deeppolish_p40_ls3p5.yaml,40,3.5,clip,3,900,,63,data/generated/calib_b/wksat_v70_k3_sr6.00_hr0.00_w1_uniform_s9.wcnf,b0e8efdaa1af31f316007d75baf264a9ca6317ea09f3b69292d3a61d4dc746e8,calib_b,max3sat_n70_a6,9,420,7,367.267,T2b,tier2,success,,ok,target,1.281,1.273,0.994,1.275,1.275,,7,0,1,1,12500,12500.0,1.281,ise-cpu-intl-15.auth.ad.bgu.ac.il,3.11.15
379,m2f_p40ls0p5clip_064_s1,full,p40_ls0p5_clip,memetic_deeppolish_p40_ls0p5_clip,configs/tier2/memetic_deeppolish_p40_ls0p5_clip.yaml,40,0.5,clip,1,900,,64,data/generated/calib_b/wksat_v70_k3_sr6.20_hr0.00_w1_uniform_s2.wcnf,3d1f695567b9df8dca4ef7894855b92b0cba8768bf8685e8ed73c72d91063dad,calib_b,max3sat_n70_a6.2,2,434,7,197.211,T2a,tier2,success,,ok,target,0.509,0.506,0.994,0.503,0.503,,7,0,1,1,4874,4874.0,0.509,ise-cpu-intl-15.auth.ad.bgu.ac.il,3.11.15
380,m2f_p40ls3p5_064_s1,full,p40_ls3p5,memetic_deeppolish_p40_ls3p5,configs/tier2/memetic_deeppolish_p40_ls3p5.yaml,40,3.5,clip,1,900,,64,data/generated/calib_b/wksat_v70_k3_sr6.20_hr0.00_w1_uniform_s2.wcnf,3d1f695567b9df8dca4ef7894855b92b0cba8768bf8685e8ed73c72d91063dad,calib_b,max3sat_n70_a6.2,2,434,7,197.211,T2a,tier2,success,,ok,target,1.328,1.301,0.98,1.322,1.322,,7,0,1,1,12500,12500.0,1.328,ise-cpu-intl-15.auth.ad.bgu.ac.il,3.11.15
381,m2f_p40ls0p5clip_064_s2,full,p40_ls0p5_clip,memetic_deeppolish_p40_ls0p5_clip,configs/tier2/memetic_deeppolish_p40_ls0p5_clip.yaml,40,0.5,clip,2,900,,64,data/generated/calib_b/wksat_v70_k3_sr6.20_hr0.00_w1_uniform_s2.wcnf,3d1f695567b9df8dca4ef7894855b92b0cba8768bf8685e8ed73c72d91063dad,calib_b,max3sat_n70_a6.2,2,434,7,197.211,T2a,tier2,success,,ok,target,0.51,0.506,0.992,0.503,0.503,,7,0,1,1,4692,4692.0,0.51,ise-cpu-intl-15.auth.ad.bgu.ac.il,3.11.15
382,m2f_p40ls3p5_064_s2,full,p40_ls3p5,memetic_deeppolish_p40_ls3p5,configs/tier2/memetic_deeppolish_p40_ls3p5.yaml,40,3.5,clip,2,900,,64,data/generated/calib_b/wksat_v70_k3_sr6.20_hr0.00_w1_uniform_s2.wcnf,3d1f695567b9df8dca4ef7894855b92b0cba8768bf8685e8ed73c72d91063dad,calib_b,max3sat_n70_a6.2,2,434,7,197.211,T2a,tier2,success,,ok,target,1.444,1.435,0.994,1.437,1.437,,7,0,1,1,12500,12500.0,1.444,ise-cpu-intl-15.auth.ad.bgu.ac.il,3.11.15
383,m2f_p40ls0p5clip_064_s3,full,p40_ls0p5_clip,memetic_deeppolish_p40_ls0p5_clip,configs/tier2/memetic_deeppolish_p40_ls0p5_clip.yaml,40,0.5,clip,3,900,,64,data/generated/calib_b/wksat_v70_k3_sr6.20_hr0.00_w1_uniform_s2.wcnf,3d1f695567b9df8dca4ef7894855b92b0cba8768bf8685e8ed73c72d91063dad,calib_b,max3sat_n70_a6.2,2,434,7,197.211,T2a,tier2,success,,ok,target,1.011,1.006,0.995,1.005,1.005,,7,0,1,2,9779,4889.5,0.5055,ise-cpu-intl-15.auth.ad.bgu.ac.il,3.11.15
384,m2f_p40ls3p5_064_s3,full,p40_ls3p5,memetic_deeppolish_p40_ls3p5,configs/tier2/memetic_deeppolish_p40_ls3p5.yaml,40,3.5,clip,3,900,,64,data/generated/calib_b/wksat_v70_k3_sr6.20_hr0.00_w1_uniform_s2.wcnf,3d1f695567b9df8dca4ef7894855b92b0cba8768bf8685e8ed73c72d91063dad,calib_b,max3sat_n70_a6.2,2,434,7,197.211,T2a,tier2,success,,ok,target,1.327,1.32,0.995,1.321,1.321,,7,0,1,1,12500,12500.0,1.327,ise-cpu-intl-15.auth.ad.bgu.ac.il,3.11.15
385,m2f_p40ls0p5clip_065_s1,full,p40_ls0p5_clip,memetic_deeppolish_p40_ls0p5_clip,configs/tier2/memetic_deeppolish_p40_ls0p5_clip.yaml,40,0.5,clip,1,900,,65,data/generated/calib_b/wksat_v70_k3_sr6.20_hr0.00_w1_uniform_s4.wcnf,2de914f690c1febc4ff8185933510cf90cca3531c010668759edeb703ce466e8,calib_b,max3sat_n70_a6.2,4,434,7,290.487,T2a,tier2,success,,ok,target,0.509,0.506,0.994,0.503,0.503,,7,0,1,1,4769,4769.0,0.509,ise-cpu-intl-15.auth.ad.bgu.ac.il,3.11.15
386,m2f_p40ls3p5_065_s1,full,p40_ls3p5,memetic_deeppolish_p40_ls3p5,configs/tier2/memetic_deeppolish_p40_ls3p5.yaml,40,3.5,clip,1,900,,65,data/generated/calib_b/wksat_v70_k3_sr6.20_hr0.00_w1_uniform_s4.wcnf,2de914f690c1febc4ff8185933510cf90cca3531c010668759edeb703ce466e8,calib_b,max3sat_n70_a6.2,4,434,7,290.487,T2a,tier2,success,,ok,target,1.289,1.283,0.995,1.283,1.283,,7,0,1,1,12500,12500.0,1.289,ise-cpu-intl-15.auth.ad.bgu.ac.il,3.11.15
387,m2f_p40ls0p5clip_065_s2,full,p40_ls0p5_clip,memetic_deeppolish_p40_ls0p5_clip,configs/tier2/memetic_deeppolish_p40_ls0p5_clip.yaml,40,0.5,clip,2,900,,65,data/generated/calib_b/wksat_v70_k3_sr6.20_hr0.00_w1_uniform_s4.wcnf,2de914f690c1febc4ff8185933510cf90cca3531c010668759edeb703ce466e8,calib_b,max3sat_n70_a6.2,4,434,7,290.487,T2a,tier2,success,,ok,target,0.509,0.507,0.996,0.504,0.504,,7,0,1,1,5130,5130.0,0.509,ise-cpu-intl-18.auth.ad.bgu.ac.il,3.11.15
388,m2f_p40ls3p5_065_s2,full,p40_ls3p5,memetic_deeppolish_p40_ls3p5,configs/tier2/memetic_deeppolish_p40_ls3p5.yaml,40,3.5,clip,2,900,,65,data/generated/calib_b/wksat_v70_k3_sr6.20_hr0.00_w1_uniform_s4.wcnf,2de914f690c1febc4ff8185933510cf90cca3531c010668759edeb703ce466e8,calib_b,max3sat_n70_a6.2,4,434,7,290.487,T2a,tier2,success,,ok,target,1.204,1.199,0.996,1.199,1.199,,7,0,1,1,12500,12500.0,1.204,ise-cpu-intl-18.auth.ad.bgu.ac.il,3.11.15
389,m2f_p40ls0p5clip_065_s3,full,p40_ls0p5_clip,memetic_deeppolish_p40_ls0p5_clip,configs/tier2/memetic_deeppolish_p40_ls0p5_clip.yaml,40,0.5,clip,3,900,,65,data/generated/calib_b/wksat_v70_k3_sr6.20_hr0.00_w1_uniform_s4.wcnf,2de914f690c1febc4ff8185933510cf90cca3531c010668759edeb703ce466e8,calib_b,max3sat_n70_a6.2,4,434,7,290.487,T2a,tier2,success,,ok,target,0.509,0.507,0.996,0.503,0.503,,7,0,1,1,5069,5069.0,0.509,ise-cpu-intl-18.auth.ad.bgu.ac.il,3.11.15
390,m2f_p40ls3p5_065_s3,full,p40_ls3p5,memetic_deeppolish_p40_ls3p5,configs/tier2/memetic_deeppolish_p40_ls3p5.yaml,40,3.5,clip,3,900,,65,data/generated/calib_b/wksat_v70_k3_sr6.20_hr0.00_w1_uniform_s4.wcnf,2de914f690c1febc4ff8185933510cf90cca3531c010668759edeb703ce466e8,calib_b,max3sat_n70_a6.2,4,434,7,290.487,T2a,tier2,success,,ok,target,1.192,1.187,0.996,1.187,1.187,,7,0,1,1,12500,12500.0,1.192,ise-cpu-intl-18.auth.ad.bgu.ac.il,3.11.15
391,m2f_p40ls0p5clip_066_s1,full,p40_ls0p5_clip,memetic_deeppolish_p40_ls0p5_clip,configs/tier2/memetic_deeppolish_p40_ls0p5_clip.yaml,40,0.5,clip,1,900,,66,data/generated/calib_b/wksat_v70_k3_sr6.20_hr0.00_w1_uniform_s5.wcnf,22cb764d83c1d083b11e7660083d5ad102c189497a7218b249bd352fc5c7e34c,calib_b,max3sat_n70_a6.2,5,434,6,152.505,T2a,tier2,success,,ok,target,1.019,1.013,0.994,1.009,1.009,,6,0,1,2,5903,2951.5,0.5095,cs-cpu-06.auth.ad.bgu.ac.il,3.11.15
392,m2f_p40ls3p5_066_s1,full,p40_ls3p5,memetic_deeppolish_p40_ls3p5,configs/tier2/memetic_deeppolish_p40_ls3p5.yaml,40,3.5,clip,1,900,,66,data/generated/calib_b/wksat_v70_k3_sr6.20_hr0.00_w1_uniform_s5.wcnf,22cb764d83c1d083b11e7660083d5ad102c189497a7218b249bd352fc5c7e34c,calib_b,max3sat_n70_a6.2,5,434,6,152.505,T2a,tier2,success,,ok,target,2.843,2.83,0.995,2.837,2.837,,6,0,1,2,25000,12500.0,1.4215,cs-cpu-05.auth.ad.bgu.ac.il,3.11.15
393,m2f_p40ls0p5clip_066_s2,full,p40_ls0p5_clip,memetic_deeppolish_p40_ls0p5_clip,configs/tier2/memetic_deeppolish_p40_ls0p5_clip.yaml,40,0.5,clip,2,900,,66,data/generated/calib_b/wksat_v70_k3_sr6.20_hr0.00_w1_uniform_s5.wcnf,22cb764d83c1d083b11e7660083d5ad102c189497a7218b249bd352fc5c7e34c,calib_b,max3sat_n70_a6.2,5,434,6,152.505,T2a,tier2,success,,ok,target,0.51,0.508,0.996,0.504,0.504,,6,0,1,1,4395,4395.0,0.51,cs-cpu-05.auth.ad.bgu.ac.il,3.11.15
394,m2f_p40ls3p5_066_s2,full,p40_ls3p5,memetic_deeppolish_p40_ls3p5,configs/tier2/memetic_deeppolish_p40_ls3p5.yaml,40,3.5,clip,2,900,,66,data/generated/calib_b/wksat_v70_k3_sr6.20_hr0.00_w1_uniform_s5.wcnf,22cb764d83c1d083b11e7660083d5ad102c189497a7218b249bd352fc5c7e34c,calib_b,max3sat_n70_a6.2,5,434,6,152.505,T2a,tier2,success,,ok,target,1.346,1.34,0.996,1.335,1.335,,6,0,1,1,12500,12500.0,1.346,ise-cpu-intl-20.auth.ad.bgu.ac.il,3.11.15
395,m2f_p40ls0p5clip_066_s3,full,p40_ls0p5_clip,memetic_deeppolish_p40_ls0p5_clip,configs/tier2/memetic_deeppolish_p40_ls0p5_clip.yaml,40,0.5,clip,3,900,,66,data/generated/calib_b/wksat_v70_k3_sr6.20_hr0.00_w1_uniform_s5.wcnf,22cb764d83c1d083b11e7660083d5ad102c189497a7218b249bd352fc5c7e34c,calib_b,max3sat_n70_a6.2,5,434,6,152.505,T2a,tier2,success,,ok,target,1.018,1.013,0.995,1.007,1.007,,6,0,1,2,9185,4592.5,0.509,ise-cpu-intl-20.auth.ad.bgu.ac.il,3.11.15
396,m2f_p40ls3p5_066_s3,full,p40_ls3p5,memetic_deeppolish_p40_ls3p5,configs/tier2/memetic_deeppolish_p40_ls3p5.yaml,40,3.5,clip,3,900,,66,data/generated/calib_b/wksat_v70_k3_sr6.20_hr0.00_w1_uniform_s5.wcnf,22cb764d83c1d083b11e7660083d5ad102c189497a7218b249bd352fc5c7e34c,calib_b,max3sat_n70_a6.2,5,434,6,152.505,T2a,tier2,success,,ok,target,1.171,1.166,0.996,1.166,1.166,,6,0,1,1,12500,12500.0,1.171,ise-cpu-intl-22.auth.ad.bgu.ac.il,3.11.15
397,m2f_p40ls0p5clip_067_s1,full,p40_ls0p5_clip,memetic_deeppolish_p40_ls0p5_clip,configs/tier2/memetic_deeppolish_p40_ls0p5_clip.yaml,40,0.5,clip,1,900,,67,data/generated/calib_b/wksat_v70_k3_sr6.50_hr0.00_w1_uniform_s1.wcnf,092822b0dd4f9d236be9a106b39bf3b26037501e5e916fe6c7481ad7340361d9,calib_b,max3sat_n70_a6.5,1,455,8,436.403,T2b,tier2,success,,ok,target,3.018,3.006,0.996,3.012,3.012,,8,0,1,6,30544,5090.7,0.503,ise-cpu-intl-22.auth.ad.bgu.ac.il,3.11.15
398,m2f_p40ls3p5_067_s1,full,p40_ls3p5,memetic_deeppolish_p40_ls3p5,configs/tier2/memetic_deeppolish_p40_ls3p5.yaml,40,3.5,clip,1,900,,67,data/generated/calib_b/wksat_v70_k3_sr6.50_hr0.00_w1_uniform_s1.wcnf,092822b0dd4f9d236be9a106b39bf3b26037501e5e916fe6c7481ad7340361d9,calib_b,max3sat_n70_a6.5,1,455,8,436.403,T2b,tier2,success,,ok,target,2.5,2.49,0.996,2.494,2.494,,8,0,1,2,25000,12500.0,1.25,ise-cpu-intl-22.auth.ad.bgu.ac.il,3.11.15
399,m2f_p40ls0p5clip_067_s2,full,p40_ls0p5_clip,memetic_deeppolish_p40_ls0p5_clip,configs/tier2/memetic_deeppolish_p40_ls0p5_clip.yaml,40,0.5,clip,2,900,,67,data/generated/calib_b/wksat_v70_k3_sr6.50_hr0.00_w1_uniform_s1.wcnf,092822b0dd4f9d236be9a106b39bf3b26037501e5e916fe6c7481ad7340361d9,calib_b,max3sat_n70_a6.5,1,455,8,436.403,T2b,tier2,success,,ok,target,1.033,1.008,0.976,1.025,1.025,,8,0,1,2,6831,3415.5,0.5165,ise-cpu-intl-24.auth.ad.bgu.ac.il,3.11.15
400,m2f_p40ls3p5_067_s2,full,p40_ls3p5,memetic_deeppolish_p40_ls3p5,configs/tier2/memetic_deeppolish_p40_ls3p5.yaml,40,3.5,clip,2,900,,67,data/generated/calib_b/wksat_v70_k3_sr6.50_hr0.00_w1_uniform_s1.wcnf,092822b0dd4f9d236be9a106b39bf3b26037501e5e916fe6c7481ad7340361d9,calib_b,max3sat_n70_a6.5,1,455,8,436.403,T2b,tier2,success,,ok,target,1.377,1.369,0.994,1.371,1.371,,8,0,1,1,12500,12500.0,1.377,ise-cpu-intl-27.auth.ad.bgu.ac.il,3.11.15
401,m2f_p40ls0p5clip_067_s3,full,p40_ls0p5_clip,memetic_deeppolish_p40_ls0p5_clip,configs/tier2/memetic_deeppolish_p40_ls0p5_clip.yaml,40,0.5,clip,3,900,,67,data/generated/calib_b/wksat_v70_k3_sr6.50_hr0.00_w1_uniform_s1.wcnf,092822b0dd4f9d236be9a106b39bf3b26037501e5e916fe6c7481ad7340361d9,calib_b,max3sat_n70_a6.5,1,455,8,436.403,T2b,tier2,success,,ok,target,3.018,3.003,0.995,3.012,3.012,,8,0,1,6,28385,4730.8,0.503,ise-cpu-intl-27.auth.ad.bgu.ac.il,3.11.15
402,m2f_p40ls3p5_067_s3,full,p40_ls3p5,memetic_deeppolish_p40_ls3p5,configs/tier2/memetic_deeppolish_p40_ls3p5.yaml,40,3.5,clip,3,900,,67,data/generated/calib_b/wksat_v70_k3_sr6.50_hr0.00_w1_uniform_s1.wcnf,092822b0dd4f9d236be9a106b39bf3b26037501e5e916fe6c7481ad7340361d9,calib_b,max3sat_n70_a6.5,1,455,8,436.403,T2b,tier2,success,,ok,target,1.391,1.383,0.994,1.385,1.385,,8,0,1,1,12500,12500.0,1.391,ise-cpu-intl-28.auth.ad.bgu.ac.il,3.11.15
403,m2f_p40ls0p5clip_068_s1,full,p40_ls0p5_clip,memetic_deeppolish_p40_ls0p5_clip,configs/tier2/memetic_deeppolish_p40_ls0p5_clip.yaml,40,0.5,clip,1,900,,68,data/generated/calib_b/wksat_v70_k3_sr6.50_hr0.00_w1_uniform_s3.wcnf,e738757fe767024543d8518c7dfce34262d35309efaf36597f432545fb5dcdb8,calib_b,max3sat_n70_a6.5,3,455,7,148.075,T2a,tier2,success,,ok,target,0.51,0.507,0.994,0.503,0.503,,7,0,1,1,4470,4470.0,0.51,ise-cpu-intl-28.auth.ad.bgu.ac.il,3.11.15
404,m2f_p40ls3p5_068_s1,full,p40_ls3p5,memetic_deeppolish_p40_ls3p5,configs/tier2/memetic_deeppolish_p40_ls3p5.yaml,40,3.5,clip,1,900,,68,data/generated/calib_b/wksat_v70_k3_sr6.50_hr0.00_w1_uniform_s3.wcnf,e738757fe767024543d8518c7dfce34262d35309efaf36597f432545fb5dcdb8,calib_b,max3sat_n70_a6.5,3,455,7,148.075,T2a,tier2,success,,ok,target,1.37,1.343,0.98,1.363,1.363,,7,0,1,1,12500,12500.0,1.37,ise-cpu-intl-28.auth.ad.bgu.ac.il,3.11.15
405,m2f_p40ls0p5clip_068_s2,full,p40_ls0p5_clip,memetic_deeppolish_p40_ls0p5_clip,configs/tier2/memetic_deeppolish_p40_ls0p5_clip.yaml,40,0.5,clip,2,900,,68,data/generated/calib_b/wksat_v70_k3_sr6.50_hr0.00_w1_uniform_s3.wcnf,e738757fe767024543d8518c7dfce34262d35309efaf36597f432545fb5dcdb8,calib_b,max3sat_n70_a6.5,3,455,7,148.075,T2a,tier2,success,,ok,target,0.509,0.506,0.994,0.503,0.503,,7,0,1,1,4790,4790.0,0.509,ise-cpu-intl-28.auth.ad.bgu.ac.il,3.11.15
406,m2f_p40ls3p5_068_s2,full,p40_ls3p5,memetic_deeppolish_p40_ls3p5,configs/tier2/memetic_deeppolish_p40_ls3p5.yaml,40,3.5,clip,2,900,,68,data/generated/calib_b/wksat_v70_k3_sr6.50_hr0.00_w1_uniform_s3.wcnf,e738757fe767024543d8518c7dfce34262d35309efaf36597f432545fb5dcdb8,calib_b,max3sat_n70_a6.5,3,455,7,148.075,T2a,tier2,success,,ok,target,1.254,1.249,0.996,1.248,1.248,,7,0,1,1,12500,12500.0,1.254,ise-cpu-intl-18.auth.ad.bgu.ac.il,3.11.15
407,m2f_p40ls0p5clip_068_s3,full,p40_ls0p5_clip,memetic_deeppolish_p40_ls0p5_clip,configs/tier2/memetic_deeppolish_p40_ls0p5_clip.yaml,40,0.5,clip,3,900,,68,data/generated/calib_b/wksat_v70_k3_sr6.50_hr0.00_w1_uniform_s3.wcnf,e738757fe767024543d8518c7dfce34262d35309efaf36597f432545fb5dcdb8,calib_b,max3sat_n70_a6.5,3,455,7,148.075,T2a,tier2,success,,ok,target,0.509,0.505,0.992,0.503,0.503,,7,0,1,1,4907,4907.0,0.509,ise-cpu-intl-18.auth.ad.bgu.ac.il,3.11.15
408,m2f_p40ls3p5_068_s3,full,p40_ls3p5,memetic_deeppolish_p40_ls3p5,configs/tier2/memetic_deeppolish_p40_ls3p5.yaml,40,3.5,clip,3,900,,68,data/generated/calib_b/wksat_v70_k3_sr6.50_hr0.00_w1_uniform_s3.wcnf,e738757fe767024543d8518c7dfce34262d35309efaf36597f432545fb5dcdb8,calib_b,max3sat_n70_a6.5,3,455,7,148.075,T2a,tier2,success,,ok,target,1.278,1.273,0.996,1.272,1.272,,7,0,1,1,12500,12500.0,1.278,ise-cpu-intl-18.auth.ad.bgu.ac.il,3.11.15
409,m2f_p40ls0p5clip_069_s1,full,p40_ls0p5_clip,memetic_deeppolish_p40_ls0p5_clip,configs/tier2/memetic_deeppolish_p40_ls0p5_clip.yaml,40,0.5,clip,1,900,,69,data/generated/calib_b/wksat_v70_k3_sr6.50_hr0.00_w1_uniform_s4.wcnf,fc125f4de8ed58b088b5f719e9931c060234609c5ae0ece87044ebd72b964f87,calib_b,max3sat_n70_a6.5,4,455,7,217.782,T2a,tier2,success,,ok,target,0.509,0.507,0.996,0.503,0.503,,7,0,1,1,4770,4770.0,0.509,ise-cpu-intl-18.auth.ad.bgu.ac.il,3.11.15
410,m2f_p40ls3p5_069_s1,full,p40_ls3p5,memetic_deeppolish_p40_ls3p5,configs/tier2/memetic_deeppolish_p40_ls3p5.yaml,40,3.5,clip,1,900,,69,data/generated/calib_b/wksat_v70_k3_sr6.50_hr0.00_w1_uniform_s4.wcnf,fc125f4de8ed58b088b5f719e9931c060234609c5ae0ece87044ebd72b964f87,calib_b,max3sat_n70_a6.5,4,455,7,217.782,T2a,tier2,success,,ok,target,1.642,1.635,0.996,1.63,1.63,,7,0,1,1,12500,12500.0,1.642,cs-cpu-06.auth.ad.bgu.ac.il,3.11.15
411,m2f_p40ls0p5clip_069_s2,full,p40_ls0p5_clip,memetic_deeppolish_p40_ls0p5_clip,configs/tier2/memetic_deeppolish_p40_ls0p5_clip.yaml,40,0.5,clip,2,900,,69,data/generated/calib_b/wksat_v70_k3_sr6.50_hr0.00_w1_uniform_s4.wcnf,fc125f4de8ed58b088b5f719e9931c060234609c5ae0ece87044ebd72b964f87,calib_b,max3sat_n70_a6.5,4,455,7,217.782,T2a,tier2,success,,ok,target,0.511,0.507,0.992,0.504,0.504,,7,0,1,1,4151,4151.0,0.511,cs-cpu-05.auth.ad.bgu.ac.il,3.11.15
412,m2f_p40ls3p5_069_s2,full,p40_ls3p5,memetic_deeppolish_p40_ls3p5,configs/tier2/memetic_deeppolish_p40_ls3p5.yaml,40,3.5,clip,2,900,,69,data/generated/calib_b/wksat_v70_k3_sr6.50_hr0.00_w1_uniform_s4.wcnf,fc125f4de8ed58b088b5f719e9931c060234609c5ae0ece87044ebd72b964f87,calib_b,max3sat_n70_a6.5,4,455,7,217.782,T2a,tier2,success,,ok,target,1.468,1.462,0.996,1.462,1.462,,7,0,1,1,12500,12500.0,1.468,cs-cpu-05.auth.ad.bgu.ac.il,3.11.15
413,m2f_p40ls0p5clip_069_s3,full,p40_ls0p5_clip,memetic_deeppolish_p40_ls0p5_clip,configs/tier2/memetic_deeppolish_p40_ls0p5_clip.yaml,40,0.5,clip,3,900,,69,data/generated/calib_b/wksat_v70_k3_sr6.50_hr0.00_w1_uniform_s4.wcnf,fc125f4de8ed58b088b5f719e9931c060234609c5ae0ece87044ebd72b964f87,calib_b,max3sat_n70_a6.5,4,455,7,217.782,T2a,tier2,success,,ok,target,0.51,0.508,0.996,0.504,0.504,,7,0,1,1,4449,4449.0,0.51,ise-cpu-intl-20.auth.ad.bgu.ac.il,3.11.15
414,m2f_p40ls3p5_069_s3,full,p40_ls3p5,memetic_deeppolish_p40_ls3p5,configs/tier2/memetic_deeppolish_p40_ls3p5.yaml,40,3.5,clip,3,900,,69,data/generated/calib_b/wksat_v70_k3_sr6.50_hr0.00_w1_uniform_s4.wcnf,fc125f4de8ed58b088b5f719e9931c060234609c5ae0ece87044ebd72b964f87,calib_b,max3sat_n70_a6.5,4,455,7,217.782,T2a,tier2,success,,ok,target,1.359,1.353,0.996,1.353,1.353,,7,0,1,1,12500,12500.0,1.359,ise-cpu-intl-20.auth.ad.bgu.ac.il,3.11.15
415,m2f_p40ls0p5clip_070_s1,full,p40_ls0p5_clip,memetic_deeppolish_p40_ls0p5_clip,configs/tier2/memetic_deeppolish_p40_ls0p5_clip.yaml,40,0.5,clip,1,900,,70,data/generated/calib_b/wksat_v70_k3_sr6.50_hr0.00_w1_uniform_s5.wcnf,375fc3ea17b22a5964d8689ab6b14cbcf266872d177aab7abbf9c5eb892dfc76,calib_b,max3sat_n70_a6.5,5,455,7,146.388,T2a,tier2,success,,ok,target,0.51,0.507,0.994,0.504,0.504,,7,0,1,1,5036,5036.0,0.51,ise-cpu-intl-22.auth.ad.bgu.ac.il,3.11.15
416,m2f_p40ls3p5_070_s1,full,p40_ls3p5,memetic_deeppolish_p40_ls3p5,configs/tier2/memetic_deeppolish_p40_ls3p5.yaml,40,3.5,clip,1,900,,70,data/generated/calib_b/wksat_v70_k3_sr6.50_hr0.00_w1_uniform_s5.wcnf,375fc3ea17b22a5964d8689ab6b14cbcf266872d177aab7abbf9c5eb892dfc76,calib_b,max3sat_n70_a6.5,5,455,7,146.388,T2a,tier2,success,,ok,target,1.228,1.224,0.997,1.223,1.223,,7,0,1,1,12500,12500.0,1.228,ise-cpu-intl-22.auth.ad.bgu.ac.il,3.11.15
417,m2f_p40ls0p5clip_070_s2,full,p40_ls0p5_clip,memetic_deeppolish_p40_ls0p5_clip,configs/tier2/memetic_deeppolish_p40_ls0p5_clip.yaml,40,0.5,clip,2,900,,70,data/generated/calib_b/wksat_v70_k3_sr6.50_hr0.00_w1_uniform_s5.wcnf,375fc3ea17b22a5964d8689ab6b14cbcf266872d177aab7abbf9c5eb892dfc76,calib_b,max3sat_n70_a6.5,5,455,7,146.388,T2a,tier2,success,,ok,target,0.509,0.506,0.994,0.504,0.504,,7,0,1,1,5108,5108.0,0.509,ise-cpu-intl-22.auth.ad.bgu.ac.il,3.11.15
418,m2f_p40ls3p5_070_s2,full,p40_ls3p5,memetic_deeppolish_p40_ls3p5,configs/tier2/memetic_deeppolish_p40_ls3p5.yaml,40,3.5,clip,2,900,,70,data/generated/calib_b/wksat_v70_k3_sr6.50_hr0.00_w1_uniform_s5.wcnf,375fc3ea17b22a5964d8689ab6b14cbcf266872d177aab7abbf9c5eb892dfc76,calib_b,max3sat_n70_a6.5,5,455,7,146.388,T2a,tier2,success,,ok,target,1.873,1.861,0.994,1.865,1.865,,7,0,1,1,12500,12500.0,1.873,ise-cpu-intl-24.auth.ad.bgu.ac.il,3.11.15
419,m2f_p40ls0p5clip_070_s3,full,p40_ls0p5_clip,memetic_deeppolish_p40_ls0p5_clip,configs/tier2/memetic_deeppolish_p40_ls0p5_clip.yaml,40,0.5,clip,3,900,,70,data/generated/calib_b/wksat_v70_k3_sr6.50_hr0.00_w1_uniform_s5.wcnf,375fc3ea17b22a5964d8689ab6b14cbcf266872d177aab7abbf9c5eb892dfc76,calib_b,max3sat_n70_a6.5,5,455,7,146.388,T2a,tier2,success,,ok,target,0.509,0.507,0.996,0.503,0.503,,7,0,1,1,4659,4659.0,0.509,ise-cpu-intl-27.auth.ad.bgu.ac.il,3.11.15
420,m2f_p40ls3p5_070_s3,full,p40_ls3p5,memetic_deeppolish_p40_ls3p5,configs/tier2/memetic_deeppolish_p40_ls3p5.yaml,40,3.5,clip,3,900,,70,data/generated/calib_b/wksat_v70_k3_sr6.50_hr0.00_w1_uniform_s5.wcnf,375fc3ea17b22a5964d8689ab6b14cbcf266872d177aab7abbf9c5eb892dfc76,calib_b,max3sat_n70_a6.5,5,455,7,146.388,T2a,tier2,success,,ok,target,1.344,1.337,0.995,1.338,1.338,,7,0,1,1,12500,12500.0,1.344,ise-cpu-intl-27.auth.ad.bgu.ac.il,3.11.15
