family,file,sha256,fmt,n_vars,n_clauses,n_vars_used,ratio,len_min,len_max,len_mean,len_hist,all_w1,size_kb
ms_crafted/ms_crafted/bipartite/maxcut-140-630-0.7,maxcut-140-630-0.7-1.cnf,b8c87f09c321ac82207aa8c61aac3037b150fe459ec6d09a938881c570aa80dd,cnf,140,1260,140,9.0,2,2,2.0,2:1260,True,11.9
ms_crafted/ms_crafted/bipartite/maxcut-140-630-0.7,maxcut-140-630-0.7-10.cnf,ab48a2a23fa74dd179e6c36ac0a563b963e3ddc55bb5064ada338e98d384280b,cnf,140,1260,140,9.0,2,2,2.0,2:1260,True,11.8
ms_crafted/ms_crafted/bipartite/maxcut-140-630-0.7,maxcut-140-630-0.7-11.cnf,70b6f4e5bc5940ef71a90d673402996c997260e94d84d15054a8c5e2f590b22a,cnf,140,1260,140,9.0,2,2,2.0,2:1260,True,11.8
ms_crafted/ms_crafted/bipartite/maxcut-140-630-0.7,maxcut-140-630-0.7-12.cnf,1f033965c107bcae86e23dbf2594a48fe88587d77d466b3465c06bb6f6a3edc9,cnf,140,1260,140,9.0,2,2,2.0,2:1260,True,11.8
ms_crafted/ms_crafted/bipartite/maxcut-140-630-0.7,maxcut-140-630-0.7-13.cnf,f05f8a8eb3c1ed5acc7f9ac7ba9a81cca74bd7c2a11b76edd15d90abd7da2fb5,cnf,140,1260,140,9.0,2,2,2.0,2:1260,True,11.8
ms_crafted/ms_crafted/bipartite/maxcut-140-630-0.7,maxcut-140-630-0.7-14.cnf,42ba4c1c1ea51aa6616212b81800db50a98801f6c5f3ee817232a74215398302,cnf,140,1260,140,9.0,2,2,2.0,2:1260,True,11.8
ms_crafted/ms_crafted/bipartite/maxcut-140-630-0.7,maxcut-140-630-0.7-15.cnf,5add581d3063dacf53493ee5cb8dcae8baab2993cc9e31c8b19dd5ce544d35a3,cnf,140,1260,140,9.0,2,2,2.0,2:1260,True,11.8
ms_crafted/ms_crafted/bipartite/maxcut-140-630-0.7,maxcut-140-630-0.7-16.cnf,54f82331a5cab4b7b302c89607d05ab8fb41a0d7ffc4f61eecd24577ad70a8dd,cnf,140,1260,140,9.0,2,2,2.0,2:1260,True,11.8
ms_crafted/ms_crafted/bipartite/maxcut-140-630-0.7,maxcut-140-630-0.7-17.cnf,0b968f9d852904852988898e6f2eb733f303315221c65e7cd77a21f28490b8e2,cnf,140,1260,140,9.0,2,2,2.0,2:1260,True,11.8
ms_crafted/ms_crafted/bipartite/maxcut-140-630-0.7,maxcut-140-630-0.7-18.cnf,6fedf01b270e5122b5386756696c00b8fd80b8a973067cf0e0a1e6f32f4bbc43,cnf,140,1260,140,9.0,2,2,2.0,2:1260,True,11.8
ms_crafted/ms_crafted/bipartite/maxcut-140-630-0.7,maxcut-140-630-0.7-19.cnf,d7931f4039c99f5cf146f2eeb1b22ba954421fdb2c321f4a100b81f158151ade,cnf,140,1260,140,9.0,2,2,2.0,2:1260,True,11.8
ms_crafted/ms_crafted/bipartite/maxcut-140-630-0.7,maxcut-140-630-0.7-2.cnf,08be2f92a43cc1d96d48206571639b6bdcddacc627705f6674eb8d0edcd4dabe,cnf,140,1260,140,9.0,2,2,2.0,2:1260,True,11.8
ms_crafted/ms_crafted/bipartite/maxcut-140-630-0.7,maxcut-140-630-0.7-20.cnf,45f9fb1d896de0d34db3d397846389d4853b8998bcfa7efb8397f7da73d75b05,cnf,140,1260,140,9.0,2,2,2.0,2:1260,True,11.9
ms_crafted/ms_crafted/bipartite/maxcut-140-630-0.7,maxcut-140-630-0.7-21.cnf,39aacdb9513381dfba9e09eb7c851121bf00f9a640e03b5c7d8a8cfc154010e7,cnf,140,1260,140,9.0,2,2,2.0,2:1260,True,11.8
ms_crafted/ms_crafted/bipartite/maxcut-140-630-0.7,maxcut-140-630-0.7-22.cnf,29037d71f6ad5fe5f152fc37b18e997196841521e0d7c27e9a89aa7492ae2a73,cnf,140,1260,140,9.0,2,2,2.0,2:1260,True,11.9
ms_crafted/ms_crafted/bipartite/maxcut-140-630-0.7,maxcut-140-630-0.7-23.cnf,89422ef771fc9318d2997fa160c8b11246050e97c2cf68fe695b0dd3eb2e1d18,cnf,140,1260,140,9.0,2,2,2.0,2:1260,True,11.8
ms_crafted/ms_crafted/bipartite/maxcut-140-630-0.7,maxcut-140-630-0.7-24.cnf,5238699659bd154b8de904c4a5278af27c0c397f2c0cccc14745bb9b470bb528,cnf,140,1260,140,9.0,2,2,2.0,2:1260,True,11.8
ms_crafted/ms_crafted/bipartite/maxcut-140-630-0.7,maxcut-140-630-0.7-25.cnf,356e174ba1e39483ddef6058b4852ce68e6605103218056c10a3cd81cf6e029c,cnf,140,1260,140,9.0,2,2,2.0,2:1260,True,11.8
ms_crafted/ms_crafted/bipartite/maxcut-140-630-0.7,maxcut-140-630-0.7-26.cnf,5abbd44e25ff03b6bb70911f3509b9a346ea7c932b500f8189afd19c757cb133,cnf,140,1260,140,9.0,2,2,2.0,2:1260,True,11.8
ms_crafted/ms_crafted/bipartite/maxcut-140-630-0.7,maxcut-140-630-0.7-27.cnf,d83b5ea788ec9189d8e87eaefc16a93b43551b16d9abb8fac10df989d11813a3,cnf,140,1260,140,9.0,2,2,2.0,2:1260,True,11.8
ms_crafted/ms_crafted/bipartite/maxcut-140-630-0.7,maxcut-140-630-0.7-28.cnf,51838e3735d5297192aaa92ef1367eb5f9d5f4b1687f86933166b2d78e3f3dd8,cnf,140,1260,140,9.0,2,2,2.0,2:1260,True,11.8
ms_crafted/ms_crafted/bipartite/maxcut-140-630-0.7,maxcut-140-630-0.7-29.cnf,4b306fb6a9e45f6392c83b2d7c0c8e90547370155b0a218f6f4f7e40844b0c66,cnf,140,1260,140,9.0,2,2,2.0,2:1260,True,11.8
ms_crafted/ms_crafted/bipartite/maxcut-140-630-0.7,maxcut-140-630-0.7-3.cnf,9e987bc20d320a19e9ac71d3720befbf3ff408d2dfa990df0dd9e67fb3775bbf,cnf,140,1260,140,9.0,2,2,2.0,2:1260,True,11.8
ms_crafted/ms_crafted/bipartite/maxcut-140-630-0.7,maxcut-140-630-0.7-30.cnf,db62a0af8d934a0837d6a23ed507f19a2bcda98591e358be5b4816701eb86396,cnf,140,1260,140,9.0,2,2,2.0,2:1260,True,11.8
ms_crafted/ms_crafted/bipartite/maxcut-140-630-0.7,maxcut-140-630-0.7-31.cnf,1c54bf9b6a4347d1952e14258d6f85175b28a8115893643e2a89f12759c52f03,cnf,140,1260,140,9.0,2,2,2.0,2:1260,True,11.8
ms_crafted/ms_crafted/bipartite/maxcut-140-630-0.7,maxcut-140-630-0.7-32.cnf,b633d958b131c1380bdebda83f40d2d74e55256a11ab73d685b0b3545943b202,cnf,140,1260,140,9.0,2,2,2.0,2:1260,True,11.8
ms_crafted/ms_crafted/bipartite/maxcut-140-630-0.7,maxcut-140-630-0.7-33.cnf,54fcef1e362c23c9cd2676a436194cff817b35058a0b9c8ad841f133d5c46e52,cnf,140,1260,140,9.0,2,2,2.0,2:1260,True,11.7
ms_crafted/ms_crafted/bipartite/maxcut-140-630-0.7,maxcut-140-630-0.7-34.cnf,b2de5fca86ce5b2ce44cf75e264e5a970dcba866427292118700473fa4aeaeff,cnf,140,1260,140,9.0,2,2,2.0,2:1260,True,11.8
ms_crafted/ms_crafted/bipartite/maxcut-140-630-0.7,maxcut-140-630-0.7-35.cnf,a2dbe22822a275f531c1bfe861e3ddaea5267f63e97f12920cb36af890570288,cnf,140,1260,140,9.0,2,2,2.0,2:1260,True,11.8
ms_crafted/ms_crafted/bipartite/maxcut-140-630-0.7,maxcut-140-630-0.7-36.cnf,f99e1bc28ed846d7255d6ba7696259de729181c4d6334e635fc235051f991989,cnf,140,1260,140,9.0,2,2,2.0,2:1260,True,11.8
ms_crafted/ms_crafted/bipartite/maxcut-140-630-0.7,maxcut-140-630-0.7-37.cnf,efe0273911b2cce8fbe08647e2ec9a82b8f2d88aa6556aeb61096c7f211abc87,cnf,140,1260,140,9.0,2,2,2.0,2:1260,True,11.8
ms_crafted/ms_crafted/bipartite/maxcut-140-630-0.7,maxcut-140-630-0.7-38.cnf,e7c2ad803fb164e04ae9d1caeb1fdd830ccd4912c2cd3496ebf89eb94d147049,cnf,140,1260,140,9.0,2,2,2.0,2:1260,True,11.8
ms_crafted/ms_crafted/bipartite/maxcut-140-630-0.7,maxcut-140-630-0.7-39.cnf,190470cbd3ea0bd23d89fa502a9ec2422ef6b929e36ebe6c80567518d3c500d6,cnf,140,1260,140,9.0,2,2,2.0,2:1260,True,11.9
ms_crafted/ms_crafted/bipartite/maxcut-140-630-0.7,maxcut-140-630-0.7-4.cnf,141f96feff365676821efa6b69eea60b9c2f4b7e83dd7216b66e9bf288ded5ea,cnf,140,1260,140,9.0,2,2,2.0,2:1260,True,11.8
ms_crafted/ms_crafted/bipartite/maxcut-140-630-0.7,maxcut-140-630-0.7-40.cnf,be6125775f5e772b8c2677434d397ff92fa3b0336e12354261fe18189dff2340,cnf,140,1260,140,9.0,2,2,2.0,2:1260,True,11.9
ms_crafted/ms_crafted/bipartite/maxcut-140-630-0.7,maxcut-140-630-0.7-41.cnf,8b81567bd3379cbc0f07ee3049c95d397fa0023daf33b239361e3d8ef9a9bfe7,cnf,140,1260,140,9.0,2,2,2.0,2:1260,True,11.9
ms_crafted/ms_crafted/bipartite/maxcut-140-630-0.7,maxcut-140-630-0.7-42.cnf,2a6711b82b97022df9fd387f3d4fd35439e5d5abd253776ac459e48d5885c71c,cnf,140,1260,140,9.0,2,2,2.0,2:1260,True,11.8
ms_crafted/ms_crafted/bipartite/maxcut-140-630-0.7,maxcut-140-630-0.7-43.cnf,33e844676df59b19ec50e55283ef7d1e311b180a100b336cdd695c371cc7b55b,cnf,140,1260,140,9.0,2,2,2.0,2:1260,True,11.8
ms_crafted/ms_crafted/bipartite/maxcut-140-630-0.7,maxcut-140-630-0.7-44.cnf,268358abd2b26c8985c8aff11dafd365c4492b1feae9a4c8a9eb895eb189cf4d,cnf,140,1260,140,9.0,2,2,2.0,2:1260,True,11.8
ms_crafted/ms_crafted/bipartite/maxcut-140-630-0.7,maxcut-140-630-0.7-45.cnf,7076c9191f6e7e8e43685af589df2a8f3b6e0ca76b60a379ef7f88cfd3e21f28,cnf,140,1260,140,9.0,2,2,2.0,2:1260,True,11.8
ms_crafted/ms_crafted/bipartite/maxcut-140-630-0.7,maxcut-140-630-0.7-46.cnf,93ee28185b46d628c40566ca7d010d1aba0973706b3f19f03c85ecb29fb4b34f,cnf,140,1260,140,9.0,2,2,2.0,2:1260,True,11.8
ms_crafted/ms_crafted/bipartite/maxcut-140-630-0.7,maxcut-140-630-0.7-47.cnf,5b914d79f74d13e797ce8f61dd2a1913b69cb0de80c7390753ee3bdc8cfc741b,cnf,140,1260,140,9.0,2,2,2.0,2:1260,True,11.8
ms_crafted/ms_crafted/bipartite/maxcut-140-630-0.7,maxcut-140-630-0.7-48.cnf,15ca28b2076cb18aa32932e8eaba155bd76beb87d1ef3e6945fcb00bdf319149,cnf,140,1260,140,9.0,2,2,2.0,2:1260,True,11.8
ms_crafted/ms_crafted/bipartite/maxcut-140-630-0.7,maxcut-140-630-0.7-49.cnf,28819c63f2d896f2636988c8e557279650184171eaf68d3101536b4e1cafd5b8,cnf,140,1260,140,9.0,2,2,2.0,2:1260,True,11.8
ms_crafted/ms_crafted/bipartite/maxcut-140-630-0.7,maxcut-140-630-0.7-5.cnf,c9f0f2615b932e7824600662ca594568ce4a98d59bc750b8b98805ee03a1dca3,cnf,140,1260,140,9.0,2,2,2.0,2:1260,True,11.8
ms_crafted/ms_crafted/bipartite/maxcut-140-630-0.7,maxcut-140-630-0.7-50.cnf,c009a0638becfcff7f260d9c7d7de5f09847172eb6cfda75da0029d368538f4c,cnf,140,1260,140,9.0,2,2,2.0,2:1260,True,11.9
ms_crafted/ms_crafted/bipartite/maxcut-140-630-0.7,maxcut-140-630-0.7-6.cnf,760ba96f839caf60eb90544cc43525085f192e04555fa6547873f04ac7501e5c,cnf,140,1260,140,9.0,2,2,2.0,2:1260,True,11.8
ms_crafted/ms_crafted/bipartite/maxcut-140-630-0.7,maxcut-140-630-0.7-7.cnf,21f929b40be36d6f9c80611c576452db55763930654d2a306c7b5766313eb6b2,cnf,140,1260,140,9.0,2,2,2.0,2:1260,True,11.8
ms_crafted/ms_crafted/bipartite/maxcut-140-630-0.7,maxcut-140-630-0.7-8.cnf,754b399204b8cb61f1a0dfa0e6cbb85e17b511a8349366523b605f1d4906ee28,cnf,140,1260,140,9.0,2,2,2.0,2:1260,True,11.8
ms_crafted/ms_crafted/bipartite/maxcut-140-630-0.7,maxcut-140-630-0.7-9.cnf,6df20988ea67a3ff508114732a20e59835aa524504819e88526df00af7671d37,cnf,140,1260,140,9.0,2,2,2.0,2:1260,True,11.8
ms_crafted/ms_crafted/bipartite/maxcut-140-630-0.8,maxcut-140-630-0.8-1.cnf,13b0489ce8f1a557c6e5d5de9887b972527b0ee211fb634cf1f27762d473d699,cnf,140,1258,140,8.986,2,2,2.0,2:1258,True,11.8
ms_crafted/ms_crafted/bipartite/maxcut-140-630-0.8,maxcut-140-630-0.8-10.cnf,a45cb20356ed60fb34501fea76951d2350ac3bebe0e7ca12ca84380dd714113a,cnf,140,1258,140,8.986,2,2,2.0,2:1258,True,11.8
ms_crafted/ms_crafted/bipartite/maxcut-140-630-0.8,maxcut-140-630-0.8-11.cnf,3df4968fbeeda51386038d8c37f361cfbb9220e3be832020af0796b0b7cab054,cnf,140,1258,140,8.986,2,2,2.0,2:1258,True,11.8
ms_crafted/ms_crafted/bipartite/maxcut-140-630-0.8,maxcut-140-630-0.8-12.cnf,60e9f1eb5684568de9c28e7ffe3658543d62142a2a6b1c356e422afad0170eb0,cnf,140,1258,140,8.986,2,2,2.0,2:1258,True,11.9
ms_crafted/ms_crafted/bipartite/maxcut-140-630-0.8,maxcut-140-630-0.8-13.cnf,8589fc07bb9fa58d747a189375bc097de1eb5037a251d5949f3620fd534c35af,cnf,140,1258,140,8.986,2,2,2.0,2:1258,True,11.8
ms_crafted/ms_crafted/bipartite/maxcut-140-630-0.8,maxcut-140-630-0.8-14.cnf,3056e5c8ca4aaac4703495ee44dd47755ee8c4e1047a834863bdf15f42c14751,cnf,140,1258,140,8.986,2,2,2.0,2:1258,True,11.8
ms_crafted/ms_crafted/bipartite/maxcut-140-630-0.8,maxcut-140-630-0.8-15.cnf,7db75020c4dd7e03ee8e368f6e517c7f77eaaa281a0fc4829fb5b2b87a867d75,cnf,140,1258,140,8.986,2,2,2.0,2:1258,True,11.8
ms_crafted/ms_crafted/bipartite/maxcut-140-630-0.8,maxcut-140-630-0.8-16.cnf,3d3847ee0bf20fa04de66c4286a385f7a5935a66215d96fce14986648d64cf08,cnf,140,1258,140,8.986,2,2,2.0,2:1258,True,11.8
ms_crafted/ms_crafted/bipartite/maxcut-140-630-0.8,maxcut-140-630-0.8-17.cnf,68673363a53dc56421b7c1ed14079fce88c078a323512c622f2497b06b6cf053,cnf,140,1258,140,8.986,2,2,2.0,2:1258,True,11.8
ms_crafted/ms_crafted/bipartite/maxcut-140-630-0.8,maxcut-140-630-0.8-18.cnf,2d9a34206d0e08bb9920e0bde53b707f760d595a857d37fb250be628b77cf733,cnf,140,1258,140,8.986,2,2,2.0,2:1258,True,11.8
ms_crafted/ms_crafted/bipartite/maxcut-140-630-0.8,maxcut-140-630-0.8-19.cnf,dc2947131f626ff60f740f522cbfb77bbd3b23e0e5d9daf5ca34acef384ad83e,cnf,140,1258,140,8.986,2,2,2.0,2:1258,True,11.8
ms_crafted/ms_crafted/bipartite/maxcut-140-630-0.8,maxcut-140-630-0.8-2.cnf,f5e48511fac118323c99fe3652e2e97eb862a3ffa17b3736cadff9cdb88652a0,cnf,140,1258,140,8.986,2,2,2.0,2:1258,True,11.8
ms_crafted/ms_crafted/bipartite/maxcut-140-630-0.8,maxcut-140-630-0.8-20.cnf,5b784fee215ce547cc3828ecdb8c66d0441d49775124137d8382897fa555e847,cnf,140,1258,140,8.986,2,2,2.0,2:1258,True,11.8
ms_crafted/ms_crafted/bipartite/maxcut-140-630-0.8,maxcut-140-630-0.8-21.cnf,f6b47335ca6bb519d329a2d9ce3e35b0e319f25b9d6dff5e7494b8fed0140270,cnf,140,1258,140,8.986,2,2,2.0,2:1258,True,11.8
ms_crafted/ms_crafted/bipartite/maxcut-140-630-0.8,maxcut-140-630-0.8-22.cnf,c221d65aeb94093a595bee6050ee10f21a12096e7bc971bbdd5a5989b2d8f23c,cnf,140,1258,140,8.986,2,2,2.0,2:1258,True,11.8
ms_crafted/ms_crafted/bipartite/maxcut-140-630-0.8,maxcut-140-630-0.8-23.cnf,ad09591fefd01a49bb110606515725c62daccc5450b60286983d2f7f3aa1e651,cnf,140,1258,140,8.986,2,2,2.0,2:1258,True,11.8
ms_crafted/ms_crafted/bipartite/maxcut-140-630-0.8,maxcut-140-630-0.8-24.cnf,b4839adcda41ec230598ee2c7ee9aeba43c40818996df00319266ff2abfe6f84,cnf,140,1258,140,8.986,2,2,2.0,2:1258,True,11.8
ms_crafted/ms_crafted/bipartite/maxcut-140-630-0.8,maxcut-140-630-0.8-25.cnf,9914fa2fd60ad859f38d6afed2827f7ad546da97f9025fb188400b706da030a3,cnf,140,1258,140,8.986,2,2,2.0,2:1258,True,11.8
ms_crafted/ms_crafted/bipartite/maxcut-140-630-0.8,maxcut-140-630-0.8-26.cnf,d972ada6d84d778cfbc8b9d1e76fa8c7d33c708c455df4eb1fbf4272b3715e7f,cnf,140,1258,140,8.986,2,2,2.0,2:1258,True,11.8
ms_crafted/ms_crafted/bipartite/maxcut-140-630-0.8,maxcut-140-630-0.8-27.cnf,c518780a6b4a28d513d6ae9ebe9b61a99d6c1240ed7474c11f0356eea5c44721,cnf,140,1258,140,8.986,2,2,2.0,2:1258,True,11.8
ms_crafted/ms_crafted/bipartite/maxcut-140-630-0.8,maxcut-140-630-0.8-28.cnf,d2583b31b45d994235dedfa02964c747e8591d3797c8dee234e088822e6ac224,cnf,140,1258,140,8.986,2,2,2.0,2:1258,True,11.8
ms_crafted/ms_crafted/bipartite/maxcut-140-630-0.8,maxcut-140-630-0.8-29.cnf,c8f5d44903588e2e077c1c2d9f72a71683b69ba00e00ccc086390c1bae149ef7,cnf,140,1258,140,8.986,2,2,2.0,2:1258,True,11.8
ms_crafted/ms_crafted/bipartite/maxcut-140-630-0.8,maxcut-140-630-0.8-3.cnf,e1438c12449c1fa64e7ad067ffd131b43515f72b227f650ce1ee3f2958e1e69e,cnf,140,1258,140,8.986,2,2,2.0,2:1258,True,11.8
ms_crafted/ms_crafted/bipartite/maxcut-140-630-0.8,maxcut-140-630-0.8-30.cnf,c2972c4f65e18a5def75a8db60b005b1fdaeb3edc3a0ccc8a649af84a4e46f3a,cnf,140,1258,140,8.986,2,2,2.0,2:1258,True,11.8
ms_crafted/ms_crafted/bipartite/maxcut-140-630-0.8,maxcut-140-630-0.8-31.cnf,3232ef9a2691f669e39ce9f32c6c0955ee5c7c442d1c294c5212b46f7a85d68f,cnf,140,1258,140,8.986,2,2,2.0,2:1258,True,11.8
ms_crafted/ms_crafted/bipartite/maxcut-140-630-0.8,maxcut-140-630-0.8-32.cnf,3b0ee0f6294b732f54a2f5c5291acfc4edc3de306d1e34171ba5a88af49d3afe,cnf,140,1258,140,8.986,2,2,2.0,2:1258,True,11.8
ms_crafted/ms_crafted/bipartite/maxcut-140-630-0.8,maxcut-140-630-0.8-33.cnf,a5ca4bc2a6ec73c9761512ad415d4708ff6a23d7c87a5a869ead889eae4e419d,cnf,140,1258,140,8.986,2,2,2.0,2:1258,True,11.8
ms_crafted/ms_crafted/bipartite/maxcut-140-630-0.8,maxcut-140-630-0.8-34.cnf,6541c8b2668bd064b77c22a155bb2c54207086df79fe390a51f77ea506ba79a3,cnf,140,1258,140,8.986,2,2,2.0,2:1258,True,11.8
ms_crafted/ms_crafted/bipartite/maxcut-140-630-0.8,maxcut-140-630-0.8-35.cnf,f9362f97e1126d664708cabb6d6219d29b29fb36fcde409f3373302d344ff5b6,cnf,140,1258,140,8.986,2,2,2.0,2:1258,True,11.8
ms_crafted/ms_crafted/bipartite/maxcut-140-630-0.8,maxcut-140-630-0.8-36.cnf,5144c4fb83d1b95814416dd61db84571186fea5a301afb4f1a5da6135d8da6bf,cnf,140,1258,140,8.986,2,2,2.0,2:1258,True,11.8
ms_crafted/ms_crafted/bipartite/maxcut-140-630-0.8,maxcut-140-630-0.8-37.cnf,c2ca26b83bcad45a1c9b8b05235317ea2ed13688d8cfafffc75710aa900e15ff,cnf,140,1258,140,8.986,2,2,2.0,2:1258,True,11.8
ms_crafted/ms_crafted/bipartite/maxcut-140-630-0.8,maxcut-140-630-0.8-38.cnf,2ecefbb25454bd12b38ab5e6d9a8cec3b693c4466cb9c34b9e990aedb75d4caa,cnf,140,1258,140,8.986,2,2,2.0,2:1258,True,11.8
ms_crafted/ms_crafted/bipartite/maxcut-140-630-0.8,maxcut-140-630-0.8-39.cnf,407db228a48c62f808a5604fb396a096a6cf69fb1c756f9a24c6157d837d29b2,cnf,140,1258,140,8.986,2,2,2.0,2:1258,True,11.8
ms_crafted/ms_crafted/bipartite/maxcut-140-630-0.8,maxcut-140-630-0.8-4.cnf,e39e4124b7c5b975689d8eadda6797bf469043233bad00bd642e9dc15e2b87af,cnf,140,1258,140,8.986,2,2,2.0,2:1258,True,11.8
ms_crafted/ms_crafted/bipartite/maxcut-140-630-0.8,maxcut-140-630-0.8-40.cnf,401e27a86f1e83f590b555687378f791c9bc72b2770b7580762e4cc3c43d7478,cnf,140,1258,140,8.986,2,2,2.0,2:1258,True,11.8
ms_crafted/ms_crafted/bipartite/maxcut-140-630-0.8,maxcut-140-630-0.8-41.cnf,efcbebb5408050c252758905fccc4e61ea6acb636c355b4855c51a47b66cb184,cnf,140,1258,140,8.986,2,2,2.0,2:1258,True,11.7
ms_crafted/ms_crafted/bipartite/maxcut-140-630-0.8,maxcut-140-630-0.8-42.cnf,124438d5a15783c3b8b1150d4a313f9fc16f545ccebbf494f3399579d31d7958,cnf,140,1258,140,8.986,2,2,2.0,2:1258,True,11.9
ms_crafted/ms_crafted/bipartite/maxcut-140-630-0.8,maxcut-140-630-0.8-43.cnf,d7df6b50cef4b9a1f7934328999ab8d216c6d55fdd5de068962628f80037baee,cnf,140,1258,140,8.986,2,2,2.0,2:1258,True,11.8
ms_crafted/ms_crafted/bipartite/maxcut-140-630-0.8,maxcut-140-630-0.8-44.cnf,8992c4bb1a33ecb867fd76a5791b45e6b95afa210a24f5434a0deafa487985ac,cnf,140,1258,140,8.986,2,2,2.0,2:1258,True,11.8
ms_crafted/ms_crafted/bipartite/maxcut-140-630-0.8,maxcut-140-630-0.8-45.cnf,88353f7cfb07c983cedd0e274448e6e1031478e1d41386ff8db98fdf55a1217f,cnf,140,1258,140,8.986,2,2,2.0,2:1258,True,11.8
ms_crafted/ms_crafted/bipartite/maxcut-140-630-0.8,maxcut-140-630-0.8-46.cnf,5cc4dc2c66a85321a49d9e0c6b13a9067f772d3e0e3c1055452b115337a3df54,cnf,140,1258,140,8.986,2,2,2.0,2:1258,True,11.8
ms_crafted/ms_crafted/bipartite/maxcut-140-630-0.8,maxcut-140-630-0.8-47.cnf,b3ee3497cb254b9b35ceb534cdb79ca92889849539c247e21f4cfb76af466718,cnf,140,1258,140,8.986,2,2,2.0,2:1258,True,11.7
ms_crafted/ms_crafted/bipartite/maxcut-140-630-0.8,maxcut-140-630-0.8-48.cnf,f1ad20853343748783eb7e780c3058bd2a45339557f14ab65a2001c7732dc902,cnf,140,1258,140,8.986,2,2,2.0,2:1258,True,11.8
ms_crafted/ms_crafted/bipartite/maxcut-140-630-0.8,maxcut-140-630-0.8-49.cnf,702850e2cc7425eb1bcab060fdad240eb53ab75c5810ea192403acd6cd7580bd,cnf,140,1258,140,8.986,2,2,2.0,2:1258,True,11.8
ms_crafted/ms_crafted/bipartite/maxcut-140-630-0.8,maxcut-140-630-0.8-5.cnf,9d37aa8bcb53d273f69864b9bbbc600b9bef5ef85ba8c61a6963ebce11d49b33,cnf,140,1258,140,8.986,2,2,2.0,2:1258,True,11.8
ms_crafted/ms_crafted/bipartite/maxcut-140-630-0.8,maxcut-140-630-0.8-50.cnf,98eab58d24cc3d36a68aa99810931da4e27104ba8c303609a2621c154386f81b,cnf,140,1258,140,8.986,2,2,2.0,2:1258,True,11.8
ms_crafted/ms_crafted/bipartite/maxcut-140-630-0.8,maxcut-140-630-0.8-6.cnf,3d2274d16bf8f23caf92bbfe3649aa4f44ba1017f340bcd48a83b9be3c1a8868,cnf,140,1258,140,8.986,2,2,2.0,2:1258,True,11.8
ms_crafted/ms_crafted/bipartite/maxcut-140-630-0.8,maxcut-140-630-0.8-7.cnf,62cce32b41e2d927e9ae62fd6b7dfab110f61ff2f770cdf30ac72374e3bf4644,cnf,140,1258,140,8.986,2,2,2.0,2:1258,True,11.9
ms_crafted/ms_crafted/bipartite/maxcut-140-630-0.8,maxcut-140-630-0.8-8.cnf,3f7c2a95d438cda6fd81a2af5770ab5cd16426bfe49b4541c1440bdf223403c7,cnf,140,1258,140,8.986,2,2,2.0,2:1258,True,11.8
ms_crafted/ms_crafted/bipartite/maxcut-140-630-0.8,maxcut-140-630-0.8-9.cnf,26891ec536674d9d3ae9416891c0fe3a1289bbf067adb32b9cf21db63a85bd84,cnf,140,1258,140,8.986,2,2,2.0,2:1258,True,11.8
ms_crafted/ms_crafted/maxcut/abrame-habet/v140,s2v140c1200-1.cnf,5d51a749c7d15592fcc3e33a80c6bf211dd27aaafbed9e4201b91749055ba322,cnf,140,1200,140,8.571,2,2,2.0,2:1200,True,11.2
ms_crafted/ms_crafted/maxcut/abrame-habet/v140,s2v140c1200-2.cnf,92aaf01d659b94898059ca765593fe65b3378513857a70ce55562d3631660139,cnf,140,1200,140,8.571,2,2,2.0,2:1200,True,11.3
ms_crafted/ms_crafted/maxcut/abrame-habet/v140,s2v140c1200-3.cnf,c837e72bb0ccc19ae1bde139a94c3c0351461c595e309865b99b725bc50098a6,cnf,140,1200,140,8.571,2,2,2.0,2:1200,True,11.2
ms_crafted/ms_crafted/maxcut/abrame-habet/v140,s2v140c1300-1.cnf,e14023d21aabffe88475b3682ad2b468b30581c6448db595e56999934b26f31c,cnf,140,1300,140,9.286,2,2,2.0,2:1300,True,12.2
ms_crafted/ms_crafted/maxcut/abrame-habet/v140,s2v140c1300-2.cnf,4c5225c11cb804329004cf9ecb8827ead407cf4583041569a512f8ae70d56d56,cnf,140,1300,140,9.286,2,2,2.0,2:1300,True,12.2
ms_crafted/ms_crafted/maxcut/abrame-habet/v140,s2v140c1300-3.cnf,b25edc2e63d3c269203b74d820abb12579fa419e15d97ac5cec23026d8857fdf,cnf,140,1300,140,9.286,2,2,2.0,2:1300,True,12.1
ms_crafted/ms_crafted/maxcut/abrame-habet/v140,s2v140c1400-1.cnf,01d5d40809eb13fb3b9643034fc018dfd2cbb0034b6031e88c9707e4b13cccb5,cnf,140,1400,140,10.0,2,2,2.0,2:1400,True,13.1
ms_crafted/ms_crafted/maxcut/abrame-habet/v140,s2v140c1400-2.cnf,4ce9baf4687e2910b6aa3d87b837b67acc2a4a46c44203e208ac206175b20924,cnf,140,1400,140,10.0,2,2,2.0,2:1400,True,13.1
ms_crafted/ms_crafted/maxcut/abrame-habet/v140,s2v140c1400-3.cnf,03d644b621d97b8b559925582a5260291aeabc9872ccd26767cc1546b62c7d5a,cnf,140,1400,140,10.0,2,2,2.0,2:1400,True,13.1
ms_crafted/ms_crafted/maxcut/abrame-habet/v140,s2v140c1500-1.cnf,b0e01cf2f438d5e8ff1f30bd8e740e11aaa976eebdf890542caa5b6cdecba59f,cnf,140,1500,140,10.714,2,2,2.0,2:1500,True,14.0
ms_crafted/ms_crafted/maxcut/abrame-habet/v140,s2v140c1500-2.cnf,8dc5121c7e36596e2d3150d5f328df0a03e47acdc2c35ef9c0b182b28cd662ee,cnf,140,1500,140,10.714,2,2,2.0,2:1500,True,14.1
ms_crafted/ms_crafted/maxcut/abrame-habet/v140,s2v140c1500-3.cnf,ee18349b22497662583cc598ae2d49c33613b77cbac0978e45bf827bc4f1be44,cnf,140,1500,140,10.714,2,2,2.0,2:1500,True,14.0
ms_crafted/ms_crafted/maxcut/abrame-habet/v140,s2v140c1600-1.cnf,a1aac5a66ee08f6d5fff3200d68ef8f709c7bc0bdf62d1668e333a4ebcf47470,cnf,140,1600,140,11.429,2,2,2.0,2:1600,True,14.9
ms_crafted/ms_crafted/maxcut/abrame-habet/v140,s2v140c1600-2.cnf,9557f1b886d8dd305f02119bb373be793809f17bd75eb8b1496d5f95af82960d,cnf,140,1600,140,11.429,2,2,2.0,2:1600,True,15.0
ms_crafted/ms_crafted/maxcut/abrame-habet/v140,s2v140c1600-3.cnf,5e4b5b9906cac3ce73aabd936391af8627223cc93690be9f19107fa9f2faae20,cnf,140,1600,140,11.429,2,2,2.0,2:1600,True,14.9
ms_crafted/ms_crafted/maxcut/abrame-habet/v140,s2v140c1700-1.cnf,ca12510098698e64fc2c8b496440e0c6acd9d3571306b58a6ad0b725defe0020,cnf,140,1700,140,12.143,2,2,2.0,2:1700,True,15.8
ms_crafted/ms_crafted/maxcut/abrame-habet/v140,s2v140c1700-2.cnf,0686c3718b91518185766e5442aea4a8176c5e037be0d8ff51c7a96866f518c5,cnf,140,1700,140,12.143,2,2,2.0,2:1700,True,15.9
ms_crafted/ms_crafted/maxcut/abrame-habet/v140,s2v140c1700-3.cnf,4f8efb3a682b4ffdfa225ec31080b1222cf4851a2ab38a75cbcc1daef3256a25,cnf,140,1700,140,12.143,2,2,2.0,2:1700,True,15.8
ms_crafted/ms_crafted/maxcut/abrame-habet/v140,s2v140c1800-1.cnf,9e40f1b1ad74ab85a13eae28d2b3b283bd8bd0cf5b43ffecd2f9eb5bb7162bb4,cnf,140,1800,140,12.857,2,2,2.0,2:1800,True,16.7
ms_crafted/ms_crafted/maxcut/abrame-habet/v140,s2v140c1800-2.cnf,c5ba772b31cb657e6c641108f4196cef7203351e2e1513b62cea44a42b95543c,cnf,140,1800,140,12.857,2,2,2.0,2:1800,True,16.8
ms_crafted/ms_crafted/maxcut/abrame-habet/v140,s2v140c1800-3.cnf,eb3871b4b133a3c531cb5c200e90c66cf72d34a7c3de62c9a34ce86650481990,cnf,140,1800,140,12.857,2,2,2.0,2:1800,True,16.8
ms_crafted/ms_crafted/maxcut/abrame-habet/v140,s2v140c1900-1.cnf,20c2b549511945e54f8277ce605cc8f35b65b7ad568a55418c24a0d87ffe4001,cnf,140,1900,140,13.571,2,2,2.0,2:1900,True,17.6
ms_crafted/ms_crafted/maxcut/abrame-habet/v140,s2v140c1900-2.cnf,c77627720bfa51888627e38e729211b040352a18f3a3c06d64f9a43f06a464e6,cnf,140,1900,140,13.571,2,2,2.0,2:1900,True,17.8
ms_crafted/ms_crafted/maxcut/abrame-habet/v140,s2v140c1900-3.cnf,c35e14517b126d4f233ff0ea4c0ff5cfbbe0a49923b8733956c00d4fff51a64e,cnf,140,1900,140,13.571,2,2,2.0,2:1900,True,17.7
ms_crafted/ms_crafted/maxcut/abrame-habet/v140,s2v140c2000-1.cnf,958c206e2b60c94574c406364667b738bbf7665d942a4f31ed3a4b381c11de59,cnf,140,2000,140,14.286,2,2,2.0,2:2000,True,18.5
ms_crafted/ms_crafted/maxcut/abrame-habet/v140,s2v140c2000-2.cnf,b13324adf9a90121a49cacd51cbea7dfa5cd1793c50a08631f1d4495d9574387,cnf,140,2000,140,14.286,2,2,2.0,2:2000,True,18.7
ms_crafted/ms_crafted/maxcut/abrame-habet/v140,s2v140c2000-3.cnf,a32297c5d97bd12f7982e2fd0028a3aac240eebf14ab38a711c27f21ba0caf27,cnf,140,2000,140,14.286,2,2,2.0,2:2000,True,18.6
ms_crafted/ms_crafted/maxcut/abrame-habet/v140,s2v140c2100-1.cnf,0864adf60a9f79b4d1f46840c15eac574c5a956724591796e62cc6587b21ec5f,cnf,140,2100,140,15.0,2,2,2.0,2:2100,True,19.5
ms_crafted/ms_crafted/maxcut/abrame-habet/v140,s2v140c2100-2.cnf,37d5882cb6774de59c3ea98201d9e9c65e8bf322d5858639ad70e06c5da14194,cnf,140,2100,140,15.0,2,2,2.0,2:2100,True,19.6
ms_crafted/ms_crafted/maxcut/abrame-habet/v140,s2v140c2100-3.cnf,018d69f8875e3576b21305a3ea7298633460f28586a313c490e0528919b63b7d,cnf,140,2100,140,15.0,2,2,2.0,2:2100,True,19.5
ms_crafted/ms_crafted/maxcut/abrame-habet/v140,s2v140c2200-1.cnf,f7fec28d15fde897687674242152f2b19c8ef073d074e5afc0074c5b13dd7071,cnf,140,2200,140,15.714,2,2,2.0,2:2200,True,20.4
ms_crafted/ms_crafted/maxcut/abrame-habet/v140,s2v140c2200-2.cnf,97e717dd99ccb4d017542a8cd4f3f071d49a3a74f6d70b70aebcc8ff045467ce,cnf,140,2200,140,15.714,2,2,2.0,2:2200,True,20.5
ms_crafted/ms_crafted/maxcut/abrame-habet/v140,s2v140c2200-3.cnf,bf818d20fbc3166971ad08bbe3a2f0065a70793fabed818e16c11006610abf22,cnf,140,2200,140,15.714,2,2,2.0,2:2200,True,20.5
ms_crafted/ms_crafted/maxcut/abrame-habet/v140,s2v140c2300-1.cnf,0c3125fdaea065da50cfd6a85db562f188b32c001da452b2c6015b22baedccdd,cnf,140,2300,140,16.429,2,2,2.0,2:2300,True,21.4
ms_crafted/ms_crafted/maxcut/abrame-habet/v140,s2v140c2300-2.cnf,1474123467170d81e21e0acff7a227550d36009de5ace6d44ba423278fe6d1f8,cnf,140,2300,140,16.429,2,2,2.0,2:2300,True,21.4
ms_crafted/ms_crafted/maxcut/abrame-habet/v140,s2v140c2300-3.cnf,712e70c1762bfcbc49e3f9fc21a14371799cd127c6083994ce3112f8860ede73,cnf,140,2300,140,16.429,2,2,2.0,2:2300,True,21.4
ms_crafted/ms_crafted/maxcut/abrame-habet/v140,s2v140c2400-1.cnf,7e113bc14d6c9e21e52c2c96d919a5a046cf2d873d1506aeb7d97ea019464cb3,cnf,140,2400,140,17.143,2,2,2.0,2:2400,True,22.4
ms_crafted/ms_crafted/maxcut/abrame-habet/v140,s2v140c2400-2.cnf,6e12c6d26b35c235e854260d6590d64b8527a42e430a45b7feace7e9d91a07c3,cnf,140,2400,140,17.143,2,2,2.0,2:2400,True,22.3
ms_crafted/ms_crafted/maxcut/abrame-habet/v140,s2v140c2400-3.cnf,658ce42e4768917be12be495065cbdd97afc65047b9cc13d002c002d95556201,cnf,140,2400,140,17.143,2,2,2.0,2:2400,True,22.3
ms_crafted/ms_crafted/maxcut/abrame-habet/v140,s2v140c2500-1.cnf,ccaba0f9fc146a199ac0d82f61aa1f24ff7628374e1535b69b980cac32a9f69b,cnf,140,2500,140,17.857,2,2,2.0,2:2500,True,23.3
ms_crafted/ms_crafted/maxcut/abrame-habet/v140,s2v140c2500-2.cnf,459589f010a7fbb2a3ba940bc604bdfd97ce18b880a22021fcbe25acb092685c,cnf,140,2500,140,17.857,2,2,2.0,2:2500,True,23.3
ms_crafted/ms_crafted/maxcut/abrame-habet/v140,s2v140c2500-3.cnf,c8ece785b6141664806a5fb17b8affc4920221d85e09e276c3c5638815a5a745,cnf,140,2500,140,17.857,2,2,2.0,2:2500,True,23.2
ms_crafted/ms_crafted/maxcut/abrame-habet/v140,s2v140c2600-1.cnf,1754c1c901545eec4675414a19ffa62037bbb05cf1465295742af09443dda768,cnf,140,2600,140,18.571,2,2,2.0,2:2600,True,24.2
ms_crafted/ms_crafted/maxcut/abrame-habet/v140,s2v140c2600-2.cnf,94ed1d08de0b05e5a6b96d20ed9adc4e5a7b3f05c8fd4afd532359e80a2b12c5,cnf,140,2600,140,18.571,2,2,2.0,2:2600,True,24.2
ms_crafted/ms_crafted/maxcut/abrame-habet/v140,s2v140c2600-3.cnf,7710d01c0d2b8e75f0c21210cad4838f438a69a9c164df520f4f9d349bc770e0,cnf,140,2600,140,18.571,2,2,2.0,2:2600,True,24.2
ms_crafted/ms_crafted/maxcut/abrame-habet/v160,s2v160c1200-1.cnf,83eec341ebe41797f14df6e6a87fdc53910e9896d102c1480153c6c46bf7e859,cnf,160,1200,160,7.5,2,2,2.0,2:1200,True,11.4
ms_crafted/ms_crafted/maxcut/abrame-habet/v160,s2v160c1200-2.cnf,eb24cb18e8e4b6f6b91e31182f50af6470bcefe87901339aebe5d652da880c1f,cnf,160,1200,160,7.5,2,2,2.0,2:1200,True,11.4
ms_crafted/ms_crafted/maxcut/abrame-habet/v160,s2v160c1200-3.cnf,fc4a9010546d5dc62aba45acadd15877c5aae8ac5a1bcc05d7d0c3b62b3d71c7,cnf,160,1200,160,7.5,2,2,2.0,2:1200,True,11.5
ms_crafted/ms_crafted/maxcut/abrame-habet/v160,s2v160c1300-1.cnf,be44f75e6348b5bbdd3df681af7ccfc68d350479980a92639abb75a6f34b8878,cnf,160,1300,160,8.125,2,2,2.0,2:1300,True,12.4
ms_crafted/ms_crafted/maxcut/abrame-habet/v160,s2v160c1300-2.cnf,beb9177803db4d8db871dc97575928058ef60c02d03ef9a413a39d494df40f4f,cnf,160,1300,160,8.125,2,2,2.0,2:1300,True,12.4
ms_crafted/ms_crafted/maxcut/abrame-habet/v160,s2v160c1300-3.cnf,d17b5ae2d66d894f33c976270b27a7ffe82968c63cf5b85a4287c2d709520e3a,cnf,160,1300,160,8.125,2,2,2.0,2:1300,True,12.4
ms_crafted/ms_crafted/maxcut/abrame-habet/v160,s2v160c1400-1.cnf,aa3a8716b200670d438d5df96629fd8f2de73b94498f21c14d53b06858e1ed69,cnf,160,1400,160,8.75,2,2,2.0,2:1400,True,13.3
ms_crafted/ms_crafted/maxcut/abrame-habet/v160,s2v160c1400-2.cnf,a7da018386997a83a0db0400464efc68ae4ec824726a7aed6f05f770389cf25f,cnf,160,1400,160,8.75,2,2,2.0,2:1400,True,13.3
ms_crafted/ms_crafted/maxcut/abrame-habet/v160,s2v160c1400-3.cnf,49c10c744d611756e7aa28a04a7dcf3c4467c78aa04f262e0a3db589ac0c43fe,cnf,160,1400,160,8.75,2,2,2.0,2:1400,True,13.3
ms_crafted/ms_crafted/maxcut/abrame-habet/v160,s2v160c1500-1.cnf,e9bdec6769cac0b3b595f774fbd82a7f4932d292f0a7a501a3dc2391e64ea089,cnf,160,1500,160,9.375,2,2,2.0,2:1500,True,14.3
ms_crafted/ms_crafted/maxcut/abrame-habet/v160,s2v160c1500-2.cnf,dd4d5ad3f44c8380938a8e91f55e8b5801875799f93c5f16fef01fa1d2ed2bad,cnf,160,1500,160,9.375,2,2,2.0,2:1500,True,14.3
ms_crafted/ms_crafted/maxcut/abrame-habet/v160,s2v160c1500-3.cnf,918b12d866d1df34c943765e23fba0271a2affb7c2e7d5a603d9ae5e674a89b8,cnf,160,1500,160,9.375,2,2,2.0,2:1500,True,14.3
ms_crafted/ms_crafted/maxcut/abrame-habet/v160,s2v160c1600-1.cnf,56333d6c3263a70cd2ce53cc5dd6a032927b42db12d32659bca96238e028e37e,cnf,160,1600,160,10.0,2,2,2.0,2:1600,True,15.2
ms_crafted/ms_crafted/maxcut/abrame-habet/v160,s2v160c1600-2.cnf,3717ccea771df77cfb307aa6564b987df454b5925be02155ff28fed610c8e34b,cnf,160,1600,160,10.0,2,2,2.0,2:1600,True,15.2
ms_crafted/ms_crafted/maxcut/abrame-habet/v160,s2v160c1600-3.cnf,c5b4a8a3b692e0eb7ae5ce30ee44f91661620e21e119141703b6c0d4fda73318,cnf,160,1600,160,10.0,2,2,2.0,2:1600,True,15.2
ms_crafted/ms_crafted/maxcut/abrame-habet/v160,s2v160c1700-1.cnf,a78d3a65c4375f2986e3f968d0e7bdfb0b16d140f109334cb28f6def0512cd30,cnf,160,1700,160,10.625,2,2,2.0,2:1700,True,16.1
ms_crafted/ms_crafted/maxcut/abrame-habet/v160,s2v160c1700-2.cnf,380136d196753edea862017a7688e504e34a3526e0f5d30c50eae0034df6c0f4,cnf,160,1700,160,10.625,2,2,2.0,2:1700,True,16.2
ms_crafted/ms_crafted/maxcut/abrame-habet/v160,s2v160c1700-3.cnf,e7dfa50fb966c3b90d72c8f9ec270b0fa476285ed9e5a9d6c18ec373ee258e6b,cnf,160,1700,160,10.625,2,2,2.0,2:1700,True,16.2
ms_crafted/ms_crafted/maxcut/abrame-habet/v160,s2v160c1800-1.cnf,12f5d888e085225fe18cd1d41bbdd0d3d750529f0857279824d40165a31f7d32,cnf,160,1800,160,11.25,2,2,2.0,2:1800,True,17.1
ms_crafted/ms_crafted/maxcut/abrame-habet/v160,s2v160c1800-2.cnf,4abf7986e441ea56968d3eaa111336d5be21aca3f020207b94b9d7c19cf6dd58,cnf,160,1800,160,11.25,2,2,2.0,2:1800,True,17.1
ms_crafted/ms_crafted/maxcut/abrame-habet/v160,s2v160c1800-3.cnf,275b75febc4ca637451fd96cdd0ecce4e0f1b745ac4e76f8b6835363f413948f,cnf,160,1800,160,11.25,2,2,2.0,2:1800,True,17.1
ms_crafted/ms_crafted/maxcut/abrame-habet/v160,s2v160c1900-1.cnf,6797b18116f6dede2efd2fef5ba9a051c93c196902f2ffa10a53a490cd31bd43,cnf,160,1900,160,11.875,2,2,2.0,2:1900,True,18.0
ms_crafted/ms_crafted/maxcut/abrame-habet/v160,s2v160c1900-2.cnf,8254e20efa60dbcbe8b4a8a6c99d24de53606975d8ac007ee1580b4d164b5d45,cnf,160,1900,160,11.875,2,2,2.0,2:1900,True,18.1
ms_crafted/ms_crafted/maxcut/abrame-habet/v160,s2v160c1900-3.cnf,8dedbbd3d342542604958938a61445fb7ae191caf09858df9cb719eadd768126,cnf,160,1900,160,11.875,2,2,2.0,2:1900,True,18.0
ms_crafted/ms_crafted/maxcut/abrame-habet/v160,s2v160c2000-1.cnf,0fdd2f59d1d4ba98d2fdbcfad0c1291c2734258079462e83a97fecd5b30bcf43,cnf,160,2000,160,12.5,2,2,2.0,2:2000,True,19.0
ms_crafted/ms_crafted/maxcut/abrame-habet/v160,s2v160c2000-2.cnf,d8ef0a6003e43c9e72945ebc7653d44ea704b77aae0a49cacedcf62cebebe309,cnf,160,2000,160,12.5,2,2,2.0,2:2000,True,19.0
ms_crafted/ms_crafted/maxcut/abrame-habet/v160,s2v160c2000-3.cnf,c9c666f59a04711b2764c3aff2cc4555bc3b52fd94e03a758da173b194610abb,cnf,160,2000,160,12.5,2,2,2.0,2:2000,True,19.0
ms_crafted/ms_crafted/maxcut/abrame-habet/v160,s2v160c2100-1.cnf,aec674a7eac849ebcb458eac44cb9e849a24a968c507967fd9b1fa37df9a489e,cnf,160,2100,160,13.125,2,2,2.0,2:2100,True,19.9
ms_crafted/ms_crafted/maxcut/abrame-habet/v160,s2v160c2100-2.cnf,e1d5e1af61ca17f88fd9808466258429bbba754e93dde0fa420d49295793161e,cnf,160,2100,160,13.125,2,2,2.0,2:2100,True,19.9
ms_crafted/ms_crafted/maxcut/abrame-habet/v160,s2v160c2100-3.cnf,5210ebb008fcf1fe66c44296203b0af0bc08d5be37b50cd7b980e8309bd5d685,cnf,160,2100,160,13.125,2,2,2.0,2:2100,True,19.9
ms_crafted/ms_crafted/maxcut/abrame-habet/v160,s2v160c2200-1.cnf,72bd8bf2a8d17cd270118db42a59afb0773e1119ee660ecb5ad8cd1eee802002,cnf,160,2200,160,13.75,2,2,2.0,2:2200,True,20.9
ms_crafted/ms_crafted/maxcut/abrame-habet/v160,s2v160c2200-2.cnf,e4673bdeaf8206c01ebe74c15f6438782bafdd14b694b4eb214e126277e8f639,cnf,160,2200,160,13.75,2,2,2.0,2:2200,True,20.9
ms_crafted/ms_crafted/maxcut/abrame-habet/v160,s2v160c2200-3.cnf,59afa2567ccc09b5953a549870a2dce5207a1ed8bbd80bcc57c4f85635c93aa9,cnf,160,2200,160,13.75,2,2,2.0,2:2200,True,20.9
ms_crafted/ms_crafted/maxcut/abrame-habet/v160,s2v160c2300-1.cnf,efea219a0c2cca9795c208787a115af024e01f8c0652c402cae64871947d28e2,cnf,160,2300,160,14.375,2,2,2.0,2:2300,True,21.8
ms_crafted/ms_crafted/maxcut/abrame-habet/v160,s2v160c2300-2.cnf,1d9b8316a2308820e72231b3395d818d33d01a9971b5f8c28e1cd006ce50478c,cnf,160,2300,160,14.375,2,2,2.0,2:2300,True,21.8
ms_crafted/ms_crafted/maxcut/abrame-habet/v160,s2v160c2300-3.cnf,23cda13a5fa9b1d7bffa8ae10548a83e74903cee15420eb5d684fa0368955e1d,cnf,160,2300,160,14.375,2,2,2.0,2:2300,True,21.8
ms_crafted/ms_crafted/maxcut/abrame-habet/v160,s2v160c2400-1.cnf,c9d8cf78105c8d324564cc7375dab04f78c4c5e8e92feefd049e50422a95897e,cnf,160,2400,160,15.0,2,2,2.0,2:2400,True,22.8
ms_crafted/ms_crafted/maxcut/abrame-habet/v160,s2v160c2400-2.cnf,231c01221402e7862bfdb8c6a527ae89fe224202e569713d8a36530e29aa2c45,cnf,160,2400,160,15.0,2,2,2.0,2:2400,True,22.8
ms_crafted/ms_crafted/maxcut/abrame-habet/v160,s2v160c2400-3.cnf,94985b270d6e6f8fdbec3687125b3403312602df018d34a2a9c2815b06f2c63b,cnf,160,2400,160,15.0,2,2,2.0,2:2400,True,22.8
ms_crafted/ms_crafted/maxcut/abrame-habet/v160,s2v160c2500-1.cnf,a9ce489cb2c718c6fd2de68cae043cce7d653f48099dab2133f52c9126b2723a,cnf,160,2500,160,15.625,2,2,2.0,2:2500,True,23.7
ms_crafted/ms_crafted/maxcut/abrame-habet/v160,s2v160c2500-2.cnf,7cbabd84dd4d9c95608c1ee858bca8e349e3ea6f55257a7df25f6b863861c379,cnf,160,2500,160,15.625,2,2,2.0,2:2500,True,23.7
ms_crafted/ms_crafted/maxcut/abrame-habet/v160,s2v160c2500-3.cnf,3895254b0ac7881841ac8cabb1477b43c62919709be103748bbd70f59854127c,cnf,160,2500,160,15.625,2,2,2.0,2:2500,True,23.7
ms_crafted/ms_crafted/maxcut/abrame-habet/v160,s2v160c2600-1.cnf,b6f37dd3e886c389ad646d95114a0bb280e460a7cab9b70f5cd5151251811e8f,cnf,160,2600,160,16.25,2,2,2.0,2:2600,True,24.6
ms_crafted/ms_crafted/maxcut/abrame-habet/v160,s2v160c2600-2.cnf,13a597675e7678918b22db22ea6bec0684b15c154b5efb9e4aceca308d82ad46,cnf,160,2600,160,16.25,2,2,2.0,2:2600,True,24.7
ms_crafted/ms_crafted/maxcut/abrame-habet/v160,s2v160c2600-3.cnf,314676b37193c40fec85615f54b566f276df556439499d29c03a887a2bbe8c8e,cnf,160,2600,160,16.25,2,2,2.0,2:2600,True,24.7
ms_crafted/ms_crafted/maxcut/abrame-habet/v180,s2v180c1200-1.cnf,0430644e1cfa6f4eac9cbd7235276eb2cc0db9a22f9dfa9935718dd5ef0b3171,cnf,180,1200,180,6.667,2,2,2.0,2:1200,True,11.6
ms_crafted/ms_crafted/maxcut/abrame-habet/v180,s2v180c1200-2.cnf,8c63a933e3a5b9f9c769c1d72adb5482651625585ea03b1f77b07642d55f9fb5,cnf,180,1200,180,6.667,2,2,2.0,2:1200,True,11.6
ms_crafted/ms_crafted/maxcut/abrame-habet/v180,s2v180c1200-3.cnf,e51f3d96712a4dd30740fd62bb6f4b4de6dc8ab3ed9455d0061e9b56aad1dc73,cnf,180,1200,180,6.667,2,2,2.0,2:1200,True,11.6
ms_crafted/ms_crafted/maxcut/abrame-habet/v180,s2v180c1300-1.cnf,32e2c44deff099f3ce3ca282051e03950e2971297fa9e2d3ffeb276d7500e9f5,cnf,180,1300,180,7.222,2,2,2.0,2:1300,True,12.6
ms_crafted/ms_crafted/maxcut/abrame-habet/v180,s2v180c1300-2.cnf,94707e0c5cfd67e3a3e84fb214a8d7450ce4fe489aa7128584437385e0b38e89,cnf,180,1300,180,7.222,2,2,2.0,2:1300,True,12.6
ms_crafted/ms_crafted/maxcut/abrame-habet/v180,s2v180c1300-3.cnf,3565d39778b291f345c811319bddb8c69977321e450c60607cdd597bd26d3f60,cnf,180,1300,180,7.222,2,2,2.0,2:1300,True,12.6
ms_crafted/ms_crafted/maxcut/abrame-habet/v180,s2v180c1400-1.cnf,90bb6e32da281b7a3d267e2624ec0249d70b71fb7e9e0138a1369b38f14a0b00,cnf,180,1400,180,7.778,2,2,2.0,2:1400,True,13.5
ms_crafted/ms_crafted/maxcut/abrame-habet/v180,s2v180c1400-2.cnf,032c76adec360da5534d3c0ad75f958fcf8391557ecf3cc52f30eeec10365ab0,cnf,180,1400,180,7.778,2,2,2.0,2:1400,True,13.5
ms_crafted/ms_crafted/maxcut/abrame-habet/v180,s2v180c1400-3.cnf,eb2d30ee9b5700a2f007a8def3019221dc19e45578c27b84ab1deb62d8460ba6,cnf,180,1400,180,7.778,2,2,2.0,2:1400,True,13.6
ms_crafted/ms_crafted/maxcut/abrame-habet/v180,s2v180c1500-1.cnf,b9c17138a469d1013872cb2d10c60aaf2610ec2caea1470dc257dfe94bbaa650,cnf,180,1500,180,8.333,2,2,2.0,2:1500,True,14.5
ms_crafted/ms_crafted/maxcut/abrame-habet/v180,s2v180c1500-2.cnf,9c0d692ce0820c1e3b17e55ea7a0b1bc68e062bf686c0ebce12f162fa3c99fc0,cnf,180,1500,180,8.333,2,2,2.0,2:1500,True,14.5
ms_crafted/ms_crafted/maxcut/abrame-habet/v180,s2v180c1500-3.cnf,f80a1c9acafe9fd5943a8c04fba4555ce51b60282e15742c598327f266f63b9e,cnf,180,1500,180,8.333,2,2,2.0,2:1500,True,14.5
ms_crafted/ms_crafted/maxcut/abrame-habet/v180,s2v180c1600-1.cnf,2b5f71b313f78549d9598501bef67aab523d5595b1164e9a1f19b39a85388a75,cnf,180,1600,180,8.889,2,2,2.0,2:1600,True,15.4
ms_crafted/ms_crafted/maxcut/abrame-habet/v180,s2v180c1600-2.cnf,13131fe6249546e7874359df34ab1ef5d8648b9da314e5009d952a7044b596e7,cnf,180,1600,180,8.889,2,2,2.0,2:1600,True,15.5
ms_crafted/ms_crafted/maxcut/abrame-habet/v180,s2v180c1600-3.cnf,1e0ea71d0ed00c756dd8d123e0eea305e3683fb2a09dbcea11dfe83284d2c4aa,cnf,180,1600,180,8.889,2,2,2.0,2:1600,True,15.5
ms_crafted/ms_crafted/maxcut/abrame-habet/v180,s2v180c1700-1.cnf,11745cda20e69882b9729da2589b6ffd63d99aa202ae9c3d4144f228bd06d5e7,cnf,180,1700,180,9.444,2,2,2.0,2:1700,True,16.4
ms_crafted/ms_crafted/maxcut/abrame-habet/v180,s2v180c1700-2.cnf,fd13c9e8aa7d1eba4d3cbff7db4812a0f29dc21ce5fbffd214d94f80722b1e3c,cnf,180,1700,180,9.444,2,2,2.0,2:1700,True,16.5
ms_crafted/ms_crafted/maxcut/abrame-habet/v180,s2v180c1700-3.cnf,63854e5f4c1313b09f68c3bf6fab833918c0c5f2106a3bd6ffc04e2e37aa6d5f,cnf,180,1700,180,9.444,2,2,2.0,2:1700,True,16.4
ms_crafted/ms_crafted/maxcut/abrame-habet/v180,s2v180c1800-1.cnf,11091452a389da2f33db041e2d549ed2ae8808a51888211f2940cc48f85bbcc5,cnf,180,1800,180,10.0,2,2,2.0,2:1800,True,17.3
ms_crafted/ms_crafted/maxcut/abrame-habet/v180,s2v180c1800-2.cnf,994f3310d430c62c8ffad11b343ccf2b4e53391b61635a92fc03d3610969b282,cnf,180,1800,180,10.0,2,2,2.0,2:1800,True,17.4
ms_crafted/ms_crafted/maxcut/abrame-habet/v180,s2v180c1800-3.cnf,6a7dc89f73eaf42a969ef24fb109bcbd145e733a88b1a25068ad286dcc53f484,cnf,180,1800,180,10.0,2,2,2.0,2:1800,True,17.4
ms_crafted/ms_crafted/maxcut/abrame-habet/v180,s2v180c1900-1.cnf,4ff5562f6ed526d1a3513d22e73de31cdfffa121a1013274a3bbcb1620ef13a1,cnf,180,1900,180,10.556,2,2,2.0,2:1900,True,18.3
ms_crafted/ms_crafted/maxcut/abrame-habet/v180,s2v180c1900-2.cnf,f08719aa94b6816fa5c83f94a2c7ff57daa36825e005bf112793f0552a4267de,cnf,180,1900,180,10.556,2,2,2.0,2:1900,True,18.4
ms_crafted/ms_crafted/maxcut/abrame-habet/v180,s2v180c1900-3.cnf,842daf5baec85c10ab6a4d7188adce5b5c244398f74e37b53f894cba4f083234,cnf,180,1900,180,10.556,2,2,2.0,2:1900,True,18.4
ms_crafted/ms_crafted/maxcut/abrame-habet/v180,s2v180c2000-1.cnf,ab494bb6e06ded8be366a6f637a22e2fc72c8b907adf6bcc1d013286809209a6,cnf,180,2000,180,11.111,2,2,2.0,2:2000,True,19.3
ms_crafted/ms_crafted/maxcut/abrame-habet/v180,s2v180c2000-2.cnf,fd356c01854fc716fcbbd0d718ace36abf6310f1375e9e86753d8bddf1a5723e,cnf,180,2000,180,11.111,2,2,2.0,2:2000,True,19.3
ms_crafted/ms_crafted/maxcut/abrame-habet/v180,s2v180c2000-3.cnf,3e8bdb33dfcfc2fe66ba5842305f3fa9295c83460159f35b3fc2d66e8d5977b4,cnf,180,2000,180,11.111,2,2,2.0,2:2000,True,19.3
ms_crafted/ms_crafted/maxcut/abrame-habet/v180,s2v180c2100-1.cnf,1ad38becf4b0867333a1eeb153ca905c7d3b53ebb2a7dfd5a3eda758b6815cf0,cnf,180,2100,180,11.667,2,2,2.0,2:2100,True,20.3
ms_crafted/ms_crafted/maxcut/abrame-habet/v180,s2v180c2100-2.cnf,e53223636b5adca9dd581fea11345f176d7498f2f62f322d5050dedb9eb6fde3,cnf,180,2100,180,11.667,2,2,2.0,2:2100,True,20.3
ms_crafted/ms_crafted/maxcut/abrame-habet/v180,s2v180c2100-3.cnf,17681fb7a40f4ba19b76c8306c1a9552500b354db939ce1554c31dfb5c537259,cnf,180,2100,180,11.667,2,2,2.0,2:2100,True,20.3
ms_crafted/ms_crafted/maxcut/abrame-habet/v180,s2v180c2200-1.cnf,80c1a21aaf95e0800433ad5090f98c96e7fd74df96b1c69681029f3898b08b33,cnf,180,2200,180,12.222,2,2,2.0,2:2200,True,21.2
ms_crafted/ms_crafted/maxcut/abrame-habet/v180,s2v180c2200-2.cnf,7708b6fd395b939cb8f584f11736fb92010953df7c9ea3f2c22718c38cb86136,cnf,180,2200,180,12.222,2,2,2.0,2:2200,True,21.2
ms_crafted/ms_crafted/maxcut/abrame-habet/v180,s2v180c2200-3.cnf,a12e3ccd47ddac184250ff7c9f07856621b7ecae822712b7addb3d03b3ce2211,cnf,180,2200,180,12.222,2,2,2.0,2:2200,True,21.3
ms_crafted/ms_crafted/maxcut/abrame-habet/v180,s2v180c2300-1.cnf,d98b8df801247bde1c2f34f447598f07685a77696549295acb0e61c9b307828a,cnf,180,2300,180,12.778,2,2,2.0,2:2300,True,22.2
ms_crafted/ms_crafted/maxcut/abrame-habet/v180,s2v180c2300-2.cnf,cbaf99ced9932d7a2e25bb6ba84d2aeb97cc39f0411f234186c3d7f1268f1034,cnf,180,2300,180,12.778,2,2,2.0,2:2300,True,22.2
ms_crafted/ms_crafted/maxcut/abrame-habet/v180,s2v180c2300-3.cnf,af5bada68f306bb774cec015327bcae704fe6f20f70763392d26664782aae695,cnf,180,2300,180,12.778,2,2,2.0,2:2300,True,22.2
ms_crafted/ms_crafted/maxcut/abrame-habet/v180,s2v180c2400-1.cnf,a93efa7a968ea7946ec0986d35fded7f5feeff4f3c60b966ec72a145f7df74a9,cnf,180,2400,180,13.333,2,2,2.0,2:2400,True,23.1
ms_crafted/ms_crafted/maxcut/abrame-habet/v180,s2v180c2400-2.cnf,0c5f5e5ca4d96b275f5d51933e4161c08683fcb4e156ffd296bd4bc300be7682,cnf,180,2400,180,13.333,2,2,2.0,2:2400,True,23.1
ms_crafted/ms_crafted/maxcut/abrame-habet/v180,s2v180c2400-3.cnf,0b82ab67c316dc0c0f263ad094618af2e85cfb44f356c78b74e75a648833722c,cnf,180,2400,180,13.333,2,2,2.0,2:2400,True,23.1
ms_crafted/ms_crafted/maxcut/abrame-habet/v180,s2v180c2500-1.cnf,3ae155c79dfab218ea26f2a74a249fa6d6204f04e57a7f8f28e4b297c5dfafb4,cnf,180,2500,180,13.889,2,2,2.0,2:2500,True,24.1
ms_crafted/ms_crafted/maxcut/abrame-habet/v180,s2v180c2500-2.cnf,99dbf8a96251df21908151d6afa0b086608d8dedf3cb1d797308d4923bc8b971,cnf,180,2500,180,13.889,2,2,2.0,2:2500,True,24.1
ms_crafted/ms_crafted/maxcut/abrame-habet/v180,s2v180c2500-3.cnf,ce781b632a63e30b7aa8f76bd90206b0f7dd64a74878d52bbdc811e8063b8c9d,cnf,180,2500,180,13.889,2,2,2.0,2:2500,True,24.1
ms_crafted/ms_crafted/maxcut/abrame-habet/v180,s2v180c2600-1.cnf,0edf5909fa589f2b41c63894b4546ad4c2c6b47e97469ab57dc799f807da3a74,cnf,180,2600,180,14.444,2,2,2.0,2:2600,True,25.0
ms_crafted/ms_crafted/maxcut/abrame-habet/v180,s2v180c2600-2.cnf,574584353c9b681bee361b20059cbbb5d237c088432bf4160b22ed5c43bbea3d,cnf,180,2600,180,14.444,2,2,2.0,2:2600,True,25.1
ms_crafted/ms_crafted/maxcut/abrame-habet/v180,s2v180c2600-3.cnf,641abcfe542cd99c95469f6c2bfa964bd5e1c20893e38e0a19babc06f0072728,cnf,180,2600,180,14.444,2,2,2.0,2:2600,True,25.1
ms_crafted/ms_crafted/maxcut/abrame-habet/v200,s2v200c1200-1.cnf,ea6fba8f1e83283add190aef2b8fd4e70e6d36a4c7ca26bba64a24b5b348fa66,cnf,200,1200,200,6.0,2,2,2.0,2:1200,True,11.8
ms_crafted/ms_crafted/maxcut/abrame-habet/v200,s2v200c1200-2.cnf,468b59f26f9ba91d93329293a3ec355092b8a499d5fb7f06d3e2281869eea0ff,cnf,200,1200,200,6.0,2,2,2.0,2:1200,True,11.8
ms_crafted/ms_crafted/maxcut/abrame-habet/v200,s2v200c1200-3.cnf,66dbe9c3aab1971c75dc92b17e16b093e1ebba6363e666023d2fa021254c59ca,cnf,200,1200,200,6.0,2,2,2.0,2:1200,True,11.8
ms_crafted/ms_crafted/maxcut/abrame-habet/v200,s2v200c1300-1.cnf,0ac5c0dedeeff9f22f82a7f7c748efb42665c5b763c20c76546a1c88629b861b,cnf,200,1300,200,6.5,2,2,2.0,2:1300,True,12.8
ms_crafted/ms_crafted/maxcut/abrame-habet/v200,s2v200c1300-2.cnf,5131e231fbd30e2bc461d4277567a61deff7cb94caf115cb56b468014fae9a8d,cnf,200,1300,200,6.5,2,2,2.0,2:1300,True,12.7
ms_crafted/ms_crafted/maxcut/abrame-habet/v200,s2v200c1300-3.cnf,83f443b895b8c6f793c74f85464e2710d325ccdb88a0e4b23033315efec1f9d7,cnf,200,1300,200,6.5,2,2,2.0,2:1300,True,12.7
ms_crafted/ms_crafted/maxcut/abrame-habet/v200,s2v200c1400-1.cnf,cac3003e388f71067843920a43b763f632cdd1732e0d350285242cde2d84ed87,cnf,200,1400,200,7.0,2,2,2.0,2:1400,True,13.7
ms_crafted/ms_crafted/maxcut/abrame-habet/v200,s2v200c1400-2.cnf,7a830d69a1cfc7e068b02ef9b7c8fa5a9589b73827ecca873247d8019cde9cd6,cnf,200,1400,200,7.0,2,2,2.0,2:1400,True,13.7
ms_crafted/ms_crafted/maxcut/abrame-habet/v200,s2v200c1400-3.cnf,d997c29e5dfef7435d6210ff62006f22f6db1af16d44acaf37b4ab860c185bdc,cnf,200,1400,200,7.0,2,2,2.0,2:1400,True,13.7
ms_crafted/ms_crafted/maxcut/abrame-habet/v200,s2v200c1500-1.cnf,e1ad29b251d0615164e07b67c2f901673f150d65821ddfb3fa205a94b8751596,cnf,200,1500,200,7.5,2,2,2.0,2:1500,True,14.7
ms_crafted/ms_crafted/maxcut/abrame-habet/v200,s2v200c1500-2.cnf,a4d7d875a5362cc08e13c38ae546a07c410882df9a8b275e8d436011ef4f2908,cnf,200,1500,200,7.5,2,2,2.0,2:1500,True,14.7
ms_crafted/ms_crafted/maxcut/abrame-habet/v200,s2v200c1500-3.cnf,9385a0ec18bd7a67fe8efc8eb0945a3dcee2611fdc358b15b6d6ebbbfcac4e3d,cnf,200,1500,200,7.5,2,2,2.0,2:1500,True,14.7
ms_crafted/ms_crafted/maxcut/abrame-habet/v200,s2v200c1600-1.cnf,7d99c57b09deeb699a50a92c5dfac82377291b1f9fb36fa5b26fa9c93a73004d,cnf,200,1600,200,8.0,2,2,2.0,2:1600,True,15.7
ms_crafted/ms_crafted/maxcut/abrame-habet/v200,s2v200c1600-2.cnf,ba5ed6eb503cdd59ee484d5d5a1b3bf0df6f79de643775331183b82dd59cebae,cnf,200,1600,200,8.0,2,2,2.0,2:1600,True,15.7
ms_crafted/ms_crafted/maxcut/abrame-habet/v200,s2v200c1600-3.cnf,b00b229a925e1dc514eb1a14c27b0dfe2e1d15e96ec4659993e703d23b22074c,cnf,200,1600,200,8.0,2,2,2.0,2:1600,True,15.7
ms_crafted/ms_crafted/maxcut/abrame-habet/v200,s2v200c1700-1.cnf,d63ef627d52cb01d5b124e5ae944c0d9be38af84f11a979b321913452fdc8fbd,cnf,200,1700,200,8.5,2,2,2.0,2:1700,True,16.6
ms_crafted/ms_crafted/maxcut/abrame-habet/v200,s2v200c1700-2.cnf,c63f8d4bcc1d730b7064778c374d112c7812a45a08a035dfd5921afa7dc205aa,cnf,200,1700,200,8.5,2,2,2.0,2:1700,True,16.7
ms_crafted/ms_crafted/maxcut/abrame-habet/v200,s2v200c1700-3.cnf,6e688f303725376a020a37d4220d73313dd7cce7c51f8d8b5bc2e0355d77a9df,cnf,200,1700,200,8.5,2,2,2.0,2:1700,True,16.6
ms_crafted/ms_crafted/maxcut/abrame-habet/v200,s2v200c1800-1.cnf,4cb2ad2001fd4eefc0dc27b1f81ded9d119910480d1b2b68e7b0e19dad19954e,cnf,200,1800,200,9.0,2,2,2.0,2:1800,True,17.6
ms_crafted/ms_crafted/maxcut/abrame-habet/v200,s2v200c1800-2.cnf,e4ff6947561c8c69f1f5c3fbe29b73a1efc65e7b8886ed61c1869b03583fc017,cnf,200,1800,200,9.0,2,2,2.0,2:1800,True,17.6
ms_crafted/ms_crafted/maxcut/abrame-habet/v200,s2v200c1800-3.cnf,a8baf7aba687dcd2fa90e7bd784d08ed956ca0b429ae2998faa36de25a7e13e2,cnf,200,1800,200,9.0,2,2,2.0,2:1800,True,17.6
ms_crafted/ms_crafted/maxcut/abrame-habet/v200,s2v200c1900-1.cnf,8f5a130bacd0ae44d8e504d18b7ab7b517871c9215cc46d9143ab43a8a70a422,cnf,200,1900,200,9.5,2,2,2.0,2:1900,True,18.6
ms_crafted/ms_crafted/maxcut/abrame-habet/v200,s2v200c1900-2.cnf,ec4bdf0dab528f1f380cf3ffb261e202defe0d84e024a5bf79fe3e8caccc1a75,cnf,200,1900,200,9.5,2,2,2.0,2:1900,True,18.6
ms_crafted/ms_crafted/maxcut/abrame-habet/v200,s2v200c1900-3.cnf,1506b8ea99c1d956454156099a3eaf45179bddeb7f1ffc1978e4e6e04cce0cdb,cnf,200,1900,200,9.5,2,2,2.0,2:1900,True,18.5
ms_crafted/ms_crafted/maxcut/abrame-habet/v200,s2v200c2000-1.cnf,8872fb7c6d24017a81240757727e396368576b6516f5bb1d090011163a553b05,cnf,200,2000,200,10.0,2,2,2.0,2:2000,True,19.6
ms_crafted/ms_crafted/maxcut/abrame-habet/v200,s2v200c2000-2.cnf,e53629d159b0a96da931c4ffb2dd6794c2fbca479d041cc5a9e66b11a4290268,cnf,200,2000,200,10.0,2,2,2.0,2:2000,True,19.6
ms_crafted/ms_crafted/maxcut/abrame-habet/v200,s2v200c2000-3.cnf,c100521220a7dfe7731a8803a44a00c1602f1cf06b96a07c2228b84ff14dfaef,cnf,200,2000,200,10.0,2,2,2.0,2:2000,True,19.5
ms_crafted/ms_crafted/maxcut/abrame-habet/v200,s2v200c2100-1.cnf,9b4ee83f8ff0cd3de770f2b379c72dd4b584c9bbb62acfae72bdcafbb1a19bcd,cnf,200,2100,200,10.5,2,2,2.0,2:2100,True,20.5
ms_crafted/ms_crafted/maxcut/abrame-habet/v200,s2v200c2100-2.cnf,ac31f96aa35b7f6371f4b1041948a46f7085ba117b502f905e4c415415d96d11,cnf,200,2100,200,10.5,2,2,2.0,2:2100,True,20.6
ms_crafted/ms_crafted/maxcut/abrame-habet/v200,s2v200c2100-3.cnf,804df6452968414b7f15fb505e2c02002fd6c456208a49f5652a19cd5f828565,cnf,200,2100,200,10.5,2,2,2.0,2:2100,True,20.5
ms_crafted/ms_crafted/maxcut/abrame-habet/v200,s2v200c2200-1.cnf,efe15079d1e5583e636937dd239a9e914ffe00da9c62c9f5ccbbab6bd675c0ec,cnf,200,2200,200,11.0,2,2,2.0,2:2200,True,21.5
ms_crafted/ms_crafted/maxcut/abrame-habet/v200,s2v200c2200-2.cnf,53a9eaf66f1fc04e884a6b20dec22ec5e3dc4f75a844032dd94ad71977d8383e,cnf,200,2200,200,11.0,2,2,2.0,2:2200,True,21.5
ms_crafted/ms_crafted/maxcut/abrame-habet/v200,s2v200c2200-3.cnf,7e75384596c388fff9e30064a3b0b33b710e3e621287a6d5799f8e5b023f2b85,cnf,200,2200,200,11.0,2,2,2.0,2:2200,True,21.4
ms_crafted/ms_crafted/maxcut/abrame-habet/v200,s2v200c2300-1.cnf,4aa710950e4d545a87c405988bf531329031a68bd64e210d7c0dbdf35dc32791,cnf,200,2300,200,11.5,2,2,2.0,2:2300,True,22.5
ms_crafted/ms_crafted/maxcut/abrame-habet/v200,s2v200c2300-2.cnf,7d008a48b1466e66af31df880bf338fddabac9b2ef6ce3bef063ca88b1035d5c,cnf,200,2300,200,11.5,2,2,2.0,2:2300,True,22.5
ms_crafted/ms_crafted/maxcut/abrame-habet/v200,s2v200c2300-3.cnf,48183fcca4cde4b6e27be3841ed1661a5f38bf8a0db10d0be8aec699c4d47513,cnf,200,2300,200,11.5,2,2,2.0,2:2300,True,22.4
ms_crafted/ms_crafted/maxcut/abrame-habet/v200,s2v200c2400-1.cnf,288bcb813237a621be8762b606b825936e3d5b86da30092b2cbd4ade29ffc3b5,cnf,200,2400,200,12.0,2,2,2.0,2:2400,True,23.4
ms_crafted/ms_crafted/maxcut/abrame-habet/v200,s2v200c2400-2.cnf,990b2ed131771ca2ce9ff90d3a4652d8f556f3087d10c6f1e324e21be7360d57,cnf,200,2400,200,12.0,2,2,2.0,2:2400,True,23.5
ms_crafted/ms_crafted/maxcut/abrame-habet/v200,s2v200c2400-3.cnf,8972d5c725b6dcd3b7ee9fbd2ee010de660771d28a6df4061d29cb4ffd9e3c16,cnf,200,2400,200,12.0,2,2,2.0,2:2400,True,23.3
ms_crafted/ms_crafted/maxcut/abrame-habet/v200,s2v200c2500-1.cnf,04965a8f90e7f3fdaeaf1315e404cb7826bb22d037a3aa71911936d98866fac2,cnf,200,2500,200,12.5,2,2,2.0,2:2500,True,24.4
ms_crafted/ms_crafted/maxcut/abrame-habet/v200,s2v200c2500-2.cnf,26931a6b1a0f5ecb876bae57f5a4920c46dac1a4a63153d3dd357ee3cd560027,cnf,200,2500,200,12.5,2,2,2.0,2:2500,True,24.3
ms_crafted/ms_crafted/maxcut/abrame-habet/v200,s2v200c2500-3.cnf,984a2734143f06d3b6d05e1ad3c0b10051b1850e4fb57133fccb9a715939538e,cnf,200,2500,200,12.5,2,2,2.0,2:2500,True,24.4
ms_crafted/ms_crafted/maxcut/abrame-habet/v200,s2v200c2600-1.cnf,9c08daa6930f37f696bc45acbc1196dc9868b9c25f5567fb8327b5fd29a6453c,cnf,200,2600,200,13.0,2,2,2.0,2:2600,True,25.4
ms_crafted/ms_crafted/maxcut/abrame-habet/v200,s2v200c2600-2.cnf,20eced0c75ab52ae10ec100550078496a8e298c19ccc4e52650308571b7587bc,cnf,200,2600,200,13.0,2,2,2.0,2:2600,True,25.3
ms_crafted/ms_crafted/maxcut/abrame-habet/v200,s2v200c2600-3.cnf,f531e871af6c083a9c2277c3b9057e3fff676ed05c2c1743ce49e57950015cbc,cnf,200,2600,200,13.0,2,2,2.0,2:2600,True,25.3
ms_crafted/ms_crafted/maxcut/abrame-habet/v220,s2v220c1200-1.cnf,38bc6a272b055d726f6d99ada10aa2883465129664382190d684b735e2f7885b,cnf,220,1200,220,5.455,2,2,2.0,2:1200,True,11.9
ms_crafted/ms_crafted/maxcut/abrame-habet/v220,s2v220c1200-2.cnf,5742a55c5673258d4da8e5a7c57ccba36015c1ecf3b2b105c8ce091875d7b2d7,cnf,220,1200,220,5.455,2,2,2.0,2:1200,True,11.9
ms_crafted/ms_crafted/maxcut/abrame-habet/v220,s2v220c1200-3.cnf,0e8dc74a106806ba597a8cd36be6d376ef791896bf3e7f74a73752312b5a5e2c,cnf,220,1200,220,5.455,2,2,2.0,2:1200,True,11.9
ms_crafted/ms_crafted/maxcut/abrame-habet/v220,s2v220c1300-1.cnf,c707a1d701be3f6e54cb352a5edbb458896fd7cab76075e69889bd48bec57f13,cnf,220,1300,220,5.909,2,2,2.0,2:1300,True,12.9
ms_crafted/ms_crafted/maxcut/abrame-habet/v220,s2v220c1300-2.cnf,475b17cdc57500d2f8bbb462310b4307a3daaace57916e64d0109011e8ae51c7,cnf,220,1300,220,5.909,2,2,2.0,2:1300,True,12.9
ms_crafted/ms_crafted/maxcut/abrame-habet/v220,s2v220c1300-3.cnf,8abd1c60df09b73009058c0e838786f90809190f8d6ccbb19c4e033c7c4abc8a,cnf,220,1300,220,5.909,2,2,2.0,2:1300,True,12.9
ms_crafted/ms_crafted/maxcut/abrame-habet/v220,s2v220c1400-1.cnf,f914a7afbf0d67f928b7e5f9b9cc88fa6838bb5294ec95af8c0a50be6e6a54fb,cnf,220,1400,220,6.364,2,2,2.0,2:1400,True,13.8
ms_crafted/ms_crafted/maxcut/abrame-habet/v220,s2v220c1400-2.cnf,f58d461c03f737a2894c61e798ec6dd0f2bd64cc7cc48139c73260c29dca4b9e,cnf,220,1400,220,6.364,2,2,2.0,2:1400,True,13.9
ms_crafted/ms_crafted/maxcut/abrame-habet/v220,s2v220c1400-3.cnf,9ea01011a4189c4e4981a002fd787430531cfb10b79c08c4c837da8a3e37d2e8,cnf,220,1400,220,6.364,2,2,2.0,2:1400,True,13.8
ms_crafted/ms_crafted/maxcut/abrame-habet/v220,s2v220c1500-1.cnf,fb4ea118380378215d8b0f138ea2ffef136914ebb2bc4df3115eeb9586d028be,cnf,220,1500,220,6.818,2,2,2.0,2:1500,True,14.8
ms_crafted/ms_crafted/maxcut/abrame-habet/v220,s2v220c1500-2.cnf,2ef9dcb1b59d29565d067bbf75d5bb03d745c544cfd2a445b54ebd2612d772db,cnf,220,1500,220,6.818,2,2,2.0,2:1500,True,14.8
ms_crafted/ms_crafted/maxcut/abrame-habet/v220,s2v220c1500-3.cnf,cecac7271118afc4198ffdc8566da28c60ede438318838236b2a7c573e622344,cnf,220,1500,220,6.818,2,2,2.0,2:1500,True,14.8
ms_crafted/ms_crafted/maxcut/abrame-habet/v220,s2v220c1600-1.cnf,ef12776a4d5f827aaf9c42b7733b325dc7833d0db1ab9c74326c9b69c9d78f7a,cnf,220,1600,220,7.273,2,2,2.0,2:1600,True,15.8
ms_crafted/ms_crafted/maxcut/abrame-habet/v220,s2v220c1600-2.cnf,56ea7ff433da2110eb5fdbcb8c110e66b5d47a8f1bff4aa471c138118ca1f812,cnf,220,1600,220,7.273,2,2,2.0,2:1600,True,15.8
ms_crafted/ms_crafted/maxcut/abrame-habet/v220,s2v220c1600-3.cnf,4ab773df06392915d49da14f24e2e1a9a3189e899df2931c0149452dab2e12e6,cnf,220,1600,220,7.273,2,2,2.0,2:1600,True,15.8
ms_crafted/ms_crafted/maxcut/abrame-habet/v220,s2v220c1700-1.cnf,b18ce239ce58ad33d6d860e554dbf617f0aafd0dffb2437b78bc118e0b33129e,cnf,220,1700,220,7.727,2,2,2.0,2:1700,True,16.7
ms_crafted/ms_crafted/maxcut/abrame-habet/v220,s2v220c1700-2.cnf,a6ded1c7b57408cede57d4cc12e4b5d4197785273bafb58c04455c771a0724fe,cnf,220,1700,220,7.727,2,2,2.0,2:1700,True,16.8
ms_crafted/ms_crafted/maxcut/abrame-habet/v220,s2v220c1700-3.cnf,a46b4c93af6ca3c207876389a7902d7536a1c2a7412f16b5142cf02bee7d01f8,cnf,220,1700,220,7.727,2,2,2.0,2:1700,True,16.8
ms_crafted/ms_crafted/maxcut/abrame-habet/v220,s2v220c1800-1.cnf,22cbda9c3830d444f74e92841d2e01bab9393f9ef0f708302aa1426ec0466a80,cnf,220,1800,220,8.182,2,2,2.0,2:1800,True,17.7
ms_crafted/ms_crafted/maxcut/abrame-habet/v220,s2v220c1800-2.cnf,9fd6c59d73435f80a984b360394f75d96f31c13e5b0af8c47492e7cc3196d914,cnf,220,1800,220,8.182,2,2,2.0,2:1800,True,17.8
ms_crafted/ms_crafted/maxcut/abrame-habet/v220,s2v220c1800-3.cnf,d085c733ed217285554feb2c72de3ec11b5909acda52c825aced5c462914c485,cnf,220,1800,220,8.182,2,2,2.0,2:1800,True,17.8
ms_crafted/ms_crafted/maxcut/abrame-habet/v220,s2v220c1900-1.cnf,e40fcd2bdd1fece5a845988880d6ccdbd0884d29e1e9596f827ee7e2fdef94b2,cnf,220,1900,220,8.636,2,2,2.0,2:1900,True,18.7
ms_crafted/ms_crafted/maxcut/abrame-habet/v220,s2v220c1900-2.cnf,75ad5f28c147894ae5c3ab7c8f6206738a5120d34a14a555231551b0fd1bb47a,cnf,220,1900,220,8.636,2,2,2.0,2:1900,True,18.7
ms_crafted/ms_crafted/maxcut/abrame-habet/v220,s2v220c1900-3.cnf,988cec204a672b9153b7265ef1d44671805b1fc174711dee416d85b044402773,cnf,220,1900,220,8.636,2,2,2.0,2:1900,True,18.8
ms_crafted/ms_crafted/maxcut/abrame-habet/v220,s2v220c2000-1.cnf,b751bd2433f6d04a5e292982ab51079212f333285994a003b181cb2016679d39,cnf,220,2000,220,9.091,2,2,2.0,2:2000,True,19.6
ms_crafted/ms_crafted/maxcut/abrame-habet/v220,s2v220c2000-2.cnf,1a7160b0eca08fa806faf450e6378af8dfe36d73b636a4be7d441ad39454f9d8,cnf,220,2000,220,9.091,2,2,2.0,2:2000,True,19.7
ms_crafted/ms_crafted/maxcut/abrame-habet/v220,s2v220c2000-3.cnf,f016ab871ffa9dca4c2f4c2e39ca28ee5701811f4c450b8c1c3ac9641058a07a,cnf,220,2000,220,9.091,2,2,2.0,2:2000,True,19.7
ms_crafted/ms_crafted/maxcut/abrame-habet/v220,s2v220c2100-1.cnf,58a133711ff561bef6ee07c8d50b8db727101fa9d1bd2e8d835ff49a6a62a467,cnf,220,2100,220,9.545,2,2,2.0,2:2100,True,20.7
ms_crafted/ms_crafted/maxcut/abrame-habet/v220,s2v220c2100-2.cnf,70233ecc911218ce38da1ce61c813ae20f644816c71503d921df5e86c228beea,cnf,220,2100,220,9.545,2,2,2.0,2:2100,True,20.8
ms_crafted/ms_crafted/maxcut/abrame-habet/v220,s2v220c2100-3.cnf,a97ffafa563dd2e5fa417befd6e4c6a8b38bd17243c5f318201bf0ce0766e475,cnf,220,2100,220,9.545,2,2,2.0,2:2100,True,20.7
ms_crafted/ms_crafted/maxcut/abrame-habet/v220,s2v220c2200-1.cnf,69be2414ed1b2dd5f69802eeb15ec93df9995985ccc1460e7062114ad44341bc,cnf,220,2200,220,10.0,2,2,2.0,2:2200,True,21.7
ms_crafted/ms_crafted/maxcut/abrame-habet/v220,s2v220c2200-2.cnf,2712f1db3809fd52157398daa6833a45318794030dcc3c87ae7eeb9b7d8fccec,cnf,220,2200,220,10.0,2,2,2.0,2:2200,True,21.8
ms_crafted/ms_crafted/maxcut/abrame-habet/v220,s2v220c2200-3.cnf,ca14a6fb3a996354e68bc0965f6578b226c86020244402a80482b0475e6d280b,cnf,220,2200,220,10.0,2,2,2.0,2:2200,True,21.7
ms_crafted/ms_crafted/maxcut/abrame-habet/v220,s2v220c2300-1.cnf,7df5d26cf906dc708db3b66e7c983cda6261f81d00cfa85249df823f09ea030b,cnf,220,2300,220,10.455,2,2,2.0,2:2300,True,22.7
ms_crafted/ms_crafted/maxcut/abrame-habet/v220,s2v220c2300-2.cnf,0913a4ad9923935521f9f900dec4b833b60d8b2a29340b757be330703610783d,cnf,220,2300,220,10.455,2,2,2.0,2:2300,True,22.7
ms_crafted/ms_crafted/maxcut/abrame-habet/v220,s2v220c2300-3.cnf,a2aecc5f977f3b55924de75b34d14eeb9e0af94d5d41aa02f845c81641fff3ad,cnf,220,2300,220,10.455,2,2,2.0,2:2300,True,22.6
ms_crafted/ms_crafted/maxcut/abrame-habet/v220,s2v220c2400-1.cnf,a648846f234ad4d1b6ee70f0f7617e8d47cd7e7fbfecdcf030a77d8c31d5d643,cnf,220,2400,220,10.909,2,2,2.0,2:2400,True,23.6
ms_crafted/ms_crafted/maxcut/abrame-habet/v220,s2v220c2400-2.cnf,0e570c70c7e6b6132bac3eb7d543af984d8a53cd0ac08204b0bce297cd910a35,cnf,220,2400,220,10.909,2,2,2.0,2:2400,True,23.7
ms_crafted/ms_crafted/maxcut/abrame-habet/v220,s2v220c2400-3.cnf,c9194c65fe17126e65aaa7aa1f146d43be58b15b1060cef6c400ba51144ace3f,cnf,220,2400,220,10.909,2,2,2.0,2:2400,True,23.6
ms_crafted/ms_crafted/maxcut/abrame-habet/v220,s2v220c2500-1.cnf,7c9a4d82956a36b6a851d2c0d8e9b6559d4a6ffd6640f0ba5ebbddef29d73d75,cnf,220,2500,220,11.364,2,2,2.0,2:2500,True,24.6
ms_crafted/ms_crafted/maxcut/abrame-habet/v220,s2v220c2500-2.cnf,531bec4a82a1e58d2c5ec451fcaae18a152b5dd84614f288d87d25c543b27413,cnf,220,2500,220,11.364,2,2,2.0,2:2500,True,24.7
ms_crafted/ms_crafted/maxcut/abrame-habet/v220,s2v220c2500-3.cnf,6835031405ddcd73db9c615c4419b2fb932aad3b252466acbf927322af309dac,cnf,220,2500,220,11.364,2,2,2.0,2:2500,True,24.6
ms_crafted/ms_crafted/maxcut/abrame-habet/v220,s2v220c2600-1.cnf,3d6976f37a28d1e6ab11f3b13e8c0a15b6dd8748e66458837473992595b80500,cnf,220,2600,220,11.818,2,2,2.0,2:2600,True,25.6
ms_crafted/ms_crafted/maxcut/abrame-habet/v220,s2v220c2600-2.cnf,829d0dbcb7f49ce70a7b8cc5fd3f73b8ee812e675c4c9dab941fad065f1a035e,cnf,220,2600,220,11.818,2,2,2.0,2:2600,True,25.7
ms_crafted/ms_crafted/maxcut/abrame-habet/v220,s2v220c2600-3.cnf,6a114554ddf31fb07dbfdb5ea01a333c3a29362446904abfd0e85d00f2ebd656,cnf,220,2600,220,11.818,2,2,2.0,2:2600,True,25.6
ms_crafted/ms_crafted/maxcut/dimacs-mod,MANN_a27.clq.cnf,ca8c34c591890b1e14f50f11584b7b94dfce3fe4da88e1bd0730e8edb2ba8a31,cnf,42,1690,42,40.238,2,2,2.0,2:1690,True,15.1
ms_crafted/ms_crafted/maxcut/dimacs-mod,MANN_a45.clq.cnf,e23f11a0a0177375403b3f242d72c6b89314e35a4b0d466e19cba10bd9819bfc,cnf,42,1718,42,40.905,2,2,2.0,2:1718,True,16.4
ms_crafted/ms_crafted/maxcut/dimacs-mod,MANN_a81.clq.cnf,02dd107fa0c749307df66c19b15d36f01624e5d5b99a6173ddf9a07a232a6acd,cnf,41,1638,41,39.951,2,2,2.0,2:1638,True,14.0
ms_crafted/ms_crafted/maxcut/dimacs-mod,MANN_a9.clq.cnf,e60e5bc513579de149ca4870a3612e76edbef810d40500c6cbd8ef162188f68d,cnf,45,1836,45,40.8,2,2,2.0,2:1836,True,15.8
ms_crafted/ms_crafted/maxcut/dimacs-mod,brock200_1.clq.cnf,022995768f758b202507f21d4e1c305ead6ff5694db9b694b7072cd01e37c136,cnf,40,1132,40,28.3,2,2,2.0,2:1132,True,9.8
ms_crafted/ms_crafted/maxcut/dimacs-mod,brock200_2.clq.cnf,b3dba467350a43bbd7ab820c57225cd9ac6b263f81e5c1f493365fac3a2a479f,cnf,40,770,40,19.25,2,2,2.0,2:770,True,6.8
ms_crafted/ms_crafted/maxcut/dimacs-mod,brock200_3.clq.cnf,488284ba9bf851cb173bb77a714399227b917ad4bd4a7e66d63456e9887c2b54,cnf,40,1038,40,25.95,2,2,2.0,2:1038,True,9.0
ms_crafted/ms_crafted/maxcut/dimacs-mod,brock200_4.clq.cnf,00d35391b770ae36f8bd255a9bce10c18f52cb303d6208ac7a408f493b81026f,cnf,40,1028,40,25.7,2,2,2.0,2:1028,True,8.9
ms_crafted/ms_crafted/maxcut/dimacs-mod,brock400_1.clq.cnf,84b6f2eb16a2677ba70986c2c71ef8af1566aeca9a16af00d123dbb0b45f3811,cnf,40,1192,40,29.8,2,2,2.0,2:1192,True,10.3
ms_crafted/ms_crafted/maxcut/dimacs-mod,brock400_2.clq.cnf,2991925836cec78531dac6fe10ae384049dbf04a8e5de7793feed45b423cd492,cnf,40,1188,40,29.7,2,2,2.0,2:1188,True,10.3
ms_crafted/ms_crafted/maxcut/dimacs-mod,brock400_3.clq.cnf,1afca9925173f3ec66b96168a9da1876837b2e6ebd006bb9e7ef876a6f480508,cnf,40,1136,40,28.4,2,2,2.0,2:1136,True,9.9
ms_crafted/ms_crafted/maxcut/dimacs-mod,brock400_4.clq.cnf,b1f2a021738b30b6d00d4e1238eaee28af970e48317870701b8a894687faeed4,cnf,40,1178,40,29.45,2,2,2.0,2:1178,True,10.3
ms_crafted/ms_crafted/maxcut/dimacs-mod,brock800_1.clq.cnf,514b9a15d29c82f8e35eaf531cec2d9d1d58ef0e2fd34ef9bbbfa68797c5e89c,cnf,40,1022,40,25.55,2,2,2.0,2:1022,True,8.9
ms_crafted/ms_crafted/maxcut/dimacs-mod,brock800_2.clq.cnf,8923f541c4c4f43bce88f720efcb59d1c0d95a88dc34f2b6ff18a185e5c2c424,cnf,40,1026,40,25.65,2,2,2.0,2:1026,True,9.0
ms_crafted/ms_crafted/maxcut/dimacs-mod,brock800_3.clq.cnf,7b4c0a5acb8f37042c16c83bdb29484a4618c3496cfa25aa40d3c349c167eef7,cnf,40,1014,40,25.35,2,2,2.0,2:1014,True,8.8
ms_crafted/ms_crafted/maxcut/dimacs-mod,brock800_4.clq.cnf,3c9f1034c35b5fa406ecc99f0b2cacae2ceba8d2e3e7b0ee573f768088e09349,cnf,40,996,40,24.9,2,2,2.0,2:996,True,8.7
ms_crafted/ms_crafted/maxcut/dimacs-mod,c-fat200-1.clq.cnf,09231f8318d9b17abc8662c65f1b010a1291607e8a71efc0459dc9ecb730a76c,cnf,40,92,40,2.3,2,2,2.0,2:92,True,1.1
ms_crafted/ms_crafted/maxcut/dimacs-mod,c-fat200-2.clq.cnf,4e5e69f01173e98d826d05f01077e51d676175c597223fe978f34580f42bd490,cnf,40,228,40,5.7,2,2,2.0,2:228,True,2.2
ms_crafted/ms_crafted/maxcut/dimacs-mod,c-fat200-5.clq.cnf,7b7910c023c0992115c50305f847172abab5df0b013c513c7abf833a78cf0e3f,cnf,40,646,40,16.15,2,2,2.0,2:646,True,5.7
ms_crafted/ms_crafted/maxcut/dimacs-mod,c-fat500-1.clq.cnf,2fa5a11b58cba7015b4abaae0ce7c949c53df9568b87adfae89091fa19cdeb3d,cnf,42,48,42,1.143,2,2,2.0,2:48,True,0.7
ms_crafted/ms_crafted/maxcut/dimacs-mod,c-fat500-10.clq.cnf,7ab660a9c8f106a8b00630a2b79a75384b21b2ae12e272f8437ce52546863430,cnf,42,840,42,20.0,2,2,2.0,2:840,True,7.4
ms_crafted/ms_crafted/maxcut/dimacs-mod,c-fat500-2.clq.cnf,7a204d7d4fbb1534de55530fa01cfc04b9f4cee118b3e1f11beeba53d718adf5,cnf,42,136,42,3.238,2,2,2.0,2:136,True,1.5
ms_crafted/ms_crafted/maxcut/dimacs-mod,c-fat500-5.clq.cnf,03c6ffd1d68377773a82d8c482deff0642102c092e42c5aa8af40696e6b27415,cnf,42,400,42,9.524,2,2,2.0,2:400,True,3.7
ms_crafted/ms_crafted/maxcut/dimacs-mod,hamming10-2.clq.cnf,49b4da4ce2e5a3a8a486fdaadda99e3bce4515b9463781bb84a8ce5839dcffb1,cnf,41,1640,41,40.0,2,2,2.0,2:1640,True,14.0
ms_crafted/ms_crafted/maxcut/dimacs-mod,hamming10-4.clq.cnf,4319ad2a4b3b1bb6ab80d1f4e017de69030b24fdfc1b305d3ba089a251eb71f8,cnf,41,1436,41,35.024,2,2,2.0,2:1436,True,12.3
ms_crafted/ms_crafted/maxcut/dimacs-mod,hamming6-2.clq.cnf,eef4bd271d651c42946ec56da9459c260814c4c96bbee0f33757c3cc74a53d8d,cnf,64,3648,64,57.0,2,2,2.0,2:3648,True,31.3
ms_crafted/ms_crafted/maxcut/dimacs-mod,hamming6-4.clq.cnf,85c05e613ddaf5dbcc751c30ac9d609abbf728eba5e8e0dd9b3871b8c486d9e8,cnf,64,1408,64,22.0,2,2,2.0,2:1408,True,12.2
ms_crafted/ms_crafted/maxcut/dimacs-mod,hamming8-2.clq.cnf,4f714951ccca7995d75a73cd3b0e1d98acd69a1a8a457331eaee7adee96bbf34,cnf,43,1806,43,42.0,2,2,2.0,2:1806,True,15.4
ms_crafted/ms_crafted/maxcut/dimacs-mod,hamming8-4.clq.cnf,13fa545467ad308721315c69ccf784dfcbaa4ee6da20d0af9e581716d156a178,cnf,43,994,43,23.116,2,2,2.0,2:994,True,8.6
ms_crafted/ms_crafted/maxcut/dimacs-mod,johnson16-2-4.clq.cnf,7a8b06ad494111f8cd0595fbf9e0cf7e47578c5b98badc339fab8366384f37af,cnf,40,1150,40,28.75,2,2,2.0,2:1150,True,9.9
ms_crafted/ms_crafted/maxcut/dimacs-mod,johnson32-2-4.clq.cnf,44dd88b1f6a12eb13066bda4bdccb54f5a2229f413c0093209a7dad6251e5fe4,cnf,42,1528,42,36.381,2,2,2.0,2:1528,True,13.1
ms_crafted/ms_crafted/maxcut/dimacs-mod,johnson8-2-4.clq.cnf,5dcd718213fa1d4260379024e82124a56c83d30142379472ba32bfdff9f8f1d9,cnf,28,420,28,15.0,2,2,2.0,2:420,True,3.7
ms_crafted/ms_crafted/maxcut/dimacs-mod,johnson8-4-4.clq.cnf,e14cff0da40a4b97ca905559c8cf1ccc73afca8f940bb4f26be5d9e989f10237,cnf,70,3710,70,53.0,2,2,2.0,2:3710,True,32.0
ms_crafted/ms_crafted/maxcut/dimacs-mod,keller4.clq.cnf,5442aff7a59f2089c5e029f67636ebc482d40ab28ee18414c8a418d88a378757,cnf,43,1212,43,28.186,2,2,2.0,2:1212,True,10.6
ms_crafted/ms_crafted/maxcut/dimacs-mod,keller5.clq.cnf,626319fe3ffbde0f154f2689f5d45d80595f155d416c71e104f0cd0b8d735dbf,cnf,41,1230,41,30.0,2,2,2.0,2:1230,True,10.7
ms_crafted/ms_crafted/maxcut/dimacs-mod,p_hat1000-1.clq.cnf,d1590df02355efb426399ba168a840312f6b3c94ee6c2310f03ca6c5a122bc33,cnf,40,352,40,8.8,2,2,2.0,2:352,True,3.5
ms_crafted/ms_crafted/maxcut/dimacs-mod,p_hat1000-2.clq.cnf,3168f1ea905513afa720b29cbc96330fa517db1d58c3d58d7c92f5d7e30af5c7,cnf,40,742,40,18.55,2,2,2.0,2:742,True,6.8
ms_crafted/ms_crafted/maxcut/dimacs-mod,p_hat1000-3.clq.cnf,9d99900f2c5ea798ebe1b3c6b1a7a5717843d35ac97c33c9c5ad855d5cb6cc15,cnf,40,1140,40,28.5,2,2,2.0,2:1140,True,10.1
ms_crafted/ms_crafted/maxcut/dimacs-mod,p_hat300-1.clq.cnf,03d8e0a71eade01f3826f9f3fdde655df8e6bbedd6d6cee0bdf1899bcf9fcf46,cnf,43,348,43,8.093,2,2,2.0,2:348,True,3.5
ms_crafted/ms_crafted/maxcut/dimacs-mod,p_hat300-2.clq.cnf,8187010dce8db3e1a48805e6f92f5ea8fe2369463302fbd8fbeea23bc49148e2,cnf,43,736,43,17.116,2,2,2.0,2:736,True,6.8
ms_crafted/ms_crafted/maxcut/dimacs-mod,p_hat300-3.clq.cnf,0124a11a51ed02896111efbef79ae2009e905c69edf784dc6b817560c2c6caf0,cnf,43,1270,43,29.535,2,2,2.0,2:1270,True,11.2
ms_crafted/ms_crafted/maxcut/dimacs-mod,p_hat500-1.clq.cnf,3eca514011e297e86a25bc06aca456cec768bb9d395cb6d0cc6f7e3320268ed3,cnf,42,474,42,11.286,2,2,2.0,2:474,True,4.5
ms_crafted/ms_crafted/maxcut/dimacs-mod,p_hat500-2.clq.cnf,9fb78c87c82f46a94087d594402acbad001473ae1c03f199ae6a13637e544c76,cnf,42,910,42,21.667,2,2,2.0,2:910,True,8.2
ms_crafted/ms_crafted/maxcut/dimacs-mod,p_hat500-3.clq.cnf,19b0b175782e93b7c1896954af3aada4bd9c0224093b08f42672b1b145472a39,cnf,42,1310,42,31.19,2,2,2.0,2:1310,True,11.5
ms_crafted/ms_crafted/maxcut/dimacs-mod,p_hat700-1.clq.cnf,c7dc296f6eb2a5ac5966c6a40e0fa310946aa5cbe9fecc3b860dba12bd5e07cc,cnf,42,418,42,9.952,2,2,2.0,2:418,True,4.1
ms_crafted/ms_crafted/maxcut/dimacs-mod,p_hat700-2.clq.cnf,7e05dced4ed08e030d38ab7591905f50dbe263e379324bee62cdd719441bea09,cnf,42,822,42,19.571,2,2,2.0,2:822,True,7.5
ms_crafted/ms_crafted/maxcut/dimacs-mod,p_hat700-3.clq.cnf,a7c7569c670c5eb4afba0bd01b6c5a65901fed3faadad99259db84b8d52aacfa,cnf,42,1260,42,30.0,2,2,2.0,2:1260,True,11.1
ms_crafted/ms_crafted/maxcut/dimacs-mod,san1000.clq.cnf,7955e07c94ded9524dbbdc84f0217e27444dab6a80ed987ab9284d96e366a692,cnf,40,744,40,18.6,2,2,2.0,2:744,True,6.7
ms_crafted/ms_crafted/maxcut/dimacs-mod,san200_0.7_1.clq.cnf,3a5ce01d0f236c4bca5f53fa29f5d3923ab443218fdabf930326561207f9673c,cnf,40,1116,40,27.9,2,2,2.0,2:1116,True,9.7
ms_crafted/ms_crafted/maxcut/dimacs-mod,san200_0.7_2.clq.cnf,0dad3f818924bf71f46fc0e23ec8475c8418827bacf323f558db643524326d63,cnf,40,1124,40,28.1,2,2,2.0,2:1124,True,9.8
ms_crafted/ms_crafted/maxcut/dimacs-mod,san200_0.9_1.clq.cnf,8bfca45de625105a15385ca154ca51238d7f5385491a4fc6b88e65173d4d076a,cnf,40,1392,40,34.8,2,2,2.0,2:1392,True,12.0
ms_crafted/ms_crafted/maxcut/dimacs-mod,san200_0.9_2.clq.cnf,294880c7053a7284f2d82b2ade1558fa0ac423db7fdca3d8401e356990c08023,cnf,40,1404,40,35.1,2,2,2.0,2:1404,True,12.1
ms_crafted/ms_crafted/maxcut/dimacs-mod,san200_0.9_3.clq.cnf,40a36aa41f6dfd46f552844b195e8ea49efdb44d0598955ccebb41668904d406,cnf,40,1420,40,35.5,2,2,2.0,2:1420,True,12.2
ms_crafted/ms_crafted/maxcut/dimacs-mod,san400_0.5_1.clq.cnf,02fb27a740e8fa56c9dd7bc3b71b685595feeaf24ec389b5d3f2445412f1cb00,cnf,40,790,40,19.75,2,2,2.0,2:790,True,6.9
ms_crafted/ms_crafted/maxcut/dimacs-mod,san400_0.7_1.clq.cnf,db70b9b6c7c37359ded0a60b33f8059a83e6dd4b89a08dbb717754a5de079660,cnf,40,1120,40,28.0,2,2,2.0,2:1120,True,9.7
ms_crafted/ms_crafted/maxcut/dimacs-mod,san400_0.7_2.clq.cnf,522220f1c1ed4395f0591f78ae33854be1f80774018c78ba48ae4e8452686e0c,cnf,40,1126,40,28.15,2,2,2.0,2:1126,True,9.8
ms_crafted/ms_crafted/maxcut/dimacs-mod,san400_0.7_3.clq.cnf,d43c66e1b41b714993da359e8ba2944c1cfaf95f397ade84b150c2af831f0882,cnf,40,1094,40,27.35,2,2,2.0,2:1094,True,9.5
ms_crafted/ms_crafted/maxcut/dimacs-mod,san400_0.9_1.clq.cnf,29a9017feb0ce4c4cc9143e959d01fe0310445489bc03fab0b49ed63790e0608,cnf,40,1356,40,33.9,2,2,2.0,2:1356,True,11.7
ms_crafted/ms_crafted/maxcut/dimacs-mod,sanr200_0.7.clq.cnf,ccc7136ee1e027bf8f1ea4ecaff6b537e9225f75e577642a8f26cdc814695322,cnf,40,1092,40,27.3,2,2,2.0,2:1092,True,9.6
ms_crafted/ms_crafted/maxcut/dimacs-mod,sanr200_0.9.clq.cnf,e8545400e908da3e69367fe9f34675d6b48d9dce6fbf09e9acf49024977541bd,cnf,40,1354,40,33.85,2,2,2.0,2:1354,True,11.8
ms_crafted/ms_crafted/maxcut/dimacs-mod,sanr400_0.5.clq.cnf,b015a3bf000a7f5e18c40029fcfe921a6ee901a591c0f03ec3b83285e1bb6ebd,cnf,40,798,40,19.95,2,2,2.0,2:798,True,7.1
ms_crafted/ms_crafted/maxcut/dimacs-mod,sanr400_0.7.clq.cnf,12411c51e2f24613eb3706d03386296b504794128c7cebea17576a8f64784447,cnf,40,1096,40,27.4,2,2,2.0,2:1096,True,9.6
ms_crafted/ms_crafted/maxcut/spinglass,t3pm3-5555.spn.cnf,890f1b435294212f8a5069f24d53d04e59a4ca76505cbb54dab0b230d45a586e,cnf,27,162,27,6.0,1,2,1.981,1:3;2:159,True,1.3
ms_crafted/ms_crafted/maxcut/spinglass,t4pm3-6666.spn.cnf,778948983e2e178ce7e2f6fe91e18f4ec469b12134a97121ea889338a86c2f0b,cnf,64,384,64,6.0,1,2,1.992,1:3;2:381,True,3.3
ms_crafted/ms_crafted/maxcut/spinglass,t5pm3-7777.spn.cnf,c9857f285a166fd39ccb2a45ff0252c52ca7d318e66181b8e16574f1da80ee5d,cnf,125,750,125,6.0,1,2,1.996,1:3;2:747,True,6.8
ms_crafted/ms_crafted/maxcut/spinglass,t6pm3-8888.spn.cnf,94d2be49ab6d5f5b240fcc8b1afd2db58ed81a1fa56db3e09dadd835f8e6f23f,cnf,216,1296,216,6.0,1,2,1.998,1:3;2:1293,True,12.7
ms_crafted/ms_crafted/maxcut/spinglass,t7pm3-9999.spn.cnf,c081192f20a4d176deeb44f40c5eab7d1fd1dbb0416813c1896f1acd071c178d,cnf,343,2058,343,6.0,1,2,1.999,1:3;2:2055,True,20.9
ms_crafted/ms_crafted/set-covering/scpclr,scpclr10_maxsat.cnf,c40cba1d8a4d8b5f3fa46005bdfa96421d522cddb7d1dc9933cc576c49ae0c07,cnf,210,721,210,3.433,1,126,18.641,1:210;10:126;16:210;35:120;70:45;126:10,True,48.1
ms_crafted/ms_crafted/set-covering/scpclr,scpclr11_maxsat.cnf,614e238ea414a1d66f70aab28632dace6939cc75a2f227b919eed99b104def57,cnf,330,1353,330,4.1,1,210,31.22,1:330;20:462;36:330;70:165;126:55;210:11,True,155.8
ms_crafted/ms_crafted/set-covering/scpclr,scpclr12_maxsat.cnf,d8e3b3536d00243915469759521942f4d586a36877e4e681007fbed5be28e4bc,cnf,495,2542,495,5.135,1,330,49.851,1:495;30:462;40:792;71:495;126:220;210:66;330:12,True,476.0
ms_crafted/ms_crafted/set-covering/scpclr,scpclr13_maxsat.cnf,2b656dd9166e3d21d7720e34de709a5ac901627d07ea7b24afcfaa87159544ab,cnf,715,4810,715,6.727,1,495,76.108,1:715;50:1716;75:1287;127:715;210:286;330:78;495:13,True,1390.8
ms_crafted/ms_crafted/set-covering/scpcyc,scpcyc06_maxsat.cnf,16a9cc334bcccba7830cbd57f7557b01eccbea6a182fc6c5c1d54d765023b64e,cnf,192,432,192,2.25,1,4,2.667,1:192;4:240,True,5.3
ms_crafted/ms_crafted/set-covering/scpcyc,scpcyc07_maxsat.cnf,0c482467a24954752a50acf8477e105a96791ce97f1a4c8d57cd0a17e36ff55e,cnf,448,1120,448,2.5,1,4,2.8,1:448;4:672,True,15.3
ms_crafted/ms_crafted/set-covering/scpcyc,scpcyc08_maxsat.cnf,07f6899699c2d0be680f1806b547e7cd9e75a52418fa6fd4c9cd1db861fde0d3,cnf,1024,2816,1024,2.75,1,4,2.909,1:1024;4:1792,True,40.6
ms_crafted/ms_crafted/set-covering/scpcyc,scpcyc09_maxsat.cnf,a1d622b491ef23d06698fefcde415302e2eb81067e8833dfe98b83adb52b5595,cnf,2304,6912,2304,3.0,1,4,3.0,1:2304;4:4608,True,114.0
ms_crafted/ms_crafted/set-covering/scpcyc,scpcyc10_maxsat.cnf,86b2804a879ec94c27259037ac9517bc1916e6d3293375aacf4f589e44440bed,cnf,5120,16640,5120,3.25,1,4,3.077,1:5120;4:11520,True,293.0
ms_crafted/ms_crafted/set-covering/scpcyc,scpcyc11_maxsat.cnf,328284ff6dfa7eb9750c7b4aba1685f9f40ea03bd33bbc8014f22ba724ad282b,cnf,11264,39424,11264,3.5,1,4,3.143,1:11264;4:28160,True,733.2
ms_random/ms_random/abrame-habet/max2sat/120v,s2v120c1200-1.cnf,c850e2979d9b6cf2f1c6ff60ac9fd83b78de08ae38f2d88fa256dca5b8531914,cnf,120,1200,120,10.0,2,2,2.0,2:1200,True,10.8
ms_random/ms_random/abrame-habet/max2sat/120v,s2v120c1200-2.cnf,088fdf846906fc5c7e61d6c15aead842bc1a5214b502906e06fecdf53a127a8e,cnf,120,1200,120,10.0,2,2,2.0,2:1200,True,10.8
ms_random/ms_random/abrame-habet/max2sat/120v,s2v120c1200-3.cnf,584225a198ff71d6fd6698480ff95a5d8677aab9a84f58cb1b92c1a45b5076ad,cnf,120,1200,120,10.0,2,2,2.0,2:1200,True,10.8
ms_random/ms_random/abrame-habet/max2sat/120v,s2v120c1300-1.cnf,03faee1d6565797f94633b860a1f36a8f604973547fe65e11e4cf932e8e83b0a,cnf,120,1300,120,10.833,2,2,2.0,2:1300,True,11.7
ms_random/ms_random/abrame-habet/max2sat/120v,s2v120c1300-2.cnf,2378873417929c8541fd28d3f2f3a3de3350ba04d8ef2ec601e37ef2c78ab256,cnf,120,1300,120,10.833,2,2,2.0,2:1300,True,11.7
ms_random/ms_random/abrame-habet/max2sat/120v,s2v120c1300-3.cnf,52ba92cdea5db2f232481d5f08c930e2ce4543036852f041de900c1075686f69,cnf,120,1300,120,10.833,2,2,2.0,2:1300,True,11.7
ms_random/ms_random/abrame-habet/max2sat/120v,s2v120c1400-1.cnf,3ba35bce68d86ab21f88017d0cf19e8beed8ba38868a65ea0ddcd0f00d7cbe18,cnf,120,1400,120,11.667,2,2,2.0,2:1400,True,12.6
ms_random/ms_random/abrame-habet/max2sat/120v,s2v120c1400-2.cnf,d7bf18a3736e2e198ff1f6109b23b8db8673540171905bf49313aa0c1e5ccfec,cnf,120,1400,120,11.667,2,2,2.0,2:1400,True,12.6
ms_random/ms_random/abrame-habet/max2sat/120v,s2v120c1400-3.cnf,c5027e606c80f722bc1830ff4e57846e11c3a9b14620ec8227afecaec5148304,cnf,120,1400,120,11.667,2,2,2.0,2:1400,True,12.6
ms_random/ms_random/abrame-habet/max2sat/120v,s2v120c1500-1.cnf,450881621d99c16c3d95ac2d18457fd5ccadc0df707d6f91173e00307c8c3ee4,cnf,120,1500,120,12.5,2,2,2.0,2:1500,True,13.5
ms_random/ms_random/abrame-habet/max2sat/120v,s2v120c1500-2.cnf,9bfa740189f95d897426f3d10740fd5ff9b66ce838126ea97947b327ebaad1d6,cnf,120,1500,120,12.5,2,2,2.0,2:1500,True,13.5
ms_random/ms_random/abrame-habet/max2sat/120v,s2v120c1500-3.cnf,2d739286ef6043672b728b74e4ac944c5682a446260fc4adc2369e516afe6694,cnf,120,1500,120,12.5,2,2,2.0,2:1500,True,13.5
ms_random/ms_random/abrame-habet/max2sat/120v,s2v120c1600-1.cnf,b41349e75e73bef413dd808b6ad12f6a9896bc99462a4b177aae4559d45fa733,cnf,120,1600,120,13.333,2,2,2.0,2:1600,True,14.4
ms_random/ms_random/abrame-habet/max2sat/120v,s2v120c1600-2.cnf,5426d63dcc397d9db593a8b2bfa495befc3b0c39edf1a4238fee1bab9cd3684f,cnf,120,1600,120,13.333,2,2,2.0,2:1600,True,14.4
ms_random/ms_random/abrame-habet/max2sat/120v,s2v120c1600-3.cnf,c0158d1db6993bd8c3167f07e5676d5728679f5488fc269dc732f3d311ebd342,cnf,120,1600,120,13.333,2,2,2.0,2:1600,True,14.4
ms_random/ms_random/abrame-habet/max2sat/120v,s2v120c1700-1.cnf,a330206da4a9c48de21cd5fba036b3c5829913121ac658ff80d335a9759483f1,cnf,120,1700,120,14.167,2,2,2.0,2:1700,True,15.3
ms_random/ms_random/abrame-habet/max2sat/120v,s2v120c1700-2.cnf,e718a45a89958ecd03b2d6db7ef6a362cd2219c359669ad88a84a453e7850bc1,cnf,120,1700,120,14.167,2,2,2.0,2:1700,True,15.3
ms_random/ms_random/abrame-habet/max2sat/120v,s2v120c1700-3.cnf,21ff5fa79f4cd14718c4440ee4e336e6a9ececd497e0cc0d3f0365f8fed2e887,cnf,120,1700,120,14.167,2,2,2.0,2:1700,True,15.3
ms_random/ms_random/abrame-habet/max2sat/120v,s2v120c1800-1.cnf,d05c657826ec06b64dfb4494fac4b0039f011a917ece8cea25a39708359b9f88,cnf,120,1800,120,15.0,2,2,2.0,2:1800,True,16.2
ms_random/ms_random/abrame-habet/max2sat/120v,s2v120c1800-2.cnf,d0985ce254cd0b4ba04ad1cbe860043155767f56734436aaeeb9513372bf3d32,cnf,120,1800,120,15.0,2,2,2.0,2:1800,True,16.2
ms_random/ms_random/abrame-habet/max2sat/120v,s2v120c1800-3.cnf,164de0741462ac8613b9339a0e1f674a90f5b76d2fb44d983d2a21babecdc55c,cnf,120,1800,120,15.0,2,2,2.0,2:1800,True,16.2
ms_random/ms_random/abrame-habet/max2sat/120v,s2v120c1900-1.cnf,7195cc6113715c7a847015bd728e951708af6e3961f019f2253081b442b5c991,cnf,120,1900,120,15.833,2,2,2.0,2:1900,True,17.1
ms_random/ms_random/abrame-habet/max2sat/120v,s2v120c1900-2.cnf,efa2debe9433721c9c3c9c4bd9b899e41c708e8bdbc7b50a1a51728138487a9f,cnf,120,1900,120,15.833,2,2,2.0,2:1900,True,17.1
ms_random/ms_random/abrame-habet/max2sat/120v,s2v120c1900-3.cnf,1887f0493ea6cea88f73b3827f11ad077da68b3eb5a847317d3c924b45e904b7,cnf,120,1900,120,15.833,2,2,2.0,2:1900,True,17.1
ms_random/ms_random/abrame-habet/max2sat/120v,s2v120c2000-1.cnf,8dd93b0202688b23260c85687fb8575bdb90b9f54f6607b2b17d6da11d47c538,cnf,120,2000,120,16.667,2,2,2.0,2:2000,True,18.1
ms_random/ms_random/abrame-habet/max2sat/120v,s2v120c2000-2.cnf,ead3397fac6c0e3294c1b985c426f06ef138bee44083102b972dc115868d794b,cnf,120,2000,120,16.667,2,2,2.0,2:2000,True,18.1
ms_random/ms_random/abrame-habet/max2sat/120v,s2v120c2000-3.cnf,58a4568abb7ccc389c6e61e0aa26575ec2a747573021a88f9750f0fe7a845ce7,cnf,120,2000,120,16.667,2,2,2.0,2:2000,True,18.0
ms_random/ms_random/abrame-habet/max2sat/120v,s2v120c2100-1.cnf,2ad7f4029fb1b26757112736b101e258643257016be12dd005b01115b5456c7c,cnf,120,2100,120,17.5,2,2,2.0,2:2100,True,19.0
ms_random/ms_random/abrame-habet/max2sat/120v,s2v120c2100-2.cnf,5f07c7a72bbf788996efa5f61f6f3135f858f2eda7a930845ef34bc03c54f3ab,cnf,120,2100,120,17.5,2,2,2.0,2:2100,True,19.0
ms_random/ms_random/abrame-habet/max2sat/120v,s2v120c2100-3.cnf,fd8d844fe335de4a00cb2c68fbeae9ee3abd605086ed9a6032c89e96a4b72893,cnf,120,2100,120,17.5,2,2,2.0,2:2100,True,18.9
ms_random/ms_random/abrame-habet/max2sat/120v,s2v120c2200-1.cnf,344f3a2240b58fbbd6e1780577568637f8ba212d2b4f69ec738836ad7bfee750,cnf,120,2200,120,18.333,2,2,2.0,2:2200,True,19.8
ms_random/ms_random/abrame-habet/max2sat/120v,s2v120c2200-2.cnf,5b772f48ef8b471a674d85f97c8894aaf46e7b0487fd3e1500085851cc13cd82,cnf,120,2200,120,18.333,2,2,2.0,2:2200,True,19.8
ms_random/ms_random/abrame-habet/max2sat/120v,s2v120c2200-3.cnf,58ad0c83a59ae8514cca2e1918e4a508b09f3d1602be0efdff3c789c3fdb994b,cnf,120,2200,120,18.333,2,2,2.0,2:2200,True,19.9
ms_random/ms_random/abrame-habet/max2sat/120v,s2v120c2300-1.cnf,09bfd9a34e075bad38c0ecbda4ba7f09cb1ef4b8765c5b551dee364af7453c22,cnf,120,2300,120,19.167,2,2,2.0,2:2300,True,20.7
ms_random/ms_random/abrame-habet/max2sat/120v,s2v120c2300-2.cnf,b559ff63c194cd94fc68a88f7d4c03d34d4aee9b0ca15e77f405a2a927fb8b5d,cnf,120,2300,120,19.167,2,2,2.0,2:2300,True,20.8
ms_random/ms_random/abrame-habet/max2sat/120v,s2v120c2300-3.cnf,ee7066746392c7c5b4f651bf14c4e32d20f76b78c75acd32164abd575afc40a2,cnf,120,2300,120,19.167,2,2,2.0,2:2300,True,20.8
ms_random/ms_random/abrame-habet/max2sat/120v,s2v120c2400-1.cnf,f080220ee195b38d961cb02b14d59e78401ed96c5cdfb7355ee8e709fc813904,cnf,120,2400,120,20.0,2,2,2.0,2:2400,True,21.7
ms_random/ms_random/abrame-habet/max2sat/120v,s2v120c2400-2.cnf,84a6bafd4b34ea21c7dc92c7f83206fc493f3a26bc950b7c063777e9c38ee5d9,cnf,120,2400,120,20.0,2,2,2.0,2:2400,True,21.6
ms_random/ms_random/abrame-habet/max2sat/120v,s2v120c2400-3.cnf,650cf2691e59b59f1240d4798b44afacea6ced8f817ed5a0b2f02c8167004589,cnf,120,2400,120,20.0,2,2,2.0,2:2400,True,21.6
ms_random/ms_random/abrame-habet/max2sat/120v,s2v120c2500-1.cnf,d2670792eab99b29daf3df3ef2f51666fb678d211bbc7f22040d27c64a17bfe7,cnf,120,2500,120,20.833,2,2,2.0,2:2500,True,22.6
ms_random/ms_random/abrame-habet/max2sat/120v,s2v120c2500-2.cnf,0cf849687d5ef82c628265f55e5f9260aecab3ad5e46f8064f1ad8ecae22833e,cnf,120,2500,120,20.833,2,2,2.0,2:2500,True,22.4
ms_random/ms_random/abrame-habet/max2sat/120v,s2v120c2500-3.cnf,31217588d0a10a13028600a1d6d37c2f3df4bb6299407f819381b12657601d7a,cnf,120,2500,120,20.833,2,2,2.0,2:2500,True,22.4
ms_random/ms_random/abrame-habet/max2sat/120v,s2v120c2600-1.cnf,4d1cc148b230711179d18f0005533b3e4928245664506d652c97a5fbd7afd402,cnf,120,2600,120,21.667,2,2,2.0,2:2600,True,23.4
ms_random/ms_random/abrame-habet/max2sat/120v,s2v120c2600-2.cnf,e1fd79a278d63f9815c92166cf71371f0358469d67d0ff7f086b70565b2b65d3,cnf,120,2600,120,21.667,2,2,2.0,2:2600,True,23.4
ms_random/ms_random/abrame-habet/max2sat/120v,s2v120c2600-3.cnf,d2c9e3daf8482e7b483df3d700ff0774863c75fc9b4d97a5c7bfa62acb41e684,cnf,120,2600,120,21.667,2,2,2.0,2:2600,True,23.4
ms_random/ms_random/abrame-habet/max2sat/140v,s2v140c1200-1.cnf,b261a9961c3819153b72fbe8033ce68c4d2f84285f1c9abe0e913cbb1da769c8,cnf,140,1200,140,8.571,2,2,2.0,2:1200,True,11.1
ms_random/ms_random/abrame-habet/max2sat/140v,s2v140c1200-2.cnf,f79892f2102b58508b22ebdc8f35230858821af8529d60608b49cfa19b3fafd9,cnf,140,1200,140,8.571,2,2,2.0,2:1200,True,11.1
ms_random/ms_random/abrame-habet/max2sat/140v,s2v140c1200-3.cnf,41dc8cae7616c9c072bd410dee2dcfe8525f310bee389e5fc47b22e854708509,cnf,140,1200,140,8.571,2,2,2.0,2:1200,True,11.1
ms_random/ms_random/abrame-habet/max2sat/140v,s2v140c1300-1.cnf,6037fa67ab7520bd1a28c1357ddb3436e35c0588470bbbcf634d1cd947f994da,cnf,140,1300,140,9.286,2,2,2.0,2:1300,True,12.1
ms_random/ms_random/abrame-habet/max2sat/140v,s2v140c1300-2.cnf,f04e64a1cd8ab9f5e1bd5af8ae7531b424ee33755682379bcce6bd2caad74cd5,cnf,140,1300,140,9.286,2,2,2.0,2:1300,True,12.0
ms_random/ms_random/abrame-habet/max2sat/140v,s2v140c1300-3.cnf,251a54098d80cda185e4ec13cb87d33e4105d8953e439362167c69028f0fa5ba,cnf,140,1300,140,9.286,2,2,2.0,2:1300,True,12.0
ms_random/ms_random/abrame-habet/max2sat/140v,s2v140c1400-1.cnf,7a8012f7a2fcb2353acb771565573389504c91fc410b546f78ded7940cd6db8e,cnf,140,1400,140,10.0,2,2,2.0,2:1400,True,13.0
ms_random/ms_random/abrame-habet/max2sat/140v,s2v140c1400-2.cnf,80ff2bcddebe73bfe3242f52099d798d6e092eca76e1735d8dac5b0c7aaf1087,cnf,140,1400,140,10.0,2,2,2.0,2:1400,True,12.9
ms_random/ms_random/abrame-habet/max2sat/140v,s2v140c1400-3.cnf,45ba721242b9648e1e01a34b940a6958575f477fd39614e2949dbf0fc177575a,cnf,140,1400,140,10.0,2,2,2.0,2:1400,True,12.9
ms_random/ms_random/abrame-habet/max2sat/140v,s2v140c1500-1.cnf,8838c69867f878a80093d65a9d42d782bc2f1cef4cb71b979dd4cfe90db213bc,cnf,140,1500,140,10.714,2,2,2.0,2:1500,True,13.9
ms_random/ms_random/abrame-habet/max2sat/140v,s2v140c1500-2.cnf,46bc2561a039eb302123d13eee69fbfedb56c98bcba4dd641cb3f44ef5548827,cnf,140,1500,140,10.714,2,2,2.0,2:1500,True,13.8
ms_random/ms_random/abrame-habet/max2sat/140v,s2v140c1500-3.cnf,d722d685a32b9f78b5981ff8b022c82e3394f5066431c6a2c258732236b62f26,cnf,140,1500,140,10.714,2,2,2.0,2:1500,True,13.9
ms_random/ms_random/abrame-habet/max2sat/140v,s2v140c1600-1.cnf,5f878118f839370beecb394ae6660ae7c028f17aeb6c5a7fe574e2c36c1f43bb,cnf,140,1600,140,11.429,2,2,2.0,2:1600,True,14.8
ms_random/ms_random/abrame-habet/max2sat/140v,s2v140c1600-2.cnf,beebea6cd8281f72cd4a116c401854dcc66bd2271ba035522ec04a66fb7e7e86,cnf,140,1600,140,11.429,2,2,2.0,2:1600,True,14.8
ms_random/ms_random/abrame-habet/max2sat/140v,s2v140c1600-3.cnf,b262232d732286964f78b29339eb8ba4a42bd23b38d7303a01114559cb40696e,cnf,140,1600,140,11.429,2,2,2.0,2:1600,True,14.8
ms_random/ms_random/abrame-habet/max2sat/140v,s2v140c1700-1.cnf,8f831ff9e1155a00fbf75d6e2a1eff6a656db4eafd5b0e3f7419183f35b9daf2,cnf,140,1700,140,12.143,2,2,2.0,2:1700,True,15.8
ms_random/ms_random/abrame-habet/max2sat/140v,s2v140c1700-2.cnf,b3a7d698d0dd88d81d95103bcc2d71ac15b36147cbeab88d1a527f4ccfb358c7,cnf,140,1700,140,12.143,2,2,2.0,2:1700,True,15.7
ms_random/ms_random/abrame-habet/max2sat/140v,s2v140c1700-3.cnf,9cc09571281809d3b56fd12575c0024916e903cf3199ab0f89cc8506c691bbb1,cnf,140,1700,140,12.143,2,2,2.0,2:1700,True,15.7
ms_random/ms_random/abrame-habet/max2sat/140v,s2v140c1800-1.cnf,ce1db84a6b62e2bdc4f8b4a0eee97ce1a8da8ae62edc14deea3e800a75266254,cnf,140,1800,140,12.857,2,2,2.0,2:1800,True,16.7
ms_random/ms_random/abrame-habet/max2sat/140v,s2v140c1800-2.cnf,264a3b180a6e3597eed34965f535ddaa9417ee1b7aa1ba2818b83402579d80b4,cnf,140,1800,140,12.857,2,2,2.0,2:1800,True,16.6
ms_random/ms_random/abrame-habet/max2sat/140v,s2v140c1800-3.cnf,b32743a3ecb722a29da06852bc2f9a287243ee8514e88cd625b1a4fb9b9e70dc,cnf,140,1800,140,12.857,2,2,2.0,2:1800,True,16.7
ms_random/ms_random/abrame-habet/max2sat/140v,s2v140c1900-1.cnf,19d896c8960462da8c610a264e37d932f79c92319c505f872e1cfbd85fcd0a44,cnf,140,1900,140,13.571,2,2,2.0,2:1900,True,17.6
ms_random/ms_random/abrame-habet/max2sat/140v,s2v140c1900-2.cnf,f925b6c7ae448f0448393f6aecf8af9d3ffba68479f2ed4b885a866a8e9f0106,cnf,140,1900,140,13.571,2,2,2.0,2:1900,True,17.6
ms_random/ms_random/abrame-habet/max2sat/140v,s2v140c1900-3.cnf,a1cd49bb720294aacde94b6ccbeab680e44a42dde7aa6b706179d36090f9a0e0,cnf,140,1900,140,13.571,2,2,2.0,2:1900,True,17.6
ms_random/ms_random/abrame-habet/max2sat/140v,s2v140c2000-1.cnf,e8be3ba52e75f5defe00432deb260f1d3b52999e24a6d4646592952d57073faf,cnf,140,2000,140,14.286,2,2,2.0,2:2000,True,18.4
ms_random/ms_random/abrame-habet/max2sat/140v,s2v140c2000-2.cnf,76e6e62e9f157af8300034050be303e8eb1d92700f4edf57a44a6b51c0544948,cnf,140,2000,140,14.286,2,2,2.0,2:2000,True,18.5
ms_random/ms_random/abrame-habet/max2sat/140v,s2v140c2000-3.cnf,f8a3eb4d15646e98dff0b5cca90e91f1bd677fae1119efa8c8852331fb47e4c3,cnf,140,2000,140,14.286,2,2,2.0,2:2000,True,18.5
ms_random/ms_random/abrame-habet/max2sat/140v,s2v140c2100-1.cnf,0301a14940d6bf0e4bfd45d71fa0a616c067fec33ce53e6486e0231f26c2db03,cnf,140,2100,140,15.0,2,2,2.0,2:2100,True,19.4
ms_random/ms_random/abrame-habet/max2sat/140v,s2v140c2100-2.cnf,d0eb109cbb8bfb1ee503b3d11cbf29bc3db7882c1592bf370a898f429b624b2e,cnf,140,2100,140,15.0,2,2,2.0,2:2100,True,19.3
ms_random/ms_random/abrame-habet/max2sat/140v,s2v140c2100-3.cnf,8b1f18123185f9d0c12b30aae716760583a8c40ec6d51936f29e6613aafcf49f,cnf,140,2100,140,15.0,2,2,2.0,2:2100,True,19.5
ms_random/ms_random/abrame-habet/max2sat/140v,s2v140c2200-1.cnf,d129b840a2ae33a2f43e1512e105f4cbdedb094c9a3099311a90a3c0cad5948a,cnf,140,2200,140,15.714,2,2,2.0,2:2200,True,20.3
ms_random/ms_random/abrame-habet/max2sat/140v,s2v140c2200-2.cnf,fe441e0f75c931078b9f1a022af9e101682f71d48f9f343cf7f6c485efbca7e8,cnf,140,2200,140,15.714,2,2,2.0,2:2200,True,20.4
ms_random/ms_random/abrame-habet/max2sat/140v,s2v140c2200-3.cnf,2640b570748e3cd07d5ab3bad59e13f0a5c9b84bf748bab4b32c1e7c90ab86b1,cnf,140,2200,140,15.714,2,2,2.0,2:2200,True,20.5
ms_random/ms_random/abrame-habet/max2sat/140v,s2v140c2300-1.cnf,77e1d6770551fd431cfa0959414d14f122af02d2946cc7423bb52aa5af7adcc1,cnf,140,2300,140,16.429,2,2,2.0,2:2300,True,21.3
ms_random/ms_random/abrame-habet/max2sat/140v,s2v140c2300-2.cnf,4b910f95d1b58309094c5803a02997870f6a09f844da7afa61b75c78a4d15e98,cnf,140,2300,140,16.429,2,2,2.0,2:2300,True,21.2
ms_random/ms_random/abrame-habet/max2sat/140v,s2v140c2300-3.cnf,a6ca28dadc915b32c7ab6b0305ce6a491c090ba568250df98062f2b87ebffc7d,cnf,140,2300,140,16.429,2,2,2.0,2:2300,True,21.3
ms_random/ms_random/abrame-habet/max2sat/140v,s2v140c2400-1.cnf,2e1dfdf4d4d2716b3bd3f0f5e9ddeee4613b625e239129e423b1ac39df4ad803,cnf,140,2400,140,17.143,2,2,2.0,2:2400,True,22.2
ms_random/ms_random/abrame-habet/max2sat/140v,s2v140c2400-2.cnf,2e357c2d92b73cb30442739cba1e73745f2b323d904b4fee81800c7f93dd6a28,cnf,140,2400,140,17.143,2,2,2.0,2:2400,True,22.2
ms_random/ms_random/abrame-habet/max2sat/140v,s2v140c2400-3.cnf,17438e027285efd709a4962eb492b010a3978c67bf08c559b6b119485ded567c,cnf,140,2400,140,17.143,2,2,2.0,2:2400,True,22.2
ms_random/ms_random/abrame-habet/max2sat/140v,s2v140c2500-1.cnf,76927b666c43d690a13128ccbc6e3c3dd970430414759cb88ad91599989da6fc,cnf,140,2500,140,17.857,2,2,2.0,2:2500,True,23.2
ms_random/ms_random/abrame-habet/max2sat/140v,s2v140c2500-2.cnf,626fb38f91cddc2176f969cb30107df58bd06524379febdc6289e6f84d5cae7c,cnf,140,2500,140,17.857,2,2,2.0,2:2500,True,23.1
ms_random/ms_random/abrame-habet/max2sat/140v,s2v140c2500-3.cnf,240b611eeac3c5f962f07dac2bc3206c3b90f7bcd0a4c502fab9e9978d073ec2,cnf,140,2500,140,17.857,2,2,2.0,2:2500,True,23.1
ms_random/ms_random/abrame-habet/max2sat/140v,s2v140c2600-1.cnf,c63f8700cd1470894207acb351c2ca6289f3f781c9aa3b373233cc2bf5ef7b14,cnf,140,2600,140,18.571,2,2,2.0,2:2600,True,24.1
ms_random/ms_random/abrame-habet/max2sat/140v,s2v140c2600-2.cnf,b1584ae5ebd272770a5bcf19212eb815d9483bce9402c1de7a3d7886012ffd59,cnf,140,2600,140,18.571,2,2,2.0,2:2600,True,24.1
ms_random/ms_random/abrame-habet/max2sat/140v,s2v140c2600-3.cnf,e8adc869261d729f36682371402f555078e453ebae80bccc23ccacc45782d91d,cnf,140,2600,140,18.571,2,2,2.0,2:2600,True,24.0
ms_random/ms_random/abrame-habet/max2sat/160v,s2v160c1200-1.cnf,a783ac7ebe2d8109f2f6d7690a8141441b0a56b3ac9891e0ae1b15c4541f1839,cnf,160,1200,160,7.5,2,2,2.0,2:1200,True,11.4
ms_random/ms_random/abrame-habet/max2sat/160v,s2v160c1200-2.cnf,75bf7bd97df82264d980fee28f9220a3cc623789bb847f15524dbe4d34464e89,cnf,160,1200,160,7.5,2,2,2.0,2:1200,True,11.3
ms_random/ms_random/abrame-habet/max2sat/160v,s2v160c1200-3.cnf,b764a2f7bc774e8e88cd478da8fa353d6abe2cc11ad3a81830f4420c703d2707,cnf,160,1200,160,7.5,2,2,2.0,2:1200,True,11.3
ms_random/ms_random/abrame-habet/max2sat/160v,s2v160c1300-1.cnf,b98aa41b36801e4e0af023731c6d92a1e1b4a42ce19941dc1cb37adf99ff6a12,cnf,160,1300,160,8.125,2,2,2.0,2:1300,True,12.3
ms_random/ms_random/abrame-habet/max2sat/160v,s2v160c1300-2.cnf,9b5eff739847423c6d8586738418f5ec5af5031e053ca740daf541f8af4961de,cnf,160,1300,160,8.125,2,2,2.0,2:1300,True,12.3
ms_random/ms_random/abrame-habet/max2sat/160v,s2v160c1300-3.cnf,f944e74d1937091fe4e4f0aa9933a30e911a48c108f87c0a7eff80d6022ca4ca,cnf,160,1300,160,8.125,2,2,2.0,2:1300,True,12.3
ms_random/ms_random/abrame-habet/max2sat/160v,s2v160c1400-1.cnf,a6d4fb1a6452f8cc377ef21b7204989fef924423fc23892052d9c279bf220b01,cnf,160,1400,160,8.75,2,2,2.0,2:1400,True,13.2
ms_random/ms_random/abrame-habet/max2sat/160v,s2v160c1400-2.cnf,e769174500bef95157aed1e71c3577219b83a32c5065930d583f131d69bb6ff5,cnf,160,1400,160,8.75,2,2,2.0,2:1400,True,13.3
ms_random/ms_random/abrame-habet/max2sat/160v,s2v160c1400-3.cnf,8e7cc44e0c0313db57f45c9a13f1afacb8b66d78dc472b843c2c0762b0ab15c6,cnf,160,1400,160,8.75,2,2,2.0,2:1400,True,13.3
ms_random/ms_random/abrame-habet/max2sat/160v,s2v160c1500-1.cnf,caf70838b22f20321ac7bf554161cc6ce46d255f07c617842cbd9949b819a387,cnf,160,1500,160,9.375,2,2,2.0,2:1500,True,14.2
ms_random/ms_random/abrame-habet/max2sat/160v,s2v160c1500-2.cnf,a8e705601aca0640beac70a3d44085bb1c7132c1eb105cd4c506c1f843cc86ea,cnf,160,1500,160,9.375,2,2,2.0,2:1500,True,14.2
ms_random/ms_random/abrame-habet/max2sat/160v,s2v160c1500-3.cnf,cc2f68369fd8dda93528e750af9f61d4f9380b8fbd74b1654d7f5cc8406d4746,cnf,160,1500,160,9.375,2,2,2.0,2:1500,True,14.2
ms_random/ms_random/abrame-habet/max2sat/160v,s2v160c1600-1.cnf,bc9742c4134420a9373a549cd9eca8cf1f8000ad1035e8891a966c1c3e40a5db,cnf,160,1600,160,10.0,2,2,2.0,2:1600,True,15.1
ms_random/ms_random/abrame-habet/max2sat/160v,s2v160c1600-2.cnf,8321bec3607d637680a2eadf2b12d645f68f031538f72870e82b5db72bb4bbe8,cnf,160,1600,160,10.0,2,2,2.0,2:1600,True,15.1
ms_random/ms_random/abrame-habet/max2sat/160v,s2v160c1600-3.cnf,aff3ad69f6d9a076ed11d67995ec01cd54a9b2fabb6ff7e9241ea269cb4cbbb1,cnf,160,1600,160,10.0,2,2,2.0,2:1600,True,15.1
ms_random/ms_random/abrame-habet/max2sat/160v,s2v160c1700-1.cnf,3e90f46e3653a4dd5c09c190a978d3e035a2ea7d6be5336f641033c77d34f9e7,cnf,160,1700,160,10.625,2,2,2.0,2:1700,True,16.1
ms_random/ms_random/abrame-habet/max2sat/160v,s2v160c1700-2.cnf,0a834180617cd73e07cecf7d00528979270148087b59fbcd842b9bbc1b9bb605,cnf,160,1700,160,10.625,2,2,2.0,2:1700,True,16.0
ms_random/ms_random/abrame-habet/max2sat/160v,s2v160c1700-3.cnf,a56458eade63f433ce1476737f853708d75e728af317b1924c730508e929611e,cnf,160,1700,160,10.625,2,2,2.0,2:1700,True,16.1
ms_random/ms_random/abrame-habet/max2sat/160v,s2v160c1800-1.cnf,a98d540b9e3983b09d96ed869f2cba8053253eb19e45f4452253b4be2c5f4b20,cnf,160,1800,160,11.25,2,2,2.0,2:1800,True,17.0
ms_random/ms_random/abrame-habet/max2sat/160v,s2v160c1800-2.cnf,2126498b75d4d2f91a7c12bd9d4bd97b6647da89c2ea0845ae8f570a41e52b63,cnf,160,1800,160,11.25,2,2,2.0,2:1800,True,16.9
ms_random/ms_random/abrame-habet/max2sat/160v,s2v160c1800-3.cnf,39d05e0bc104e70aa7a9a316786cbb804a2f7fe71d308f6442584933f010510c,cnf,160,1800,160,11.25,2,2,2.0,2:1800,True,17.0
ms_random/ms_random/abrame-habet/max2sat/160v,s2v160c1900-1.cnf,d2e303795123958595a3a73fbfccd95c06152c9fa15522bdf4bff9af9879303c,cnf,160,1900,160,11.875,2,2,2.0,2:1900,True,18.0
ms_random/ms_random/abrame-habet/max2sat/160v,s2v160c1900-2.cnf,641b1b3b3386ba0c67883537e8f93a5377676445d2ec9c5f2d7cb3e253319985,cnf,160,1900,160,11.875,2,2,2.0,2:1900,True,18.0
ms_random/ms_random/abrame-habet/max2sat/160v,s2v160c1900-3.cnf,ee7f480fd550c168983a47a35ce7f358258878a24343576c8bcd37843d9e469e,cnf,160,1900,160,11.875,2,2,2.0,2:1900,True,17.9
ms_random/ms_random/abrame-habet/max2sat/160v,s2v160c2000-1.cnf,2e2440e355f9dde82e7e876e2ec44367297ab11d0176c97f29af51eb6af35f83,cnf,160,2000,160,12.5,2,2,2.0,2:2000,True,18.8
ms_random/ms_random/abrame-habet/max2sat/160v,s2v160c2000-2.cnf,c6577e26261156055e644d87489f95d3cee407fb7db2ffdb1f51a1a8565f83d7,cnf,160,2000,160,12.5,2,2,2.0,2:2000,True,18.9
ms_random/ms_random/abrame-habet/max2sat/160v,s2v160c2000-3.cnf,baa8beabc2c25f9dc775402bf44b4ae5179acadbb8ee128b6c37680caf85dc1f,cnf,160,2000,160,12.5,2,2,2.0,2:2000,True,18.8
ms_random/ms_random/abrame-habet/max2sat/160v,s2v160c2100-1.cnf,2181c15f59c17e1f10ff4e06b272df99d5661d2ed6440398f33200d6a8015df7,cnf,160,2100,160,13.125,2,2,2.0,2:2100,True,19.8
ms_random/ms_random/abrame-habet/max2sat/160v,s2v160c2100-2.cnf,c9d36f3ca5c309fed7ad936ccef3defdae7bfe3d4e7d35571ea3b364ca604680,cnf,160,2100,160,13.125,2,2,2.0,2:2100,True,19.9
ms_random/ms_random/abrame-habet/max2sat/160v,s2v160c2100-3.cnf,6c202b1e09e8d89d84d000ccf86944e1c4bdddf9598f41a833ce5d5d29e3df10,cnf,160,2100,160,13.125,2,2,2.0,2:2100,True,19.8
ms_random/ms_random/abrame-habet/max2sat/160v,s2v160c2200-1.cnf,8d893ffa5fb09a67c167de6284aeac862d78ef049dd124df448ab6314a08861a,cnf,160,2200,160,13.75,2,2,2.0,2:2200,True,20.8
ms_random/ms_random/abrame-habet/max2sat/160v,s2v160c2200-2.cnf,0bd2d87e3e6861b3cb5842d3a69a6a35973f660523f2275fe1e33ea0f92db0df,cnf,160,2200,160,13.75,2,2,2.0,2:2200,True,20.8
ms_random/ms_random/abrame-habet/max2sat/160v,s2v160c2200-3.cnf,cb8feb8d22c518821846dae694748190d0c71e252769e3e52812144d9b2c1450,cnf,160,2200,160,13.75,2,2,2.0,2:2200,True,20.7
ms_random/ms_random/abrame-habet/max2sat/160v,s2v160c2300-1.cnf,5936e3ac7de345eb0d2453bd17a169850b6daa67635400fd88fdf8496778bce2,cnf,160,2300,160,14.375,2,2,2.0,2:2300,True,21.7
ms_random/ms_random/abrame-habet/max2sat/160v,s2v160c2300-2.cnf,86378316469fedcafbab1fce4b358e181e1be85b2e44ed221ffde114fb3e9125,cnf,160,2300,160,14.375,2,2,2.0,2:2300,True,21.7
ms_random/ms_random/abrame-habet/max2sat/160v,s2v160c2300-3.cnf,9ec2a62767ae09a3e767d2434e90d298a901df96e3b58fa7cb202071c2207832,cnf,160,2300,160,14.375,2,2,2.0,2:2300,True,21.7
ms_random/ms_random/abrame-habet/max2sat/160v,s2v160c2400-1.cnf,122bba953c649982837609e633868095e28f95c42d284ba098953693b05699fc,cnf,160,2400,160,15.0,2,2,2.0,2:2400,True,22.6
ms_random/ms_random/abrame-habet/max2sat/160v,s2v160c2400-2.cnf,ae834226ed973254d524bb01a6b7c7cb2a0145c190e1db5766b9dd2183c98dd7,cnf,160,2400,160,15.0,2,2,2.0,2:2400,True,22.7
ms_random/ms_random/abrame-habet/max2sat/160v,s2v160c2400-3.cnf,2fb56012303bdb3a8d7bc64c4bc355203308d205c79b7d02c255b5477599060f,cnf,160,2400,160,15.0,2,2,2.0,2:2400,True,22.7
ms_random/ms_random/abrame-habet/max2sat/160v,s2v160c2500-1.cnf,96df6b415ed7e610a76cb854236f29c8cc8ddcc1381228ef371c01d08f47e523,cnf,160,2500,160,15.625,2,2,2.0,2:2500,True,23.7
ms_random/ms_random/abrame-habet/max2sat/160v,s2v160c2500-2.cnf,dad178b5a0cf0369f194f0470b201d4237deb7fadca4281ffbbf8bd1bf600049,cnf,160,2500,160,15.625,2,2,2.0,2:2500,True,23.5
ms_random/ms_random/abrame-habet/max2sat/160v,s2v160c2500-3.cnf,218e23d3e3378d80d2cbbdaaecf1415e51b3bc4daf0157718f29eee3c996101e,cnf,160,2500,160,15.625,2,2,2.0,2:2500,True,23.6
ms_random/ms_random/abrame-habet/max2sat/160v,s2v160c2600-1.cnf,71f7dedefdeb5c8ab707992011f3fcf301bb7e71d250576cf42a21a249bf8322,cnf,160,2600,160,16.25,2,2,2.0,2:2600,True,24.5
ms_random/ms_random/abrame-habet/max2sat/160v,s2v160c2600-2.cnf,f15a301c3119eddeecfd48caa39f3212bb87f91144ee9c70ab95ac9ce496f317,cnf,160,2600,160,16.25,2,2,2.0,2:2600,True,24.6
ms_random/ms_random/abrame-habet/max2sat/160v,s2v160c2600-3.cnf,886c2284b57bf91a6b7ad8db0af01f341a935849ea9e8f4b7804655d3e834c55,cnf,160,2600,160,16.25,2,2,2.0,2:2600,True,24.6
ms_random/ms_random/abrame-habet/max2sat/180v,s2v180c1200-1.cnf,2c75914b6b2760953e522e48b69af51495e67d964cbfac454a6bac93165a6e5c,cnf,180,1200,180,6.667,2,2,2.0,2:1200,True,11.5
ms_random/ms_random/abrame-habet/max2sat/180v,s2v180c1200-2.cnf,50e9eaa05807a30c96961193efb74fbf16a1e9d4fa8e444292ef766ac39e666b,cnf,180,1200,180,6.667,2,2,2.0,2:1200,True,11.5
ms_random/ms_random/abrame-habet/max2sat/180v,s2v180c1200-3.cnf,bd0373a9cba90c1139c8c8d1d292fb32fb2f88fd683e9335e68a2a5c3df26c85,cnf,180,1200,180,6.667,2,2,2.0,2:1200,True,11.6
ms_random/ms_random/abrame-habet/max2sat/180v,s2v180c1200-4.cnf,28c443e900b32e1ab35e3af440d06cc54273d0a1ac1397c1f1ac46ae04ba554d,cnf,180,1200,180,6.667,2,2,2.0,2:1200,True,11.5
ms_random/ms_random/abrame-habet/max2sat/180v,s2v180c1300-1.cnf,9c40c35e1569c7fcd4dfcf716a5aaf863fe6db70eb279f419567ff9505a2a200,cnf,180,1300,180,7.222,2,2,2.0,2:1300,True,12.5
ms_random/ms_random/abrame-habet/max2sat/180v,s2v180c1300-2.cnf,6cf706746c7cb1580caa1866ee65e8ca756ec14f7704a3973db7bb8c48613ec5,cnf,180,1300,180,7.222,2,2,2.0,2:1300,True,12.5
ms_random/ms_random/abrame-habet/max2sat/180v,s2v180c1300-3.cnf,aaa713f209caab948f23acadc559731bf075517a147c8ed7081a2dfdbab0fde4,cnf,180,1300,180,7.222,2,2,2.0,2:1300,True,12.5
ms_random/ms_random/abrame-habet/max2sat/180v,s2v180c1300-4.cnf,5644951e13f874c3e00effc3b4f25bc9039796f0756a6ef349201ccb881b0465,cnf,180,1300,180,7.222,2,2,2.0,2:1300,True,12.6
ms_random/ms_random/abrame-habet/max2sat/180v,s2v180c1400-1.cnf,1cdacbc3e919a8d65173727e12af222286c1ec3f85aa1fcf9dfb542a6db6ff9e,cnf,180,1400,180,7.778,2,2,2.0,2:1400,True,13.4
ms_random/ms_random/abrame-habet/max2sat/180v,s2v180c1400-2.cnf,8d5484b7f5f1824f2ba6fe6fbdde3bdfab5b4ec400890bf62b44ba48757a3a24,cnf,180,1400,180,7.778,2,2,2.0,2:1400,True,13.5
ms_random/ms_random/abrame-habet/max2sat/180v,s2v180c1400-3.cnf,ce396c61b69b8296bba3bd375f0f7da7651bf540b691a0bff84fc1aeb850cca4,cnf,180,1400,180,7.778,2,2,2.0,2:1400,True,13.5
ms_random/ms_random/abrame-habet/max2sat/180v,s2v180c1400-4.cnf,751847417cbc963fadc9f4c11fd84ab7ae84c17fc796c41dca4ae2946e71cb21,cnf,180,1400,180,7.778,2,2,2.0,2:1400,True,13.5
ms_random/ms_random/abrame-habet/max2sat/180v,s2v180c1500-1.cnf,53afc888fed12c7fc9eaee4529cd0c8628fb2aa9a1930d980f2cca10fc0e7e82,cnf,180,1500,180,8.333,2,2,2.0,2:1500,True,14.3
ms_random/ms_random/abrame-habet/max2sat/180v,s2v180c1500-2.cnf,694e60cf769444c45bc4eb7f6bd32483c5b575727542ba4164116bb9837f5c0b,cnf,180,1500,180,8.333,2,2,2.0,2:1500,True,14.4
ms_random/ms_random/abrame-habet/max2sat/180v,s2v180c1500-3.cnf,81c5913a496a09ad5942798b36b224fef02042fd71f901dc296026e3be7f19cf,cnf,180,1500,180,8.333,2,2,2.0,2:1500,True,14.4
ms_random/ms_random/abrame-habet/max2sat/180v,s2v180c1500-4.cnf,48538394cfe3500dceb3709d678ec524e2aa358010ff5117e75cd5ce672de139,cnf,180,1500,180,8.333,2,2,2.0,2:1500,True,14.4
ms_random/ms_random/abrame-habet/max2sat/180v,s2v180c1600-1.cnf,f1b486a29a58d829b314ecff83b7ec91c423f325f4f51ece2ad5314edd4f2519,cnf,180,1600,180,8.889,2,2,2.0,2:1600,True,15.3
ms_random/ms_random/abrame-habet/max2sat/180v,s2v180c1600-2.cnf,ca10173a32e73017cabcb0ce56b17a6ea8efd48ea6597dfa53094728d5aee400,cnf,180,1600,180,8.889,2,2,2.0,2:1600,True,15.3
ms_random/ms_random/abrame-habet/max2sat/180v,s2v180c1600-3.cnf,eb547642fd0a061d5c96e486f7b479437601c69e498775080e8fc994c3327e77,cnf,180,1600,180,8.889,2,2,2.0,2:1600,True,15.3
ms_random/ms_random/abrame-habet/max2sat/180v,s2v180c1600-4.cnf,6dce5855cd036fecc189d7a85d169ee06690e59a872c092eb62cbd51e6c7df9a,cnf,180,1600,180,8.889,2,2,2.0,2:1600,True,15.4
ms_random/ms_random/abrame-habet/max2sat/180v,s2v180c1700-1.cnf,539fe2fb6b3f68232ba27903bc57cc147bb4d20d7ebe7f0ba6d8f8fe065b49ed,cnf,180,1700,180,9.444,2,2,2.0,2:1700,True,16.3
ms_random/ms_random/abrame-habet/max2sat/180v,s2v180c1700-2.cnf,c3ecc8c41b063abb8c6dd5d28310fac23d60289e3dfbf6b40c3ef2088e78b521,cnf,180,1700,180,9.444,2,2,2.0,2:1700,True,16.4
ms_random/ms_random/abrame-habet/max2sat/180v,s2v180c1700-3.cnf,abca2ef47d3bd67c484bb36e37a9bf8aca4b4842f6dfa235cf38e1c43ea2cdc4,cnf,180,1700,180,9.444,2,2,2.0,2:1700,True,16.4
ms_random/ms_random/abrame-habet/max2sat/180v,s2v180c1700-4.cnf,f269fd1a4550574b9fd295fab8e98306c72f565b2af4883ebd4ca4b6cc4acf73,cnf,180,1700,180,9.444,2,2,2.0,2:1700,True,16.3
ms_random/ms_random/abrame-habet/max2sat/180v,s2v180c1800-1.cnf,7a22721973ff5c5b4984f36d41d2521457eb60e3fe55f2d835a65b06991d6dd7,cnf,180,1800,180,10.0,2,2,2.0,2:1800,True,17.4
ms_random/ms_random/abrame-habet/max2sat/180v,s2v180c1800-2.cnf,b214bc0c8f42fc08fccb9cc3264bd05e2d72f306ec4685e692b2a6f948f21037,cnf,180,1800,180,10.0,2,2,2.0,2:1800,True,17.3
ms_random/ms_random/abrame-habet/max2sat/180v,s2v180c1800-3.cnf,a35ec59255b60f5f0cf3bf202e7a905db2c7e2beb1594d29cd2d0d2c0ea809c2,cnf,180,1800,180,10.0,2,2,2.0,2:1800,True,17.2
ms_random/ms_random/abrame-habet/max2sat/180v,s2v180c1800-4.cnf,63ceb8db2f1caa1cef08e6a9072518cfaf70a4d071fbb9dfd20b184d796df18b,cnf,180,1800,180,10.0,2,2,2.0,2:1800,True,17.2
ms_random/ms_random/abrame-habet/max2sat/180v,s2v180c1900-1.cnf,e7b05d8ee8f927087e55a5c70b749e72749cb95fa3f9a0999995ac98503085d2,cnf,180,1900,180,10.556,2,2,2.0,2:1900,True,18.3
ms_random/ms_random/abrame-habet/max2sat/180v,s2v180c1900-2.cnf,c778618578507b123c63aa03038bb398c647e5140596f24f167a301cc355c7dd,cnf,180,1900,180,10.556,2,2,2.0,2:1900,True,18.3
ms_random/ms_random/abrame-habet/max2sat/180v,s2v180c1900-3.cnf,334f08663a336bce42fba44461b70fc28214acb4d5388dee506cd3463970cfcf,cnf,180,1900,180,10.556,2,2,2.0,2:1900,True,18.2
ms_random/ms_random/abrame-habet/max2sat/180v,s2v180c1900-4.cnf,bcb9d2ba75978318f42dd1cb7187e454a19b592e85a2151432f2347060ad1adf,cnf,180,1900,180,10.556,2,2,2.0,2:1900,True,18.2
ms_random/ms_random/abrame-habet/max2sat/180v,s2v180c2000-1.cnf,da6c9df33d30fb2b122b02d3ba5bcd0bbddd2d2308c08c8f30ff7f8c077e4793,cnf,180,2000,180,11.111,2,2,2.0,2:2000,True,19.2
ms_random/ms_random/abrame-habet/max2sat/180v,s2v180c2000-2.cnf,bba4baecabe42de002be435dd0207a26e8826f39a1d7be612cfeb063dabb61e9,cnf,180,2000,180,11.111,2,2,2.0,2:2000,True,19.1
ms_random/ms_random/abrame-habet/max2sat/180v,s2v180c2000-3.cnf,6e1d9faf09cc133ee54aeb5dbbc9be19808d944501220b43f83782f696514cf0,cnf,180,2000,180,11.111,2,2,2.0,2:2000,True,19.2
ms_random/ms_random/abrame-habet/max2sat/180v,s2v180c2000-4.cnf,87c8509b2857f679c5134816a5555f07114cec3f377e2ea75e00a59487f88bcb,cnf,180,2000,180,11.111,2,2,2.0,2:2000,True,19.2
ms_random/ms_random/abrame-habet/max2sat/180v,s2v180c2100-1.cnf,63a5996a3c5aece593eee51c3db17b7c886a80bb215999ac40be4a4e66dec666,cnf,180,2100,180,11.667,2,2,2.0,2:2100,True,20.1
ms_random/ms_random/abrame-habet/max2sat/180v,s2v180c2100-2.cnf,aae3119011a789b5aedc3b045a99612b001fd25ffe7326a720914633bba56aac,cnf,180,2100,180,11.667,2,2,2.0,2:2100,True,20.2
ms_random/ms_random/abrame-habet/max2sat/180v,s2v180c2100-3.cnf,4d003efa1208674a931811bdd8d61144bd992ad1ec4fc30f406eb9d4f0b561c6,cnf,180,2100,180,11.667,2,2,2.0,2:2100,True,20.2
ms_random/ms_random/abrame-habet/max2sat/180v,s2v180c2100-4.cnf,bee4e90249a92c989acb4d4ade4de71fcc93ababe1b42cb9dba43a0b7849050c,cnf,180,2100,180,11.667,2,2,2.0,2:2100,True,20.2
ms_random/ms_random/abrame-habet/max2sat/180v,s2v180c2200-1.cnf,3a7ccdcb044a31c478d94411be0fc8562c9ee5317cb5f9722c86a95d9ab81da4,cnf,180,2200,180,12.222,2,2,2.0,2:2200,True,21.1
ms_random/ms_random/abrame-habet/max2sat/180v,s2v180c2200-2.cnf,807670457e0c8976327139511c3b53e1c94cc8365099512df4778d22ac943a0d,cnf,180,2200,180,12.222,2,2,2.0,2:2200,True,21.1
ms_random/ms_random/abrame-habet/max2sat/180v,s2v180c2200-3.cnf,4a3f15cd8817d0163caf6f933e5c69067808e05c528a8e6dbad1e66b1756d6b1,cnf,180,2200,180,12.222,2,2,2.0,2:2200,True,21.1
ms_random/ms_random/abrame-habet/max2sat/180v,s2v180c2200-4.cnf,b8640ef0e09870d2b300085d8470a5f912cc6056ccef9de74e654caedf9f8c40,cnf,180,2200,180,12.222,2,2,2.0,2:2200,True,21.1
ms_random/ms_random/abrame-habet/max2sat/200v,s2v200c1200-1.cnf,0e6ff22a5bf60fdbbfdb7dc0184ee61bcbff37cbfd4284c96332ae6f6045bb7e,cnf,200,1200,200,6.0,2,2,2.0,2:1200,True,11.6
ms_random/ms_random/abrame-habet/max2sat/200v,s2v200c1200-2.cnf,9cd8598e47374fcc451da0d73e792118db8635ca4083989c97e4458109a7d353,cnf,200,1200,200,6.0,2,2,2.0,2:1200,True,11.6
ms_random/ms_random/abrame-habet/max2sat/200v,s2v200c1200-3.cnf,be433fa608cee53ba3519e6e17446746007ff3b0f0768a1f92936a4a45f29de4,cnf,200,1200,200,6.0,2,2,2.0,2:1200,True,11.7
ms_random/ms_random/abrame-habet/max2sat/200v,s2v200c1200-4.cnf,d4cf5ddcda49a6ab37e7d5b0f6a8768a3cf8755b989502168a026f3365722c88,cnf,200,1200,200,6.0,2,2,2.0,2:1200,True,11.6
ms_random/ms_random/abrame-habet/max2sat/200v,s2v200c1200-5.cnf,4e47246ade72ddf4164b93ca6b385446708a87a65a0f21539f99cb2df7d81f8c,cnf,200,1200,200,6.0,2,2,2.0,2:1200,True,11.7
ms_random/ms_random/abrame-habet/max2sat/200v,s2v200c1200-6.cnf,bcbefaa2b0ce2e75a83bf92253fd4ebf90194c31a343d6e2ed0ff14a61430298,cnf,200,1200,200,6.0,2,2,2.0,2:1200,True,11.7
ms_random/ms_random/abrame-habet/max2sat/200v,s2v200c1200-7.cnf,8b7a5123e8d6af23767e07b50f5c03c17f24df240a7d0c47e5cb0aeffd212b8c,cnf,200,1200,200,6.0,2,2,2.0,2:1200,True,11.7
ms_random/ms_random/abrame-habet/max2sat/200v,s2v200c1300-1.cnf,96565f808fc367b737627ae6abfd85cc678cf0dd81df54cec5fac87dcab1f57c,cnf,200,1300,200,6.5,2,2,2.0,2:1300,True,12.7
ms_random/ms_random/abrame-habet/max2sat/200v,s2v200c1300-2.cnf,f2a53d8521ea6e640566833119cd64f35875b3bdf1a651f0a99feec5f759a357,cnf,200,1300,200,6.5,2,2,2.0,2:1300,True,12.7
ms_random/ms_random/abrame-habet/max2sat/200v,s2v200c1300-3.cnf,824cfab58f9de59300eca3452a3bd2d9b8aae7c2a5d1023eb967b2cfaf8f3d1a,cnf,200,1300,200,6.5,2,2,2.0,2:1300,True,12.6
ms_random/ms_random/abrame-habet/max2sat/200v,s2v200c1300-4.cnf,7e258b1d2555dd7a8bb71187c17348d9d656d46e66fd9eeb6b30545905049d34,cnf,200,1300,200,6.5,2,2,2.0,2:1300,True,12.6
ms_random/ms_random/abrame-habet/max2sat/200v,s2v200c1300-5.cnf,053c4da2b66e41f7aaaafb85b87a41af573d5258da41d799ba4933ae2783931a,cnf,200,1300,200,6.5,2,2,2.0,2:1300,True,12.6
ms_random/ms_random/abrame-habet/max2sat/200v,s2v200c1300-6.cnf,85f5ce71705a51da404f112570b031f3db3bef386e5d7d37908828cb0859cd55,cnf,200,1300,200,6.5,2,2,2.0,2:1300,True,12.7
ms_random/ms_random/abrame-habet/max2sat/200v,s2v200c1300-7.cnf,298a470c31edf2c79fbdfade908704046466e26ba1a6ea6abd5d2e5df3449750,cnf,200,1300,200,6.5,2,2,2.0,2:1300,True,12.7
ms_random/ms_random/abrame-habet/max2sat/200v,s2v200c1400-1.cnf,2fc3307b4f082697ab77a4a1c6f15bff41aba32861e7ca9071300299f082f287,cnf,200,1400,200,7.0,2,2,2.0,2:1400,True,13.6
ms_random/ms_random/abrame-habet/max2sat/200v,s2v200c1400-2.cnf,5622e31e4d7761ae0bb50491239e057ff6d38fe49f89cdc8486779f645258d32,cnf,200,1400,200,7.0,2,2,2.0,2:1400,True,13.6
ms_random/ms_random/abrame-habet/max2sat/200v,s2v200c1400-3.cnf,1f54ceaa3c348ceaca90ce934b1dd29f48a50b9a10bad0500fdbe2f5860af0d8,cnf,200,1400,200,7.0,2,2,2.0,2:1400,True,13.6
ms_random/ms_random/abrame-habet/max2sat/200v,s2v200c1400-4.cnf,e544634c0eecbc76ea2832d40158678edebe35e214e7ff0848bb2984311c94ef,cnf,200,1400,200,7.0,2,2,2.0,2:1400,True,13.6
ms_random/ms_random/abrame-habet/max2sat/200v,s2v200c1400-5.cnf,3c7e0d13fa99738fb937cc53a283c6020637daf3868ce80056508a96d4ff6787,cnf,200,1400,200,7.0,2,2,2.0,2:1400,True,13.6
ms_random/ms_random/abrame-habet/max2sat/200v,s2v200c1400-6.cnf,d5e5179dfd907b69055d9a59255fdd705e35a6fa8844d11c64392224ae20973c,cnf,200,1400,200,7.0,2,2,2.0,2:1400,True,13.6
ms_random/ms_random/abrame-habet/max2sat/200v,s2v200c1400-7.cnf,ba7253dcc99ddbb2daeb6015a967b2619e4d92e904629cee3110c66db7b3513a,cnf,200,1400,200,7.0,2,2,2.0,2:1400,True,13.7
ms_random/ms_random/abrame-habet/max2sat/200v,s2v200c1500-1.cnf,9a7cebd5630e24b4532c0a3c4f5dce6be01cd014b0c661c62f80a6c8aa24d6a5,cnf,200,1500,200,7.5,2,2,2.0,2:1500,True,14.6
ms_random/ms_random/abrame-habet/max2sat/200v,s2v200c1500-2.cnf,aed813b3ece52f7068995af91d46e5b658085c44d755cafbf2dab18aad1a1051,cnf,200,1500,200,7.5,2,2,2.0,2:1500,True,14.6
ms_random/ms_random/abrame-habet/max2sat/200v,s2v200c1500-3.cnf,970647b37e5d598484883a938c211eb66c740d548e9e5643c307712660227b00,cnf,200,1500,200,7.5,2,2,2.0,2:1500,True,14.6
ms_random/ms_random/abrame-habet/max2sat/200v,s2v200c1500-4.cnf,e821d5ac18cc50e46c5caaee3c325ab6b03f55282c8f569f39dfff723b83eda6,cnf,200,1500,200,7.5,2,2,2.0,2:1500,True,14.6
ms_random/ms_random/abrame-habet/max2sat/200v,s2v200c1500-5.cnf,f9e4acbd8c0802ecda4114e297c5353baebc6a605f7c0406777d43aab078592e,cnf,200,1500,200,7.5,2,2,2.0,2:1500,True,14.6
ms_random/ms_random/abrame-habet/max2sat/200v,s2v200c1500-6.cnf,6f2dfd5b9e9b69f2d89b1fcfc21cff84308fa6e76df9dff03936a2e5efab9f2b,cnf,200,1500,200,7.5,2,2,2.0,2:1500,True,14.6
ms_random/ms_random/abrame-habet/max2sat/200v,s2v200c1500-7.cnf,3dbc34c73cbe788053c2b45b494b31790699814cb9195ff6a4d6f73b3200af0a,cnf,200,1500,200,7.5,2,2,2.0,2:1500,True,14.6
ms_random/ms_random/abrame-habet/max2sat/200v,s2v200c1600-1.cnf,93643d6c84a06bafba67b0e827a26d24aa15e806d709f52bbd603d6c1a72887d,cnf,200,1600,200,8.0,2,2,2.0,2:1600,True,15.6
ms_random/ms_random/abrame-habet/max2sat/200v,s2v200c1600-2.cnf,35baf48171dd6b1a9824c3b129d61ed5195ff05c2b66b141218978d2624ee062,cnf,200,1600,200,8.0,2,2,2.0,2:1600,True,15.5
ms_random/ms_random/abrame-habet/max2sat/200v,s2v200c1600-3.cnf,b559aceb7ca75472b697e88f80f584095f7c64a428e90761594eae78b38fa4f3,cnf,200,1600,200,8.0,2,2,2.0,2:1600,True,15.6
ms_random/ms_random/abrame-habet/max2sat/200v,s2v200c1600-4.cnf,1c969c8b136e1699eeb0e81cff5ad1bc40c8825f80e853023643495b127144c5,cnf,200,1600,200,8.0,2,2,2.0,2:1600,True,15.6
ms_random/ms_random/abrame-habet/max2sat/200v,s2v200c1600-5.cnf,5856333c3fe59121f2bcfa35e8a66fa76062a4fd32cf848dd8fd0172a98e2011,cnf,200,1600,200,8.0,2,2,2.0,2:1600,True,15.5
ms_random/ms_random/abrame-habet/max2sat/200v,s2v200c1600-6.cnf,b9c7d56a802173338700ab64aafc97cf0676f06cf64f9d3eac2bbe0c919c0707,cnf,200,1600,200,8.0,2,2,2.0,2:1600,True,15.5
ms_random/ms_random/abrame-habet/max2sat/200v,s2v200c1600-7.cnf,a4b8d87f8fdb85bdfe819944fb9b94f3a44dc52861fdace5e16c373f3050a85b,cnf,200,1600,200,8.0,2,2,2.0,2:1600,True,15.5
ms_random/ms_random/abrame-habet/max2sat/200v,s2v200c1700-1.cnf,851ecd89f169c9745a7f3a851234bcb2ea325a91514ed253f7cc510c8da9a2b8,cnf,200,1700,200,8.5,2,2,2.0,2:1700,True,16.5
ms_random/ms_random/abrame-habet/max2sat/200v,s2v200c1700-2.cnf,7bab8f80a57cf9e3b88bc15b940a4ac624a603fea9ed92740ad95b2cbb218ecf,cnf,200,1700,200,8.5,2,2,2.0,2:1700,True,16.5
ms_random/ms_random/abrame-habet/max2sat/200v,s2v200c1700-3.cnf,fa88ac0636f1b67e6d9452ac6bc80e67e3f46aafa54b6a08a9ed424a6360e0f1,cnf,200,1700,200,8.5,2,2,2.0,2:1700,True,16.5
ms_random/ms_random/abrame-habet/max2sat/200v,s2v200c1700-4.cnf,1f9611318835870c93e25df934a23555d14e7c7e18e1917c2e8c58ee493ab101,cnf,200,1700,200,8.5,2,2,2.0,2:1700,True,16.6
ms_random/ms_random/abrame-habet/max2sat/200v,s2v200c1700-5.cnf,e2155847a4400c1b7c405cbc3e0e8682a453ce69eec15865b2910416a9a87409,cnf,200,1700,200,8.5,2,2,2.0,2:1700,True,16.5
ms_random/ms_random/abrame-habet/max2sat/200v,s2v200c1700-6.cnf,a4d350b99e39328e3d376c9e6e9d8770a7956c43d90e88cace2a0398714594e8,cnf,200,1700,200,8.5,2,2,2.0,2:1700,True,16.5
ms_random/ms_random/abrame-habet/max2sat/200v,s2v200c1700-7.cnf,425578fcdd75e18a31251ef973e9a50e8eabb7aae0cabb17ced965062947b082,cnf,200,1700,200,8.5,2,2,2.0,2:1700,True,16.5
ms_random/ms_random/abrame-habet/max2sat/200v,s2v200c1800-1.cnf,950baa326b0f93faef50e355156f38354faf5341e54ef6ab535b8835822f996a,cnf,200,1800,200,9.0,2,2,2.0,2:1800,True,17.5
ms_random/ms_random/abrame-habet/max2sat/200v,s2v200c1800-2.cnf,f2bec57d6c9b1a1fe5e240757e046f97199b6d036c9d9dcf7701ccd2c51b53ca,cnf,200,1800,200,9.0,2,2,2.0,2:1800,True,17.5
ms_random/ms_random/abrame-habet/max2sat/200v,s2v200c1800-3.cnf,8bfe04437ba58c2102a057df0a36629c667ace7ae6a8354ebc6c8b98195bf333,cnf,200,1800,200,9.0,2,2,2.0,2:1800,True,17.5
ms_random/ms_random/abrame-habet/max2sat/200v,s2v200c1800-4.cnf,5468ef8f6b59b7d8e6b2559adeab99a2c54dc18d873dbd5e9d3a30ae83fe0c31,cnf,200,1800,200,9.0,2,2,2.0,2:1800,True,17.4
ms_random/ms_random/abrame-habet/max2sat/200v,s2v200c1800-5.cnf,dcfe4573bfc267bbfe6bc04f148114a5540f90398371be64b263427eea80de9d,cnf,200,1800,200,9.0,2,2,2.0,2:1800,True,17.5
ms_random/ms_random/abrame-habet/max2sat/200v,s2v200c1800-6.cnf,f791658a6e55c95cfa214e6c41d4c01ae8e10053c8988b88591686d71d015f5c,cnf,200,1800,200,9.0,2,2,2.0,2:1800,True,17.6
ms_random/ms_random/abrame-habet/max2sat/200v,s2v200c1800-7.cnf,ed5ba8b1734a15c41eda0b7302982db5d00e945ac3624862c7ad754ff56b5356,cnf,200,1800,200,9.0,2,2,2.0,2:1800,True,17.5
ms_random/ms_random/abrame-habet/max3sat/110v,s3v110c1000-1.cnf,8e692f09d3d373708763eb49e5326f7de107df73527b8cf94d48059d9b21da36,cnf,110,1000,110,9.091,3,3,3.0,3:1000,True,12.3
ms_random/ms_random/abrame-habet/max3sat/110v,s3v110c1000-10.cnf,9f3c663570c7d5bec524a188db7cef95404d79e1e93b2c1e99f9aba66234346f,cnf,110,1000,110,9.091,3,3,3.0,3:1000,True,12.3
ms_random/ms_random/abrame-habet/max3sat/110v,s3v110c1000-2.cnf,9504f8c2abe8ddc91d4c780b33c6d67c9e8fa36fcdd956d7a1a4af5fe87f35fb,cnf,110,1000,110,9.091,3,3,3.0,3:1000,True,12.4
ms_random/ms_random/abrame-habet/max3sat/110v,s3v110c1000-3.cnf,1b2ca76a3787348f46467c72903b51b605ff815c45c6715765eb2b2b0226504e,cnf,110,1000,110,9.091,3,3,3.0,3:1000,True,12.3
ms_random/ms_random/abrame-habet/max3sat/110v,s3v110c1000-4.cnf,2bfb4398632e28591f589c7550c3bcd572d313205525d2da460537a9a125d800,cnf,110,1000,110,9.091,3,3,3.0,3:1000,True,12.3
ms_random/ms_random/abrame-habet/max3sat/110v,s3v110c1000-5.cnf,446bc1eefb1b3345e3265f882d325fa3679bdfe9865e920fb242aadaddf05566,cnf,110,1000,110,9.091,3,3,3.0,3:1000,True,12.3
ms_random/ms_random/abrame-habet/max3sat/110v,s3v110c1000-6.cnf,2eb59208d6effa80f996c646888ee91748df0a7c83897520bf1665ac5cd74e41,cnf,110,1000,110,9.091,3,3,3.0,3:1000,True,12.3
ms_random/ms_random/abrame-habet/max3sat/110v,s3v110c1000-7.cnf,0d46204719fb4c9e6055a99ddfbe252093b35932a2265d81bc99b7f1032578c2,cnf,110,1000,110,9.091,3,3,3.0,3:1000,True,12.3
ms_random/ms_random/abrame-habet/max3sat/110v,s3v110c1000-8.cnf,9f47e32b06ba0fa44cc6db1d46495bc70a502a81332f1d798a6a52c82f96ca63,cnf,110,1000,110,9.091,3,3,3.0,3:1000,True,12.4
ms_random/ms_random/abrame-habet/max3sat/110v,s3v110c1000-9.cnf,136cf0e114b24f649ed1030ca999f2a23bfe6b3f44b3bdff8425ab847ad87cdf,cnf,110,1000,110,9.091,3,3,3.0,3:1000,True,12.3
ms_random/ms_random/abrame-habet/max3sat/110v,s3v110c1100-1.cnf,aec3ce6aab9fff49098a954315b9b24221d6c45b6fbc60adf03162f5bb1e8f22,cnf,110,1100,110,10.0,3,3,3.0,3:1100,True,13.5
ms_random/ms_random/abrame-habet/max3sat/110v,s3v110c1100-10.cnf,cd60eece95314d7afd6da13f2a0129bd7ca9edd9c27ab6c7c4b48d063d5ccb59,cnf,110,1100,110,10.0,3,3,3.0,3:1100,True,13.6
ms_random/ms_random/abrame-habet/max3sat/110v,s3v110c1100-2.cnf,0beaf76e4f311d4aefe37124a4215a74094300d331ae4defbc97e1863c1240ec,cnf,110,1100,110,10.0,3,3,3.0,3:1100,True,13.5
ms_random/ms_random/abrame-habet/max3sat/110v,s3v110c1100-3.cnf,4682d2911a99011052f456416c8c249a05527d9545553508fc14ba2a535eed0c,cnf,110,1100,110,10.0,3,3,3.0,3:1100,True,13.5
ms_random/ms_random/abrame-habet/max3sat/110v,s3v110c1100-4.cnf,41b5aa417bcf39dbf3b0508ac5680d298d09aa543f5903059b83d1f0d2a031c2,cnf,110,1100,110,10.0,3,3,3.0,3:1100,True,13.5
ms_random/ms_random/abrame-habet/max3sat/110v,s3v110c1100-5.cnf,d47b0ea2ecbd977d51b5d2e8780cc739f0bc276001101083247b2c1d7b657454,cnf,110,1100,110,10.0,3,3,3.0,3:1100,True,13.5
ms_random/ms_random/abrame-habet/max3sat/110v,s3v110c1100-6.cnf,a52b582461dffa1d4aae69a9f890e3c6f9ea1cb84631c9e18b38daef214a5371,cnf,110,1100,110,10.0,3,3,3.0,3:1100,True,13.5
ms_random/ms_random/abrame-habet/max3sat/110v,s3v110c1100-7.cnf,ca24bad0af0b91fd4b2c6b5090b82902770b044c3933704d75c87cbe004fea0d,cnf,110,1100,110,10.0,3,3,3.0,3:1100,True,13.5
ms_random/ms_random/abrame-habet/max3sat/110v,s3v110c1100-8.cnf,a379ee7c9ba0dd2cd13d3fcd585533b548208a02b077a41be2285567a837956d,cnf,110,1100,110,10.0,3,3,3.0,3:1100,True,13.5
ms_random/ms_random/abrame-habet/max3sat/110v,s3v110c1100-9.cnf,21e05438b9babd0c34175d6a0b3f95f0a7a617383fee66f86a1eccf5d96fe6ce,cnf,110,1100,110,10.0,3,3,3.0,3:1100,True,13.6
ms_random/ms_random/abrame-habet/max3sat/110v,s3v110c700-1.cnf,c0fe9dc7ed38c352743b2c31a37ae5d23326edb62cfc2b4ed73661fbcb7c5eb6,cnf,110,700,110,6.364,3,3,3.0,3:700,True,8.6
ms_random/ms_random/abrame-habet/max3sat/110v,s3v110c700-10.cnf,ae9d84b8ddb5d814792dd9c1f08b8c0881661ee63e216628ec6ce0379f1fcaa8,cnf,110,700,110,6.364,3,3,3.0,3:700,True,8.6
ms_random/ms_random/abrame-habet/max3sat/110v,s3v110c700-2.cnf,08e22ba20f21a23c9d86b7c9140aa7e89c74c387c93908d06be42f08480fda4b,cnf,110,700,110,6.364,3,3,3.0,3:700,True,8.7
ms_random/ms_random/abrame-habet/max3sat/110v,s3v110c700-3.cnf,610a38472ee19b4dcf60564cd2571480731a2fd970b6651a72609993f7b0f07b,cnf,110,700,110,6.364,3,3,3.0,3:700,True,8.6
ms_random/ms_random/abrame-habet/max3sat/110v,s3v110c700-4.cnf,9f447d4311dc2fab7281e385276c5dfb4294a91552b6bafb47946e78942c1ab1,cnf,110,700,110,6.364,3,3,3.0,3:700,True,8.6
ms_random/ms_random/abrame-habet/max3sat/110v,s3v110c700-5.cnf,ed3d35a707802bf4db0d7c9d464fe4302a2ee7db56ffdabb4804c17671389c63,cnf,110,700,110,6.364,3,3,3.0,3:700,True,8.6
ms_random/ms_random/abrame-habet/max3sat/110v,s3v110c700-6.cnf,7def3a38cda700492e16001de07cdbcabd5f6908eafbe6294fe38fb374f2456d,cnf,110,700,110,6.364,3,3,3.0,3:700,True,8.7
ms_random/ms_random/abrame-habet/max3sat/110v,s3v110c700-7.cnf,c46261fb97e80b1a112509c8cf640035e183c3f73c738617b0397d75dd949bbf,cnf,110,700,110,6.364,3,3,3.0,3:700,True,8.6
ms_random/ms_random/abrame-habet/max3sat/110v,s3v110c700-8.cnf,07ae8940ae98fd69236c8253f914ef5340fba215b19eebd4700edd10d02174e4,cnf,110,700,110,6.364,3,3,3.0,3:700,True,8.6
ms_random/ms_random/abrame-habet/max3sat/110v,s3v110c700-9.cnf,589d23e8d1b0584b023778efc3fa1de30aa1258cbffe4b15e526ef0d0b2f086e,cnf,110,700,110,6.364,3,3,3.0,3:700,True,8.7
ms_random/ms_random/abrame-habet/max3sat/110v,s3v110c800-1.cnf,2bbb8972f57f674802332ef42e7fa6649d74bdb3fff146d2a47fa4a6564c0d8b,cnf,110,800,110,7.273,3,3,3.0,3:800,True,9.9
ms_random/ms_random/abrame-habet/max3sat/110v,s3v110c800-10.cnf,511561fa2a99b7c769bafae34aa2d817263283b6327ab84a783f39161a51e533,cnf,110,800,110,7.273,3,3,3.0,3:800,True,9.8
ms_random/ms_random/abrame-habet/max3sat/110v,s3v110c800-2.cnf,0df5f406e3eff84e6e64eb5c9a4da48a05320b61565c797057fd8941a5e902b6,cnf,110,800,110,7.273,3,3,3.0,3:800,True,9.9
ms_random/ms_random/abrame-habet/max3sat/110v,s3v110c800-3.cnf,37e4433eaf04c972d317b7755fa3f9197be54774e922192890ee43a9ec4f5e28,cnf,110,800,110,7.273,3,3,3.0,3:800,True,9.9
ms_random/ms_random/abrame-habet/max3sat/110v,s3v110c800-4.cnf,20f57fb6105a0e5f67d3be1471c891d5109c897958df6360d993824e456fa0bf,cnf,110,800,110,7.273,3,3,3.0,3:800,True,9.8
ms_random/ms_random/abrame-habet/max3sat/110v,s3v110c800-5.cnf,cfd290660d2cb37401eb58754dae1da9ab61bcf27cd94279443de6d8d37a9cde,cnf,110,800,110,7.273,3,3,3.0,3:800,True,9.9
ms_random/ms_random/abrame-habet/max3sat/110v,s3v110c800-6.cnf,80de88876b1186b6ca08afcf4b48944d0f8cddd60e74bc868a090a769613f71c,cnf,110,800,110,7.273,3,3,3.0,3:800,True,9.9
ms_random/ms_random/abrame-habet/max3sat/110v,s3v110c800-7.cnf,4314d7c922ed0d8ed3ddda3fc3178825fa23cd3b4d68b0ada0e8e7ddc4bbf9f1,cnf,110,800,110,7.273,3,3,3.0,3:800,True,9.8
ms_random/ms_random/abrame-habet/max3sat/110v,s3v110c800-8.cnf,37c55061d14296e6fcbb9345b9110957cd2cd03c2e398f076f724138a037d5b1,cnf,110,800,110,7.273,3,3,3.0,3:800,True,9.8
ms_random/ms_random/abrame-habet/max3sat/110v,s3v110c800-9.cnf,6c2bc7d143d852d2bb6165b92d10c3a55f1357eb2d43917c6d0da49aee5281a3,cnf,110,800,110,7.273,3,3,3.0,3:800,True,9.9
ms_random/ms_random/abrame-habet/max3sat/110v,s3v110c900-1.cnf,32a8ae9d5cb9d3982609a3feddff8ad80287e1ed6a5703105ecf5571d34ae104,cnf,110,900,110,8.182,3,3,3.0,3:900,True,11.1
ms_random/ms_random/abrame-habet/max3sat/110v,s3v110c900-10.cnf,3fb7d06f1438dfd5db1af59953246618543eab2b8c06c6c966ff6eea2c8e4206,cnf,110,900,110,8.182,3,3,3.0,3:900,True,11.1
ms_random/ms_random/abrame-habet/max3sat/110v,s3v110c900-2.cnf,0ff2e61e7889f85e6b51cd8f0d81af6c7d912c85b91bf357f026db30e60dd35a,cnf,110,900,110,8.182,3,3,3.0,3:900,True,11.1
ms_random/ms_random/abrame-habet/max3sat/110v,s3v110c900-3.cnf,e1a98c85fbec48bbabedb3313365ba7849e3c4f7f55bf6db8b18c9cfb301a1b0,cnf,110,900,110,8.182,3,3,3.0,3:900,True,11.1
ms_random/ms_random/abrame-habet/max3sat/110v,s3v110c900-4.cnf,d60079e69b27bea9edb3a97dad1c5aa7a9d7d9e4ecb52cbb34b2efa9dda69f83,cnf,110,900,110,8.182,3,3,3.0,3:900,True,11.1
ms_random/ms_random/abrame-habet/max3sat/110v,s3v110c900-5.cnf,70503bb1ed72e88e5c688f2f6a50f921589960cda5d217feb93f728e98e32950,cnf,110,900,110,8.182,3,3,3.0,3:900,True,11.1
ms_random/ms_random/abrame-habet/max3sat/110v,s3v110c900-6.cnf,4cbf5924ecdb7e7ac30a08fa0efed1c099e7aaa8632e2f96c95360e82bc6e27c,cnf,110,900,110,8.182,3,3,3.0,3:900,True,11.1
ms_random/ms_random/abrame-habet/max3sat/110v,s3v110c900-7.cnf,c9453b40c6d3daea20e8faa764e696edb10278fc81ee52b0344090d630c53039,cnf,110,900,110,8.182,3,3,3.0,3:900,True,11.1
ms_random/ms_random/abrame-habet/max3sat/110v,s3v110c900-8.cnf,05c6215de75d84fb2031e7371e06a83a4a55c8ab8ca6485a5fda7845037fe515,cnf,110,900,110,8.182,3,3,3.0,3:900,True,11.1
ms_random/ms_random/abrame-habet/max3sat/110v,s3v110c900-9.cnf,797935290cfcf7126f8294bb8f15d38e424848d27878c85f61e31b5d4cffc3da,cnf,110,900,110,8.182,3,3,3.0,3:900,True,11.1
ms_random/ms_random/abrame-habet/max3sat/70v,s3v70c1000-1.cnf,e1fb4e8a89a53071da8b0eab68aa97a9ffc22c238852ea8ee7e66028882be4bf,cnf,70,1000,70,14.286,3,3,3.0,3:1000,True,11.9
ms_random/ms_random/abrame-habet/max3sat/70v,s3v70c1000-2.cnf,62876a29c3963ee8cdc6f7fe99b3994b3babe57c622f529df8becc59eb09b61d,cnf,70,1000,70,14.286,3,3,3.0,3:1000,True,11.8
ms_random/ms_random/abrame-habet/max3sat/70v,s3v70c1000-3.cnf,2b0833578f22d5ba2e5f01fbe900586a6de3a186f309f686b35dabc4d870fcfb,cnf,70,1000,70,14.286,3,3,3.0,3:1000,True,11.8
ms_random/ms_random/abrame-habet/max3sat/70v,s3v70c1000-4.cnf,da018508e293156bd48f3cab3ee816fd8dee341d08c254e08fab1ad5ce44ae5a,cnf,70,1000,70,14.286,3,3,3.0,3:1000,True,11.9
ms_random/ms_random/abrame-habet/max3sat/70v,s3v70c1000-5.cnf,2fc6203393c435f437103bc6007466133deb4d187b24874b20b932a0e9e980a5,cnf,70,1000,70,14.286,3,3,3.0,3:1000,True,11.9
ms_random/ms_random/abrame-habet/max3sat/70v,s3v70c1100-1.cnf,8ecb7b1ec3957059595da3d2028d1b44f27f2ddab27a8a557e2b723bbea349a5,cnf,70,1100,70,15.714,3,3,3.0,3:1100,True,13.0
ms_random/ms_random/abrame-habet/max3sat/70v,s3v70c1100-2.cnf,7b5a9ce3ef899650b76f27cdae677f70c51ab3c7d5d12b6b43df2f262c5cd1ee,cnf,70,1100,70,15.714,3,3,3.0,3:1100,True,13.0
ms_random/ms_random/abrame-habet/max3sat/70v,s3v70c1100-3.cnf,1773470ffbbbe65728e3df6fedb246c99644bf5c35c1fcb1662f7b04b88ff980,cnf,70,1100,70,15.714,3,3,3.0,3:1100,True,13.0
ms_random/ms_random/abrame-habet/max3sat/70v,s3v70c1100-4.cnf,19ba417e8e0122a500c353de280e79849160cecacea4e92659540fc76b5fad55,cnf,70,1100,70,15.714,3,3,3.0,3:1100,True,13.1
ms_random/ms_random/abrame-habet/max3sat/70v,s3v70c1100-5.cnf,a2a8a5c2e97a0b49f3f922154f3fb7a729434327154742f18deb89ef40f96b8e,cnf,70,1100,70,15.714,3,3,3.0,3:1100,True,13.1
ms_random/ms_random/abrame-habet/max3sat/70v,s3v70c1200-1.cnf,4899346a7f0482b7a5e65eebc2ad1d017dd60d5a74c16823d43a3197577730b3,cnf,70,1200,70,17.143,3,3,3.0,3:1200,True,14.2
ms_random/ms_random/abrame-habet/max3sat/70v,s3v70c1200-2.cnf,d740a36f3bbbc2463a7deccf04941dba2e859caacda49beb82ac49b28276465e,cnf,70,1200,70,17.143,3,3,3.0,3:1200,True,14.2
ms_random/ms_random/abrame-habet/max3sat/70v,s3v70c1200-3.cnf,761412799283375fc3d500b66cc32b7d432723a1cf860eaa9ed3102a3907a881,cnf,70,1200,70,17.143,3,3,3.0,3:1200,True,14.2
ms_random/ms_random/abrame-habet/max3sat/70v,s3v70c1200-4.cnf,0a9ee87adbc981913de582adf2911b0da78f61104f7d6d4d5a4976d6f96ae67e,cnf,70,1200,70,17.143,3,3,3.0,3:1200,True,14.3
ms_random/ms_random/abrame-habet/max3sat/70v,s3v70c1200-5.cnf,f953706000fb215e8e95597a30a38be513b1505ba1fc046f0de0eb7103fee6ee,cnf,70,1200,70,17.143,3,3,3.0,3:1200,True,14.2
ms_random/ms_random/abrame-habet/max3sat/70v,s3v70c1300-1.cnf,bd1231f2bb706fc21d99486f3d7d81d112e0d95164b7ceae0d42460cdb9a0837,cnf,70,1300,70,18.571,3,3,3.0,3:1300,True,15.4
ms_random/ms_random/abrame-habet/max3sat/70v,s3v70c1300-2.cnf,8823d8896e0d962b63f75ff0566ff64a1d4a6e6762afe8dc3c4227bc749ff5cc,cnf,70,1300,70,18.571,3,3,3.0,3:1300,True,15.5
ms_random/ms_random/abrame-habet/max3sat/70v,s3v70c1300-3.cnf,6804b4c2a2c12ddf27a349c97dbb53b08e4766b4c4df12c99b2862c0b27450cf,cnf,70,1300,70,18.571,3,3,3.0,3:1300,True,15.4
ms_random/ms_random/abrame-habet/max3sat/70v,s3v70c1300-4.cnf,c348d8477780edba071accfc7fb7e6c7b621bdfbabbabb0cd93e564c2132c9bd,cnf,70,1300,70,18.571,3,3,3.0,3:1300,True,15.5
ms_random/ms_random/abrame-habet/max3sat/70v,s3v70c1300-5.cnf,cdc68bebc3d4d45b557f9c779684794d1a09efbe181a74f8704a5f2d2c05d2d6,cnf,70,1300,70,18.571,3,3,3.0,3:1300,True,15.4
ms_random/ms_random/abrame-habet/max3sat/70v,s3v70c1400-1.cnf,4e43c4de4f48b26c4996d1ef8fa74b008cbdf3bb588f279bafa2caa076443e23,cnf,70,1400,70,20.0,3,3,3.0,3:1400,True,16.6
ms_random/ms_random/abrame-habet/max3sat/70v,s3v70c1400-2.cnf,b0b66ea16406d0f98f48ebbc13da59809e95da5ba0972b51ed59301b63b4fe20,cnf,70,1400,70,20.0,3,3,3.0,3:1400,True,16.7
ms_random/ms_random/abrame-habet/max3sat/70v,s3v70c1400-3.cnf,213369fe90f66d65097b4c5dcd8bf899bf9ba5d411d16006cffd5593bd3f9fe8,cnf,70,1400,70,20.0,3,3,3.0,3:1400,True,16.6
ms_random/ms_random/abrame-habet/max3sat/70v,s3v70c1400-4.cnf,39d5f5458d1e5fc3ac497d27db58b7b52350bbee4ad2e89d976a44e1eb3d5350,cnf,70,1400,70,20.0,3,3,3.0,3:1400,True,16.7
ms_random/ms_random/abrame-habet/max3sat/70v,s3v70c1400-5.cnf,294bc616b3f1ca1119ad5078d11e624114e8aa5e279e0cb5027caedde211a1a4,cnf,70,1400,70,20.0,3,3,3.0,3:1400,True,16.5
ms_random/ms_random/abrame-habet/max3sat/70v,s3v70c1500-1.cnf,3221cd2b3f5a6fafefdd4d49da8e6c39f5e43731b5b3036382f0f4cdc941af2e,cnf,70,1500,70,21.429,3,3,3.0,3:1500,True,17.8
ms_random/ms_random/abrame-habet/max3sat/70v,s3v70c1500-2.cnf,c599fb90be8f8783769c188961370213f5ed7ac851e721e092a1f33b40ee5bac,cnf,70,1500,70,21.429,3,3,3.0,3:1500,True,17.8
ms_random/ms_random/abrame-habet/max3sat/70v,s3v70c1500-3.cnf,ccf000f5f98694ef549dc1ad435d1e46c78957de36cadb3d6365f500c453be4a,cnf,70,1500,70,21.429,3,3,3.0,3:1500,True,17.8
ms_random/ms_random/abrame-habet/max3sat/70v,s3v70c1500-4.cnf,af1bdd055be72a99b5602a316f811d67b7b1550778448ac5dfcce76a5608c542,cnf,70,1500,70,21.429,3,3,3.0,3:1500,True,17.8
ms_random/ms_random/abrame-habet/max3sat/70v,s3v70c1500-5.cnf,ac62908dc992d46daec55d7d4ef5790a945be89ae9ba92f8d3cea6be213e77cb,cnf,70,1500,70,21.429,3,3,3.0,3:1500,True,17.8
ms_random/ms_random/abrame-habet/max3sat/70v,s3v70c700-1.cnf,cda77cd4cf7ab0498d76653cf5e43558dc280eead960f110b395fae0abf45fdd,cnf,70,700,70,10.0,3,3,3.0,3:700,True,8.3
ms_random/ms_random/abrame-habet/max3sat/70v,s3v70c700-2.cnf,2d73d55254f5b78637ea1cb1bdba2c3735fc0d843d8b05f84ca2e1c75b38065e,cnf,70,700,70,10.0,3,3,3.0,3:700,True,8.4
ms_random/ms_random/abrame-habet/max3sat/70v,s3v70c700-3.cnf,6e46c34e316ea858c685a6afd110fd683730e9b7da51f6f5854a28fba4856308,cnf,70,700,70,10.0,3,3,3.0,3:700,True,8.4
ms_random/ms_random/abrame-habet/max3sat/70v,s3v70c700-4.cnf,cc71e0cca2c34973168ab95fe1185273eec9a82d8af118cd01c0c7825b84fe65,cnf,70,700,70,10.0,3,3,3.0,3:700,True,8.3
ms_random/ms_random/abrame-habet/max3sat/70v,s3v70c700-5.cnf,c4ccaf8af76d21ed4ef0b5dcfb4d9904e022f166b1f07a4bba30f4fdd5dca221,cnf,70,700,70,10.0,3,3,3.0,3:700,True,8.4
ms_random/ms_random/abrame-habet/max3sat/70v,s3v70c800-1.cnf,d2bc029f0b4ee8deadc9f5ecd1916fe8d1b8ce247124547983e98116e3c6fec4,cnf,70,800,70,11.429,3,3,3.0,3:800,True,9.5
ms_random/ms_random/abrame-habet/max3sat/70v,s3v70c800-2.cnf,e0645308dc062e055836a449a1e5f70d3e01c6e451287ee655dbb6706e05d01a,cnf,70,800,70,11.429,3,3,3.0,3:800,True,9.5
ms_random/ms_random/abrame-habet/max3sat/70v,s3v70c800-3.cnf,3485e091fb3d847e3bbb268dddd59a220093982c6a933eb732b4ac2ee206f59f,cnf,70,800,70,11.429,3,3,3.0,3:800,True,9.5
ms_random/ms_random/abrame-habet/max3sat/70v,s3v70c800-4.cnf,b1f8b59c3edb39114793f019e817a992d0fb08c44b7dc32e39332d5c1ed456b7,cnf,70,800,70,11.429,3,3,3.0,3:800,True,9.4
ms_random/ms_random/abrame-habet/max3sat/70v,s3v70c800-5.cnf,0c11424ce6416990039179a78a4afb4cdbb9a14d1e0de5873a668c71edbc52cf,cnf,70,800,70,11.429,3,3,3.0,3:800,True,9.5
ms_random/ms_random/abrame-habet/max3sat/70v,s3v70c900-1.cnf,bded2f35e08e45a5e81ea65967be5e92f539ebbe555e38fe6aa7ebafb17002fb,cnf,70,900,70,12.857,3,3,3.0,3:900,True,10.7
ms_random/ms_random/abrame-habet/max3sat/70v,s3v70c900-2.cnf,5a96b3a8fc1cb9ab874f9bf2a193efdbc191553ec1da71c6e904aa8c1caff3cb,cnf,70,900,70,12.857,3,3,3.0,3:900,True,10.7
ms_random/ms_random/abrame-habet/max3sat/70v,s3v70c900-3.cnf,55dff026683a2236fb8abefccb23ec167c67e9a0fa61378a1b0105d1298fafd2,cnf,70,900,70,12.857,3,3,3.0,3:900,True,10.7
ms_random/ms_random/abrame-habet/max3sat/70v,s3v70c900-4.cnf,bad9efea1ea989a9053a3ab5bbd4aa6ef1aebcd3539e3f4980cebb3a40c51652,cnf,70,900,70,12.857,3,3,3.0,3:900,True,10.7
ms_random/ms_random/abrame-habet/max3sat/70v,s3v70c900-5.cnf,219a37c20a8c28e9f8acaaefbdaadfc567d119b4dce34b6ab10e3d52b1ce2263,cnf,70,900,70,12.857,3,3,3.0,3:900,True,10.7
ms_random/ms_random/abrame-habet/max3sat/90v,s3v90c1000-1.cnf,205cf8bb8bd9514e480cecdefa1928f3a08fce4850c5e5d3a9f43e1b4b0512bb,cnf,90,1000,90,11.111,3,3,3.0,3:1000,True,12.0
ms_random/ms_random/abrame-habet/max3sat/90v,s3v90c1000-2.cnf,28dcbca738412729fa50e56e0912e0ca0a4e7ee57d126cd7279a0c7796b6aed2,cnf,90,1000,90,11.111,3,3,3.0,3:1000,True,12.0
ms_random/ms_random/abrame-habet/max3sat/90v,s3v90c1000-3.cnf,ca9531d0e6a1fbb92025490b1840cfa29015f2058806223fe29398f39dfc4b0e,cnf,90,1000,90,11.111,3,3,3.0,3:1000,True,12.0
ms_random/ms_random/abrame-habet/max3sat/90v,s3v90c1000-4.cnf,303bb061118d9e7575db2385a52936149a67e1607282c70863860aee53cc5c54,cnf,90,1000,90,11.111,3,3,3.0,3:1000,True,12.0
ms_random/ms_random/abrame-habet/max3sat/90v,s3v90c1000-5.cnf,606296c4527e208a108b57b43a5defdbafa693fd572e67cfc45930878fa9d48a,cnf,90,1000,90,11.111,3,3,3.0,3:1000,True,11.9
ms_random/ms_random/abrame-habet/max3sat/90v,s3v90c1000-6.cnf,fbda3a6ff93493feaffeb9cdd6c8ae1501e3bc80ff4e4d759bc71631f466cda5,cnf,90,1000,90,11.111,3,3,3.0,3:1000,True,11.9
ms_random/ms_random/abrame-habet/max3sat/90v,s3v90c1000-7.cnf,b2316d21e06a8b4123aa823ba5db6e08349194a5bc34272874693d9502cfbf54,cnf,90,1000,90,11.111,3,3,3.0,3:1000,True,12.0
ms_random/ms_random/abrame-habet/max3sat/90v,s3v90c1100-1.cnf,e47f97e19c241f9a3bbe137b4f8f32e28d210c4e5393d4ddd1b586f5293c9bed,cnf,90,1100,90,12.222,3,3,3.0,3:1100,True,13.1
ms_random/ms_random/abrame-habet/max3sat/90v,s3v90c1100-2.cnf,a6eba08e60bbbf085a1fa1fb99f16e13a6d376469f62e1f756726386df30e72c,cnf,90,1100,90,12.222,3,3,3.0,3:1100,True,13.2
ms_random/ms_random/abrame-habet/max3sat/90v,s3v90c1100-3.cnf,36b1d80cb13517e269945e25033e4815da5e05bd037ad008e0b17c84fba094c3,cnf,90,1100,90,12.222,3,3,3.0,3:1100,True,13.1
ms_random/ms_random/abrame-habet/max3sat/90v,s3v90c1100-4.cnf,1058ee69729c092f7c08f3eed307fc2e21a269e887039a35b6398091ad903581,cnf,90,1100,90,12.222,3,3,3.0,3:1100,True,13.2
ms_random/ms_random/abrame-habet/max3sat/90v,s3v90c1100-5.cnf,84f64c40081b3e30fd26bd0df49af587da77394fdb2e3ed88968dff8c6b553b1,cnf,90,1100,90,12.222,3,3,3.0,3:1100,True,13.2
ms_random/ms_random/abrame-habet/max3sat/90v,s3v90c1100-6.cnf,9f871a35d0e0cb48af43d6b327a93482975ff912c276790d145edc220a6a3a7f,cnf,90,1100,90,12.222,3,3,3.0,3:1100,True,13.2
ms_random/ms_random/abrame-habet/max3sat/90v,s3v90c1100-7.cnf,7ef94824c0bd30a93d272cfd4d1f63c56dc8220e3c3a2f40edc59285771f960c,cnf,90,1100,90,12.222,3,3,3.0,3:1100,True,13.1
ms_random/ms_random/abrame-habet/max3sat/90v,s3v90c1200-1.cnf,a30142eaa15bfd5231eda3a26e423552f22088dfc269c4e2406811038d69c7c9,cnf,90,1200,90,13.333,3,3,3.0,3:1200,True,14.3
ms_random/ms_random/abrame-habet/max3sat/90v,s3v90c1200-2.cnf,0ce9dc0602d7a53dea117db67cde49f8b3fd97e6edc5b0a597ccd7836f029658,cnf,90,1200,90,13.333,3,3,3.0,3:1200,True,14.4
ms_random/ms_random/abrame-habet/max3sat/90v,s3v90c1200-3.cnf,04ce0545c2b1cd87645b255cf2985a7620dbe409b2ac26510cb0cda02ed813e3,cnf,90,1200,90,13.333,3,3,3.0,3:1200,True,14.4
ms_random/ms_random/abrame-habet/max3sat/90v,s3v90c1200-4.cnf,6e61945bcddb0257f431631c81a67fca2b76e94ac888a90007b7f5595e2a36e6,cnf,90,1200,90,13.333,3,3,3.0,3:1200,True,14.3
ms_random/ms_random/abrame-habet/max3sat/90v,s3v90c1200-5.cnf,fff7ec1831f1065ece89c7073aef5b87973d212a28461463c110d73dac6fca0b,cnf,90,1200,90,13.333,3,3,3.0,3:1200,True,14.4
ms_random/ms_random/abrame-habet/max3sat/90v,s3v90c1200-6.cnf,ddec9c2d009a7b49f96a67c6535cf61493d8de3192c6509bfa579efeefd0648d,cnf,90,1200,90,13.333,3,3,3.0,3:1200,True,14.3
ms_random/ms_random/abrame-habet/max3sat/90v,s3v90c1200-7.cnf,33183539e93fe90d7c8c8b48bba2e985a08bd1d33d6973cdcbc1d4c2c723f3e9,cnf,90,1200,90,13.333,3,3,3.0,3:1200,True,14.4
ms_random/ms_random/abrame-habet/max3sat/90v,s3v90c1300-1.cnf,aba3aac674782fe7abde3ec1eae17272f78ac27d1f9e55791e457bdbd463fa59,cnf,90,1300,90,14.444,3,3,3.0,3:1300,True,15.5
ms_random/ms_random/abrame-habet/max3sat/90v,s3v90c1300-2.cnf,d8c43bf03d62ef1f53c1ef4803af2ce8013eca3d08d18d9b8294b02f542bbb67,cnf,90,1300,90,14.444,3,3,3.0,3:1300,True,15.5
ms_random/ms_random/abrame-habet/max3sat/90v,s3v90c1300-3.cnf,1226610f138c5907de21dec7344c16d1918cfc96c143e3a7841c1b2b2ebadcdd,cnf,90,1300,90,14.444,3,3,3.0,3:1300,True,15.5
ms_random/ms_random/abrame-habet/max3sat/90v,s3v90c1300-4.cnf,2f935833f89efb108304bbc1f71bc39ec617304ce0e3c22ba8ef742af6f18b66,cnf,90,1300,90,14.444,3,3,3.0,3:1300,True,15.5
ms_random/ms_random/abrame-habet/max3sat/90v,s3v90c1300-5.cnf,835c9234bb31ffead0ffdfc233e9bce447a6822ff476e8605cf8e05ca84a067a,cnf,90,1300,90,14.444,3,3,3.0,3:1300,True,15.6
ms_random/ms_random/abrame-habet/max3sat/90v,s3v90c1300-6.cnf,33ff60d77997e8340b9aaad7d934bef39ed1232b552f19624f8bfd6595b0ab49,cnf,90,1300,90,14.444,3,3,3.0,3:1300,True,15.5
ms_random/ms_random/abrame-habet/max3sat/90v,s3v90c1300-7.cnf,9176041eea86c210afe3abfa775692b40239a91cb9f6d2ea4a194d1004ec6dc0,cnf,90,1300,90,14.444,3,3,3.0,3:1300,True,15.6
ms_random/ms_random/abrame-habet/max3sat/90v,s3v90c700-1.cnf,1822e2c8189642f6d7ed43ec2743256d82b2adabab60e0594f6ed2dc754d964c,cnf,90,700,90,7.778,3,3,3.0,3:700,True,8.4
ms_random/ms_random/abrame-habet/max3sat/90v,s3v90c700-2.cnf,37cfda71cc98fdb016fe71afbf7ba281e94f2dfbc2d146ef299395e0a2947d37,cnf,90,700,90,7.778,3,3,3.0,3:700,True,8.4
ms_random/ms_random/abrame-habet/max3sat/90v,s3v90c700-3.cnf,4f844bfd8f7dd47dbc9864650ed195b1da4263aae064c1a2a838fbff5f087b22,cnf,90,700,90,7.778,3,3,3.0,3:700,True,8.4
ms_random/ms_random/abrame-habet/max3sat/90v,s3v90c700-4.cnf,0f8b742b7d0b0c335e882af8ba24545f6b6a354b04c4a2d92b1a0a54a2c63788,cnf,90,700,90,7.778,3,3,3.0,3:700,True,8.4
ms_random/ms_random/abrame-habet/max3sat/90v,s3v90c700-5.cnf,d7eb5cd1506d2e27ac8a3fb4cfd9b5cfcff058f7c8321f13a5279178bc59355d,cnf,90,700,90,7.778,3,3,3.0,3:700,True,8.4
ms_random/ms_random/abrame-habet/max3sat/90v,s3v90c700-6.cnf,c462f6c72202c51baa75c95310fc77593cfd338b94cd386172b7a459899707e6,cnf,90,700,90,7.778,3,3,3.0,3:700,True,8.4
ms_random/ms_random/abrame-habet/max3sat/90v,s3v90c700-7.cnf,cfd1458f47939dcdf9cf20a889b781300e0c41ad09eb2571f4d5675e7b26e8b7,cnf,90,700,90,7.778,3,3,3.0,3:700,True,8.4
ms_random/ms_random/abrame-habet/max3sat/90v,s3v90c800-1.cnf,3a74cb5a8846af99708892f53fac141a26d613e470a84643d19bcc599f1c94cd,cnf,90,800,90,8.889,3,3,3.0,3:800,True,9.6
ms_random/ms_random/abrame-habet/max3sat/90v,s3v90c800-2.cnf,c48d814dd48bc27cd377ca548269aa717cde949550005c9d966c5117d7dcb1d8,cnf,90,800,90,8.889,3,3,3.0,3:800,True,9.6
ms_random/ms_random/abrame-habet/max3sat/90v,s3v90c800-3.cnf,8c053d28184705922f55cb28aad7845d7c72b134afe1a1647014c0dea88a4d7c,cnf,90,800,90,8.889,3,3,3.0,3:800,True,9.6
ms_random/ms_random/abrame-habet/max3sat/90v,s3v90c800-4.cnf,d5e60fc69d8a1895a4dc962e69cac01129935048ceb30023afb8f8002e3d9018,cnf,90,800,90,8.889,3,3,3.0,3:800,True,9.6
ms_random/ms_random/abrame-habet/max3sat/90v,s3v90c800-5.cnf,66b2354859fd1f453bcafbe49723761d062ee073174ef627c31be0eb4116facd,cnf,90,800,90,8.889,3,3,3.0,3:800,True,9.6
ms_random/ms_random/abrame-habet/max3sat/90v,s3v90c800-6.cnf,cf0d89bf1d402726e6fcab2a74a429e24184252ec4fd38a81b103d1d08ba1dd7,cnf,90,800,90,8.889,3,3,3.0,3:800,True,9.6
ms_random/ms_random/abrame-habet/max3sat/90v,s3v90c800-7.cnf,473804b0be94e9742c4b22ecc2cfd7a02e376bf13519132866b3d9f474fc4eae,cnf,90,800,90,8.889,3,3,3.0,3:800,True,9.6
ms_random/ms_random/abrame-habet/max3sat/90v,s3v90c900-1.cnf,1cb73593c60c369f1d566938235c7c14a23756fb78e8f4e1dde8ed2b43cb17c1,cnf,90,900,90,10.0,3,3,3.0,3:900,True,10.8
ms_random/ms_random/abrame-habet/max3sat/90v,s3v90c900-2.cnf,aef887e20521139ef52a213c620808e6409807b26ddb9ca37b3cd76f9c6a8939,cnf,90,900,90,10.0,3,3,3.0,3:900,True,10.8
ms_random/ms_random/abrame-habet/max3sat/90v,s3v90c900-3.cnf,5e89b5424f0e840cb2f03b79d0041349e2a948062dc99e6be4a07d6747ef7611,cnf,90,900,90,10.0,3,3,3.0,3:900,True,10.8
ms_random/ms_random/abrame-habet/max3sat/90v,s3v90c900-4.cnf,8f4fef92b9b94e7bc3dcebd00f2453c4f967c9ed9bcd46db824148f04dab38d8,cnf,90,900,90,10.0,3,3,3.0,3:900,True,10.8
ms_random/ms_random/abrame-habet/max3sat/90v,s3v90c900-5.cnf,f5d29643439e26663e017479a08d7e92545c6c4796524ac145e0d0a4648c333a,cnf,90,900,90,10.0,3,3,3.0,3:900,True,10.7
ms_random/ms_random/abrame-habet/max3sat/90v,s3v90c900-6.cnf,fc080f1468f0850adba1fde180092acbfe04ec08152b71d53a8c67d3cfb9d618,cnf,90,900,90,10.0,3,3,3.0,3:900,True,10.8
ms_random/ms_random/abrame-habet/max3sat/90v,s3v90c900-7.cnf,bd437d38dc2f5f15e6350fd87ee3781110f126e8514791cd67e312e50cc47daa,cnf,90,900,90,10.0,3,3,3.0,3:900,True,10.8
ms_random/ms_random/highgirth/3sat,HG-3SAT-V250-C1000-1.cnf,a32bc865ffb7e54080943b3a63977be3c1af8921a74efcd4fb319a6736b5bd04,cnf,250,1000,250,4.0,3,3,3.0,3:1000,True,13.9
ms_random/ms_random/highgirth/3sat,HG-3SAT-V250-C1000-10.cnf,4310aa453390da372a873f824a88390d55e53609d4300e95f28e341407761133,cnf,250,1000,250,4.0,3,3,3.0,3:1000,True,13.9
ms_random/ms_random/highgirth/3sat,HG-3SAT-V250-C1000-100.cnf,8cf55105073a60a5dc1bc555983d556ea28f9cb374d77b68ea71a5f452b8b150,cnf,250,1000,250,4.0,3,3,3.0,3:1000,True,13.9
ms_random/ms_random/highgirth/3sat,HG-3SAT-V250-C1000-11.cnf,a69b18f3099e9212eb8c6056cbdb1d6e50628028982903ae062554c5cc381840,cnf,250,1000,250,4.0,3,3,3.0,3:1000,True,13.9
ms_random/ms_random/highgirth/3sat,HG-3SAT-V250-C1000-12.cnf,bb29f830e540020478ec97b3d8e1dd1a1221e9ad22fe08aa065f6776016e2571,cnf,250,1000,250,4.0,3,3,3.0,3:1000,True,13.9
ms_random/ms_random/highgirth/3sat,HG-3SAT-V250-C1000-13.cnf,e49f83279ddd968b5c9569aad0ac4bf480591168536427d6650009757d4932e0,cnf,250,1000,250,4.0,3,3,3.0,3:1000,True,13.9
ms_random/ms_random/highgirth/3sat,HG-3SAT-V250-C1000-14.cnf,b31e27ba8821a2d1db60ab2feae0376c9a1ad3feb43f120a0b068474bea006ef,cnf,250,1000,250,4.0,3,3,3.0,3:1000,True,13.9
ms_random/ms_random/highgirth/3sat,HG-3SAT-V250-C1000-15.cnf,68a39013ae48d46d385a8cab8812f5d93d3061eb7ae5c79f0e28051fd785a5c4,cnf,250,1000,250,4.0,3,3,3.0,3:1000,True,13.9
ms_random/ms_random/highgirth/3sat,HG-3SAT-V250-C1000-16.cnf,770664541e35da471e7c6c67d644bde425c78bfb8de02831e31531fc99012df8,cnf,250,1000,250,4.0,3,3,3.0,3:1000,True,13.9
ms_random/ms_random/highgirth/3sat,HG-3SAT-V250-C1000-17.cnf,1407a70e49b4a6bdf715879054f18dc892556c278d35fecaf0bf8d5ee0e322e5,cnf,250,1000,250,4.0,3,3,3.0,3:1000,True,13.9
ms_random/ms_random/highgirth/3sat,HG-3SAT-V250-C1000-18.cnf,6adcd254d2325c5533bf76ae017da3a426aca217c3024b0b8b405ce4b93114e3,cnf,250,1000,250,4.0,3,3,3.0,3:1000,True,13.9
ms_random/ms_random/highgirth/3sat,HG-3SAT-V250-C1000-19.cnf,f4422baa623fb01347af04d085a0aaadac382d3f22c27819f6813304e4ece6dc,cnf,250,1000,250,4.0,3,3,3.0,3:1000,True,13.9
ms_random/ms_random/highgirth/3sat,HG-3SAT-V250-C1000-2.cnf,1ebb6148e0850425e52308a3654f2bf15ba55a0802bc1bf8d389cbfd4536ff73,cnf,250,1000,250,4.0,3,3,3.0,3:1000,True,13.9
ms_random/ms_random/highgirth/3sat,HG-3SAT-V250-C1000-20.cnf,8866034d7e2123c0055af0452d589391e85d94d6ca42379ef1adc0a6b6863c83,cnf,250,1000,250,4.0,3,3,3.0,3:1000,True,13.9
ms_random/ms_random/highgirth/3sat,HG-3SAT-V250-C1000-21.cnf,23dcadce14b9c01d2fee30ee37322c8399bc3982285337b420f62ee410b7e114,cnf,250,1000,250,4.0,3,3,3.0,3:1000,True,13.9
ms_random/ms_random/highgirth/3sat,HG-3SAT-V250-C1000-22.cnf,cc54f7e1fffbbc4d2064bb36035c2b8b9623037aa257f98046e79e7d3be33d1c,cnf,250,1000,250,4.0,3,3,3.0,3:1000,True,13.9
ms_random/ms_random/highgirth/3sat,HG-3SAT-V250-C1000-23.cnf,8c79c75275017b7a7437ba733eb240cc1225c3322cad9ee95464541f335f42ab,cnf,250,1000,250,4.0,3,3,3.0,3:1000,True,13.9
ms_random/ms_random/highgirth/3sat,HG-3SAT-V250-C1000-24.cnf,4da74b8afecdaa18d3d2d7e73ab751b86506c12662d2b55d471c47dcef648d30,cnf,250,1000,250,4.0,3,3,3.0,3:1000,True,13.9
ms_random/ms_random/highgirth/3sat,HG-3SAT-V250-C1000-3.cnf,fd1f1be5a60ec09b128762b2be5c681a413386b5d504d9f7f65c59dcab937c75,cnf,250,1000,250,4.0,3,3,3.0,3:1000,True,13.9
ms_random/ms_random/highgirth/3sat,HG-3SAT-V250-C1000-4.cnf,4fcc54e1a01b7062c1691070604396e03c596deb187a0410ac03d9ee529f48bc,cnf,250,1000,250,4.0,3,3,3.0,3:1000,True,13.9
ms_random/ms_random/highgirth/3sat,HG-3SAT-V250-C1000-5.cnf,a5270febefe7bf8c122e3a72a9ba81dc6f9144d09924a1ffc0de5626acf97735,cnf,250,1000,250,4.0,3,3,3.0,3:1000,True,13.9
ms_random/ms_random/highgirth/3sat,HG-3SAT-V250-C1000-6.cnf,b537a48a77146e84aa3c17c7bc5b04a8fa3e91e7e9e1ebf799ea6081009bf9bb,cnf,250,1000,250,4.0,3,3,3.0,3:1000,True,13.9
ms_random/ms_random/highgirth/3sat,HG-3SAT-V250-C1000-7.cnf,176f7173c96fbc53262834c35d5d43389fd523210377107901c24f004190286d,cnf,250,1000,250,4.0,3,3,3.0,3:1000,True,13.9
ms_random/ms_random/highgirth/3sat,HG-3SAT-V250-C1000-8.cnf,274ce18af5b9d4c546183879121293ddcdaac3c3a3554d58470a8ccf4f22cfed,cnf,250,1000,250,4.0,3,3,3.0,3:1000,True,13.9
ms_random/ms_random/highgirth/3sat,HG-3SAT-V250-C1000-9.cnf,6ec283d84fffec50f6c8ba116b84916fde589d4689759cf28b6870a213421d3c,cnf,250,1000,250,4.0,3,3,3.0,3:1000,True,13.9
ms_random/ms_random/highgirth/3sat,HG-3SAT-V300-C1200-1.cnf,85576a51dbcfe5fda894e18e1cf16adc9aff4e8b7bd039a0aa00e1adb5b0bee7,cnf,300,1200,300,4.0,3,3,3.0,3:1200,True,17.0
ms_random/ms_random/highgirth/3sat,HG-3SAT-V300-C1200-10.cnf,4b06dad362321ac8233dee3410b3c26a1d916be94227c13b3db8eec74f6cf0ab,cnf,300,1200,300,4.0,3,3,3.0,3:1200,True,17.0
ms_random/ms_random/highgirth/3sat,HG-3SAT-V300-C1200-100.cnf,3e4aa53878568fab7151c38472e2979d487c01d27d8454779c6a8c4932deecec,cnf,300,1200,300,4.0,3,3,3.0,3:1200,True,17.0
ms_random/ms_random/highgirth/3sat,HG-3SAT-V300-C1200-11.cnf,93165086886ffae943b3a231fc6a030f27c08b8b982272a212ccfb7af78eab24,cnf,300,1200,300,4.0,3,3,3.0,3:1200,True,17.0
ms_random/ms_random/highgirth/3sat,HG-3SAT-V300-C1200-12.cnf,6fe3a807f5d9cb9f53cced08a01af93d18719205c57f32c750d775a99b126c22,cnf,300,1200,300,4.0,3,3,3.0,3:1200,True,17.0
ms_random/ms_random/highgirth/3sat,HG-3SAT-V300-C1200-13.cnf,fab0a8049b4a21ca629d364c25334237d1d506be41973088d481be725b233ba9,cnf,300,1200,300,4.0,3,3,3.0,3:1200,True,17.0
ms_random/ms_random/highgirth/3sat,HG-3SAT-V300-C1200-14.cnf,0917607f62b4206e6107c5619be7aac24f916749f94098469ce42e98a0f6a3bf,cnf,300,1200,300,4.0,3,3,3.0,3:1200,True,17.0
ms_random/ms_random/highgirth/3sat,HG-3SAT-V300-C1200-15.cnf,c6304442f37e3404ca12703db25a6307c35fdb7544bf67c2b823cc541f780620,cnf,300,1200,300,4.0,3,3,3.0,3:1200,True,17.0
ms_random/ms_random/highgirth/3sat,HG-3SAT-V300-C1200-16.cnf,d4335a39501184edc55ca68e2440da04b31eb80a1baa36ab68e48949269cf95e,cnf,300,1200,300,4.0,3,3,3.0,3:1200,True,17.0
ms_random/ms_random/highgirth/3sat,HG-3SAT-V300-C1200-17.cnf,3629080f9ec0f3dbb286289f6dd3609133f4dc391e19ab7867de3101d9ddb756,cnf,300,1200,300,4.0,3,3,3.0,3:1200,True,17.0
ms_random/ms_random/highgirth/3sat,HG-3SAT-V300-C1200-18.cnf,70d337d368f509cff9979207487ce8765904e156017c8c0babfec76ae1670323,cnf,300,1200,300,4.0,3,3,3.0,3:1200,True,17.0
ms_random/ms_random/highgirth/3sat,HG-3SAT-V300-C1200-19.cnf,b4d0ed67e3e657ab2cd7e994f9f5c338d4892cefd7ddf15e97624597c791a89f,cnf,300,1200,300,4.0,3,3,3.0,3:1200,True,17.0
ms_random/ms_random/highgirth/3sat,HG-3SAT-V300-C1200-2.cnf,720e533d313e63495be5fa78d649c4816ace5749a6d24a1943e7f5f129bcaa9d,cnf,300,1200,300,4.0,3,3,3.0,3:1200,True,17.0
ms_random/ms_random/highgirth/3sat,HG-3SAT-V300-C1200-20.cnf,0f28c17f2dcc23ee17a449cbbaa867369cb8ec440ea2cb592a3532f65d8ddc61,cnf,300,1200,300,4.0,3,3,3.0,3:1200,True,17.0
ms_random/ms_random/highgirth/3sat,HG-3SAT-V300-C1200-21.cnf,7a8bb2cbb0eb97b54078661055999ef5f97d193e733a84edb34dcb642959a49a,cnf,300,1200,300,4.0,3,3,3.0,3:1200,True,17.0
ms_random/ms_random/highgirth/3sat,HG-3SAT-V300-C1200-22.cnf,9559bc0c39392135c5ede052052e91f8b249688e46d9540331747dadac7479c7,cnf,300,1200,300,4.0,3,3,3.0,3:1200,True,17.0
ms_random/ms_random/highgirth/3sat,HG-3SAT-V300-C1200-23.cnf,280443f00499ba5106ecf73537ba99606e85387438faa8302abe0faccf2a11e1,cnf,300,1200,300,4.0,3,3,3.0,3:1200,True,17.0
ms_random/ms_random/highgirth/3sat,HG-3SAT-V300-C1200-24.cnf,81db0754a534e66d56f36e21bd46159e42b66be40f68c5f6f6b58d8d1e531549,cnf,300,1200,300,4.0,3,3,3.0,3:1200,True,17.0
ms_random/ms_random/highgirth/3sat,HG-3SAT-V300-C1200-3.cnf,7b6811c2a978f8302343f5c42e62a4894c129974e713ef0407046362712dc39e,cnf,300,1200,300,4.0,3,3,3.0,3:1200,True,17.0
ms_random/ms_random/highgirth/3sat,HG-3SAT-V300-C1200-4.cnf,b57e9efbacd1a10f30998cb66bcdf890f6597427b8f070c3fa09ffce6e25ce17,cnf,300,1200,300,4.0,3,3,3.0,3:1200,True,17.0
ms_random/ms_random/highgirth/3sat,HG-3SAT-V300-C1200-5.cnf,3fe9b9461f0e288e4330025f1ee7aef76563096a49a3ae74a792e06abe9aea2a,cnf,300,1200,300,4.0,3,3,3.0,3:1200,True,17.0
ms_random/ms_random/highgirth/3sat,HG-3SAT-V300-C1200-6.cnf,527caa7d03fefa09a05116248ee9e1cc0c1db1f5a5c3db5ea4628cda1618510a,cnf,300,1200,300,4.0,3,3,3.0,3:1200,True,17.0
ms_random/ms_random/highgirth/3sat,HG-3SAT-V300-C1200-7.cnf,1ed806f37cc9a37379ee8206443f8e7d6066d45c97f981622fb1662e68b63fae,cnf,300,1200,300,4.0,3,3,3.0,3:1200,True,17.0
ms_random/ms_random/highgirth/3sat,HG-3SAT-V300-C1200-8.cnf,656bf4fe70b74286030ad474afa0ef17d3ca2e1b1d5454d1e63ae8378846ec47,cnf,300,1200,300,4.0,3,3,3.0,3:1200,True,17.0
ms_random/ms_random/highgirth/3sat,HG-3SAT-V300-C1200-9.cnf,ee34ae792e9a18d72adb37d4d1243c200565aed0dcef417ec12c4bd9ca47d67a,cnf,300,1200,300,4.0,3,3,3.0,3:1200,True,17.0
ms_random/ms_random/highgirth/4sat,HG-4SAT-V100-C900-14.cnf,a2a2398970456c02edf1a31a1196c6f826e14ad88bd7c50596600bd2f785ac91,cnf,100,900,100,9.0,4,4,4.0,4:900,True,13.9
ms_random/ms_random/highgirth/4sat,HG-4SAT-V100-C900-19.cnf,eb547bdf04497bc282d6fa7597c57caf150d63fbf980c7d34f964bf0a7fe9215,cnf,100,900,100,9.0,4,4,4.0,4:900,True,13.9
ms_random/ms_random/highgirth/4sat,HG-4SAT-V100-C900-2.cnf,42395704b36b6c511ddd10de29cc5f2c9de64a16c92936777436b802a84cc291,cnf,100,900,100,9.0,4,4,4.0,4:900,True,13.9
ms_random/ms_random/highgirth/4sat,HG-4SAT-V100-C900-20.cnf,74d70b679ccd54418d694eda7338763f1a2c93c04a8bbc99df81049b1d8bedb6,cnf,100,900,100,9.0,4,4,4.0,4:900,True,13.9
ms_random/ms_random/highgirth/4sat,HG-4SAT-V100-C900-23.cnf,f2c4d68a60ed9edce6c1986b75a69188faa71a1bae34a151a327bd25b3047a4a,cnf,100,900,100,9.0,4,4,4.0,4:900,True,13.9
ms_random/ms_random/highgirth/4sat,HG-4SAT-V100-C900-4.cnf,dfcf77ad853dbe2b0b0d8690df2135fd86ec6e6a626df7e12bab66cfdf45fa4f,cnf,100,900,100,9.0,4,4,4.0,4:900,True,13.9
ms_random/ms_random/highgirth/4sat,HG-4SAT-V100-C900-7.cnf,39a0c187d7db3721a80ee7b90531345bf8673503911501793c38d9ed9dfa8cda,cnf,100,900,100,9.0,4,4,4.0,4:900,True,13.9
ms_random/ms_random/highgirth/4sat,HG-4SAT-V150-C1350-1.cnf,a996403fe2532d40ef5dadbebbd9a12a571153d66a0683be63c4b0bc54c4567a,cnf,150,1350,150,9.0,4,4,4.0,4:1350,True,22.6
ms_random/ms_random/highgirth/4sat,HG-4SAT-V150-C1350-10.cnf,2fddde81461adcf1a67fe2461b88c063fac6b0bdc2fc3208fbdcb5e4be892945,cnf,150,1350,150,9.0,4,4,4.0,4:1350,True,22.6
ms_random/ms_random/highgirth/4sat,HG-4SAT-V150-C1350-100.cnf,858a46c903178299e5f7667029285f1e6284a33e9055afe2fd30f31f177a0c90,cnf,150,1350,150,9.0,4,4,4.0,4:1350,True,22.6
ms_random/ms_random/highgirth/4sat,HG-4SAT-V150-C1350-11.cnf,3de9c54cd3f5af296a1eb14b89f5e47a10ff92a5bc5359821621a8f543794a39,cnf,150,1350,150,9.0,4,4,4.0,4:1350,True,22.6
ms_random/ms_random/highgirth/4sat,HG-4SAT-V150-C1350-12.cnf,9ec603f0cb0530bb982825f806b7927eaf1b086aa4d00aaae6862a0509734b45,cnf,150,1350,150,9.0,4,4,4.0,4:1350,True,22.6
ms_random/ms_random/highgirth/4sat,HG-4SAT-V150-C1350-13.cnf,ca380d085937bfdd253a2bedb5c6605908f0c6a72cffcbdfe333788a77db7370,cnf,150,1350,150,9.0,4,4,4.0,4:1350,True,22.6
ms_random/ms_random/highgirth/4sat,HG-4SAT-V150-C1350-14.cnf,0f2d86b0ed715071bb59396cde270f890de6da1699e55425c3941ab457d4e48d,cnf,150,1350,150,9.0,4,4,4.0,4:1350,True,22.6
ms_random/ms_random/highgirth/4sat,HG-4SAT-V150-C1350-15.cnf,262e563dfbe7c22a734f3ef23c0f5da479957f5cfd401eac9990d43755b3282d,cnf,150,1350,150,9.0,4,4,4.0,4:1350,True,22.6
ms_random/ms_random/highgirth/4sat,HG-4SAT-V150-C1350-16.cnf,300bbe4eef5f7e248d8dec4a02f10dcc81c3851a1f2a62108de8eb7048204b84,cnf,150,1350,150,9.0,4,4,4.0,4:1350,True,22.6
ms_random/ms_random/highgirth/4sat,HG-4SAT-V150-C1350-17.cnf,2d441f0e7f2c1600fca172f2ae51c27d4ca0431ab7e29743fb120bfbedad9713,cnf,150,1350,150,9.0,4,4,4.0,4:1350,True,22.6
ms_random/ms_random/highgirth/4sat,HG-4SAT-V150-C1350-18.cnf,cbedac227124edde5ebabd8f0addf99c93b0daf878c0a612818ccdd3695322de,cnf,150,1350,150,9.0,4,4,4.0,4:1350,True,22.6
ms_random/ms_random/highgirth/4sat,HG-4SAT-V150-C1350-19.cnf,8c4e8f546cd23e613b3f6269afcb8163affb4820238a71e4853333cafe511a6f,cnf,150,1350,150,9.0,4,4,4.0,4:1350,True,22.6
ms_random/ms_random/highgirth/4sat,HG-4SAT-V150-C1350-2.cnf,3fa0c04911452cb9161851d13f2c1a5525f5917f62a0f57c188a5e57e652099d,cnf,150,1350,150,9.0,4,4,4.0,4:1350,True,22.7
ms_random/ms_random/highgirth/4sat,HG-4SAT-V150-C1350-20.cnf,74389ffea57ed11aa2808354e80d19b549ce71ddb2df6f536dab2f13007dea17,cnf,150,1350,150,9.0,4,4,4.0,4:1350,True,22.6
ms_random/ms_random/highgirth/4sat,HG-4SAT-V150-C1350-21.cnf,a75fe4b8ebc7b5c370e7773cf1ef9b55741126fb60185e80718cdb1fbd23a621,cnf,150,1350,150,9.0,4,4,4.0,4:1350,True,22.6
ms_random/ms_random/highgirth/4sat,HG-4SAT-V150-C1350-22.cnf,80172e6eaaf24ec153b3406148b37344f4f76af470afae3e9b88714551f68f25,cnf,150,1350,150,9.0,4,4,4.0,4:1350,True,22.6
ms_random/ms_random/highgirth/4sat,HG-4SAT-V150-C1350-23.cnf,33d50f4ce410183ed8446c92089f80d99e4406cf913128c6bea9547d9b0e113f,cnf,150,1350,150,9.0,4,4,4.0,4:1350,True,22.6
ms_random/ms_random/highgirth/4sat,HG-4SAT-V150-C1350-24.cnf,95adf0b3f5fd8c982b977b419a155f70c55bd1798acb79522912c25c8144a712,cnf,150,1350,150,9.0,4,4,4.0,4:1350,True,22.6
ms_random/ms_random/highgirth/4sat,HG-4SAT-V150-C1350-3.cnf,83bbca888ddf0e9e110ee6a9ee0c1d90c3b705be0ec3a4d7683ac7005c34aadc,cnf,150,1350,150,9.0,4,4,4.0,4:1350,True,22.6
ms_random/ms_random/highgirth/4sat,HG-4SAT-V150-C1350-4.cnf,4bf34e0f56edb9e777e33443f7f6a4ec617f5e13d54be3f035a794119028b7f7,cnf,150,1350,150,9.0,4,4,4.0,4:1350,True,22.6
ms_random/ms_random/highgirth/4sat,HG-4SAT-V150-C1350-5.cnf,23888b6e895e643d9a17c067f385c65e5f436924107e1ee14d0a714db953114d,cnf,150,1350,150,9.0,4,4,4.0,4:1350,True,22.6
ms_random/ms_random/highgirth/4sat,HG-4SAT-V150-C1350-6.cnf,2c8ab09c152b8788a589b23e9c4456838b457c18a1296ad61623529ec99c6f68,cnf,150,1350,150,9.0,4,4,4.0,4:1350,True,22.6
ms_random/ms_random/highgirth/4sat,HG-4SAT-V150-C1350-7.cnf,6b4cb6792fd0d80b3281e00ede4e2cad059f448b9a9a0005fffc021c6d713602,cnf,150,1350,150,9.0,4,4,4.0,4:1350,True,22.6
ms_random/ms_random/highgirth/4sat,HG-4SAT-V150-C1350-8.cnf,3664a0b2d96b5bd43cd164cec169e5d1bea20c13bbbf60499ad5d03e4546c1da,cnf,150,1350,150,9.0,4,4,4.0,4:1350,True,22.6
ms_random/ms_random/highgirth/4sat,HG-4SAT-V150-C1350-9.cnf,5a7ce713e9dfc8e406e7d726336a49b712224e037d4c885b2fdcc3514624d32b,cnf,150,1350,150,9.0,4,4,4.0,4:1350,True,22.6
